# WaveFront *.obj file (generated by Autodesk ATF)

o Screw

v 0.185420 -0.019696 -0.125463
v 0.185420 -0.001714 -0.130108
v 0.185420 0.016732 -0.132109
v 0.185420 0.035336 -0.131487
v 0.185420 0.053647 -0.128309
v 0.185420 0.071363 -0.122690
v 0.185420 0.088233 -0.114750
v 0.185420 0.118160 -0.092752
v 0.185420 0.141750 -0.063945
v 0.185420 0.157740 -0.030305
v 0.185420 0.165483 0.006224
v 0.185420 0.164771 0.043570
v 0.187864 0.153322 0.074433
v 0.190308 0.136153 0.102519
v 0.192751 0.113905 0.126781
v 0.195195 0.087409 0.146313
v 0.197639 0.057651 0.160387
v 0.200083 0.025743 0.168479
v 0.202526 -0.007125 0.170285
v 0.204970 -0.039728 0.165739
v 0.207414 -0.070848 0.155010
v 0.209858 -0.099326 0.138499
v 0.212301 -0.124099 0.116822
v 0.214745 -0.144242 0.090786
v 0.217189 -0.159004 0.061364
v 0.219633 -0.167835 0.029653
v 0.222076 -0.170405 -0.003165
v 0.224520 -0.166618 -0.035864
v 0.226964 -0.156616 -0.067226
v 0.229408 -0.140771 -0.096080
v 0.231851 -0.119675 -0.121349
v 0.234295 -0.094115 -0.142092
v 0.236739 -0.065043 -0.157534
v 0.239183 -0.033546 -0.167100
v 0.241626 -0.000797 -0.170432
v 0.244070 0.031982 -0.167406
v 0.246514 0.063567 -0.158136
v 0.248958 0.092781 -0.142966
v 0.251401 0.118535 -0.122463
v 0.253845 0.139866 -0.097392
v 0.256289 0.155980 -0.068688
v 0.258733 0.166275 -0.037421
v 0.261176 0.170368 -0.004759
v 0.263620 0.168105 0.028081
v 0.266064 0.159571 0.059874
v 0.268508 0.145084 0.089433
v 0.270952 0.125186 0.115656
v 0.273395 0.100617 0.137564
v 0.275839 0.072295 0.154341
v 0.278283 0.041276 0.165360
v 0.280727 0.008718 0.170211
v 0.283170 -0.024166 0.168712
v 0.285614 -0.056149 0.160920
v 0.288058 -0.086036 0.147124
v 0.290502 -0.112715 0.127840
v 0.292945 -0.135188 0.103788
v 0.295389 -0.152619 0.075863
v 0.297833 -0.164356 0.045109
v 0.300277 -0.169962 0.012672
v 0.302720 -0.169228 -0.020238
v 0.305164 -0.162181 -0.052393
v 0.307608 -0.149084 -0.082593
v 0.310052 -0.130426 -0.109712
v 0.312495 -0.106902 -0.132739
v 0.314939 -0.079391 -0.150814
v 0.317383 -0.048917 -0.163263
v 0.319827 -0.016619 -0.169622
v 0.322270 0.016299 -0.169653
v 0.324714 0.048608 -0.163355
v 0.327158 0.079105 -0.150964
v 0.329602 0.106651 -0.132941
v 0.332045 0.130218 -0.109959
v 0.334489 0.148928 -0.082875
v 0.336933 0.162082 -0.052699
v 0.339377 0.169190 -0.020558
v 0.341821 0.169986 0.012350
v 0.344264 0.164441 0.044798
v 0.346708 0.152762 0.075575
v 0.349152 0.135384 0.103532
v 0.351596 0.112956 0.127627
v 0.354039 0.086314 0.146961
v 0.356483 0.056453 0.160813
v 0.358927 0.024485 0.168666
v 0.361371 -0.008396 0.170227
v 0.363814 -0.040963 0.165438
v 0.366258 -0.072003 0.154478
v 0.368702 -0.100357 0.137754
v 0.371146 -0.124967 0.115893
v 0.373589 -0.144915 0.089707
v 0.376033 -0.159457 0.060176
v 0.378477 -0.168051 0.028399
v 0.380921 -0.170376 -0.004436
v 0.383364 -0.166346 -0.037107
v 0.385808 -0.156110 -0.068393
v 0.388252 -0.140050 -0.097127
v 0.390696 -0.118766 -0.122239
v 0.393139 -0.093052 -0.142790
v 0.395583 -0.063866 -0.158015
v 0.398027 -0.032298 -0.167346
v 0.400471 0.000475 -0.170433
v 0.402914 0.033230 -0.167163
v 0.405358 0.064745 -0.157657
v 0.407802 0.093846 -0.142270
v 0.410246 0.119445 -0.121576
v 0.412689 0.140589 -0.096346
v 0.415133 0.156488 -0.067522
v 0.417577 0.166550 -0.036180
v 0.420021 0.170398 -0.003487
v 0.422465 0.167890 0.029335
v 0.424908 0.159120 0.061063
v 0.427352 0.144413 0.090513
v 0.429796 0.124319 0.116587
v 0.432240 0.099588 0.138311
v 0.434683 0.071142 0.154876
v 0.437127 0.040041 0.165664
v 0.439571 0.007447 0.170271
v 0.442015 -0.025424 0.168527
v 0.444458 -0.057348 0.160496
v 0.446902 -0.087132 0.146478
v 0.449346 -0.113665 0.126996
v 0.451790 -0.135959 0.102776
v 0.454233 -0.153181 0.074723
v 0.456677 -0.164688 0.043882
v 0.459121 -0.170052 0.011404
v 0.461565 -0.169072 -0.021500
v 0.464008 -0.161786 -0.053601
v 0.466452 -0.148464 -0.083703
v 0.468896 -0.129604 -0.110682
v 0.471340 -0.105909 -0.133533
v 0.473783 -0.078263 -0.151402
v 0.476227 -0.047698 -0.163624
v 0.478671 -0.015353 -0.169741
v 0.481115 0.017564 -0.169527
v 0.483558 0.049826 -0.162988
v 0.486002 0.080229 -0.150370
v 0.488446 0.107640 -0.132142
v 0.490890 0.131035 -0.108984
v 0.493333 0.149542 -0.081761
v 0.495777 0.162471 -0.051489
v 0.498221 0.169338 -0.019295
v 0.500665 0.169889 0.013618
v 0.503109 0.164102 0.046024
v 0.505552 0.152194 0.076712
v 0.507996 0.134608 0.104539
v 0.510440 0.112001 0.128466
v 0.512884 0.085216 0.147601
v 0.515327 0.055251 0.161230
v 0.517771 0.023226 0.168844
v 0.520215 -0.009666 0.170160
v 0.522659 -0.042197 0.165128
v 0.525102 -0.073154 0.153936
v 0.527546 -0.101382 0.137002
v 0.529990 -0.125828 0.114957
v 0.532434 -0.145580 0.088624
v 0.534877 -0.159902 0.058984
v 0.537321 -0.168258 0.027145
v 0.539765 -0.170338 -0.005707
v 0.542209 -0.166064 -0.038347
v 0.544652 -0.155595 -0.069556
v 0.547096 -0.139321 -0.098170
v 0.549540 -0.117851 -0.123122
v 0.551984 -0.091984 -0.143481
v 0.554427 -0.062685 -0.158487
v 0.556871 -0.031049 -0.167582
v 0.559315 0.001746 -0.170425
v 0.561759 0.034476 -0.166911
v 0.564202 0.065920 -0.157170
v 0.566646 0.094904 -0.141566
v 0.569090 0.120349 -0.120681
v 0.571534 0.141304 -0.095294
v 0.573977 0.156987 -0.066353
v 0.576421 0.166815 -0.034936
v 0.578865 0.170420 -0.002216
v 0.581309 0.167667 0.030587
v 0.583753 0.158660 0.062248
v 0.586196 0.143734 0.091588
v 0.588640 0.123446 0.117511
v 0.591084 0.098553 0.139050
v 0.593528 0.069984 0.155403
v 0.595971 0.038804 0.165958
v 0.598415 0.006177 0.170322
v 0.600859 -0.026681 0.168333
v 0.603303 -0.058544 0.160064
v 0.605746 -0.088222 0.145824
v 0.608190 -0.114610 0.126144
v 0.610634 -0.136722 0.101759
v 0.613078 -0.153734 0.073578
v 0.615521 -0.165011 0.042652
v 0.617965 -0.170132 0.010134
v 0.620409 -0.168907 -0.022761
v 0.622853 -0.161381 -0.054807
v 0.625296 -0.147835 -0.084808
v 0.627740 -0.128774 -0.111646
v 0.630184 -0.104910 -0.134319
v 0.632628 -0.077131 -0.151982
v 0.635071 -0.046476 -0.163975
v 0.637515 -0.014086 -0.169851
v 0.639959 0.018828 -0.169391
v 0.642403 0.051041 -0.162612
v 0.644846 0.081349 -0.149767
v 0.647290 0.108623 -0.131335
v 0.649734 0.131844 -0.108004
v 0.652178 0.150148 -0.080643
v 0.654621 0.162850 -0.050275
v 0.657065 0.169478 -0.018031
v 0.659509 0.169783 0.014886
v 0.661953 0.163754 0.047247
v 0.664397 0.151617 0.077846
v 0.666840 0.133824 0.105540
v 0.669284 0.111039 0.129298
v 0.671728 0.084112 0.148233
v 0.674172 0.054047 0.161637
v 0.676615 0.021966 0.169013
v 0.679059 -0.010935 0.170083
v 0.681503 -0.043427 0.164808
v 0.683947 -0.074300 0.153386
v 0.686390 -0.102401 0.136242
v 0.688834 -0.126682 0.114015
v 0.691278 -0.146237 0.087535
v 0.693722 -0.160337 0.057790
v 0.696165 -0.168456 0.025889
v 0.698609 -0.170291 -0.006978
v 0.701053 -0.165773 -0.039585
v 0.703497 -0.155072 -0.070715
v 0.705940 -0.138585 -0.099206
v 0.708384 -0.116929 -0.123998
v 0.710828 -0.090911 -0.144163
v 0.713272 -0.061501 -0.158951
v 0.715715 -0.029798 -0.167809
v 0.718159 0.003018 -0.170407
v 0.720603 0.035720 -0.166649
v 0.723047 0.067091 -0.156674
v 0.725490 0.095958 -0.140854
v 0.727934 0.121246 -0.119780
v 0.730378 0.142011 -0.094237
v 0.732822 0.157478 -0.065180
v 0.735266 0.167071 -0.033690
v 0.737709 0.170431 -0.000944
v 0.740153 0.167434 0.031837
v 0.742597 0.158191 0.063431
v 0.745041 0.143046 0.092658
v 0.747484 0.122566 0.118429
v 0.749928 0.097513 0.139782
v 0.752372 0.068823 0.155920
v 0.754816 0.037565 0.166243
v 0.757259 0.004906 0.170363
v 0.759703 -0.027936 0.168129
v 0.762147 -0.059736 0.159622
v 0.764591 -0.089308 0.145162
v 0.767034 -0.115548 0.125286
v 0.769478 -0.137477 0.100736
v 0.771922 -0.154279 0.072428
v 0.774366 -0.165325 0.041419
v 0.776809 -0.170203 0.008865
v 0.779253 -0.168733 -0.024020
v 0.781697 -0.160968 -0.056009
v 0.784141 -0.147198 -0.085909
v 0.786584 -0.127938 -0.112604
v 0.789028 -0.103904 -0.135098
v 0.791472 -0.075995 -0.152553
v 0.793916 -0.045251 -0.164317
v 0.796359 -0.012819 -0.169951
v 0.798803 0.020092 -0.169246
v 0.801247 0.052253 -0.162226
v 0.803691 0.082464 -0.149156
v 0.806134 0.109600 -0.130521
v 0.808578 0.132647 -0.107017
v 0.811022 0.150745 -0.079521
v 0.811022 0.126023 -0.107444
v 0.811022 0.095637 -0.129067
v 0.811022 0.061141 -0.143004
v 0.811022 0.024280 -0.148262
v 0.811022 -0.012668 -0.144212
v 0.811022 -0.030432 -0.138658
v 0.811022 -0.047275 -0.130818
v 0.811022 -0.062941 -0.120752
v 0.811022 -0.077067 -0.108620
v 0.811022 -0.089342 -0.094609
v 0.811022 -0.099454 -0.078980
v 0.808578 -0.112782 -0.058388
v 0.806134 -0.121903 -0.035617
v 0.803691 -0.126477 -0.011518
v 0.801247 -0.126332 0.013010
v 0.798803 -0.121474 0.037053
v 0.796359 -0.112086 0.059715
v 0.793916 -0.098515 0.080148
v 0.791472 -0.081270 0.097592
v 0.789028 -0.060994 0.111395
v 0.786584 -0.038441 0.121042
v 0.784141 -0.014455 0.126175
v 0.781697 0.010070 0.126600
v 0.779253 0.034220 0.122303
v 0.776809 0.057093 0.113443
v 0.774366 0.077836 0.100352
v 0.771922 0.095676 0.083517
v 0.769478 0.109947 0.063567
v 0.767034 0.120116 0.041245
v 0.764591 0.125805 0.017384
v 0.762147 0.126800 -0.007124
v 0.759703 0.123065 -0.031367
v 0.757259 0.114740 -0.054440
v 0.754816 0.102134 -0.075482
v 0.752372 0.085718 -0.093709
v 0.749928 0.066105 -0.108439
v 0.747484 0.044026 -0.119125
v 0.745041 0.020304 -0.125366
v 0.742597 -0.004175 -0.126931
v 0.740153 -0.028498 -0.123761
v 0.737709 -0.051758 -0.115974
v 0.735266 -0.073088 -0.103861
v 0.732822 -0.091691 -0.087874
v 0.730378 -0.106873 -0.068608
v 0.727934 -0.118069 -0.046783
v 0.725490 -0.124861 -0.023213
v 0.723047 -0.126994 0.001223
v 0.720603 -0.124390 0.025614
v 0.718159 -0.117146 0.049049
v 0.715715 -0.105532 0.070654
v 0.713272 -0.089981 0.089623
v 0.710828 -0.071074 0.105250
v 0.708384 -0.049515 0.116950
v 0.705940 -0.026109 0.124287
v 0.703497 -0.001729 0.126988
v 0.701053 0.022715 0.124952
v 0.698609 0.046312 0.118255
v 0.696165 0.068182 0.107146
v 0.693722 0.087508 0.092040
v 0.691278 0.103569 0.073501
v 0.688834 0.115767 0.052220
v 0.686390 0.123647 0.028991
v 0.683947 0.126914 0.004681
v 0.681503 0.125446 -0.019804
v 0.679059 0.119299 -0.043551
v 0.676615 0.108702 -0.065672
v 0.674172 0.094050 -0.085344
v 0.671728 0.075889 -0.101833
v 0.669284 0.054897 -0.114522
v 0.666840 0.031858 -0.122939
v 0.664397 0.007630 -0.126771
v 0.661953 -0.016883 -0.125873
v 0.659509 -0.040766 -0.120279
v 0.657065 -0.063128 -0.110199
v 0.654622 -0.083135 -0.096008
v 0.652178 -0.100041 -0.078236
v 0.649734 -0.113215 -0.057545
v 0.647290 -0.122166 -0.034707
v 0.644846 -0.126559 -0.010574
v 0.642403 -0.126231 0.013952
v 0.639959 -0.121195 0.037959
v 0.637515 -0.111637 0.060549
v 0.635071 -0.097915 0.080881
v 0.632628 -0.080540 0.098195
v 0.630184 -0.060161 0.111847
v 0.627740 -0.037537 0.121326
v 0.625296 -0.013514 0.126279
v 0.622853 0.011014 0.126521
v 0.620409 0.035131 0.122044
v 0.617965 0.057938 0.113014
v 0.615521 0.078583 0.099768
v 0.613078 0.096297 0.082801
v 0.610634 0.110418 0.062744
v 0.608190 0.120420 0.040347
v 0.605746 0.125931 0.016445
v 0.603303 0.126743 -0.008070
v 0.600859 0.122828 -0.032285
v 0.598415 0.114331 -0.055295
v 0.595971 0.101568 -0.076242
v 0.593528 0.085017 -0.094346
v 0.591084 0.065294 -0.108930
v 0.588640 0.043136 -0.119450
v 0.586196 0.019368 -0.125514
v 0.583753 -0.005122 -0.126897
v 0.581309 -0.029421 -0.123545
v 0.578865 -0.052622 -0.115585
v 0.576421 -0.073861 -0.103313
v 0.573977 -0.092344 -0.087187
v 0.571534 -0.107382 -0.067809
v 0.569090 -0.118415 -0.045901
v 0.566646 -0.125030 -0.022281
v 0.564202 -0.126981 0.002171
v 0.561759 -0.124196 0.026541
v 0.559315 -0.116777 0.049921
v 0.556871 -0.105002 0.071439
v 0.554427 -0.089310 0.090292
v 0.551984 -0.070287 0.105777
v 0.549540 -0.048641 0.117316
v 0.547096 -0.025181 0.124479
v 0.544652 -0.000782 0.126998
v 0.542209 0.023647 0.124779
v 0.539765 0.047193 0.117906
v 0.537321 0.068979 0.106634
v 0.534877 0.088192 0.091385
v 0.532434 0.104115 0.072726
v 0.529990 0.116154 0.051355
v 0.527546 0.123860 0.028068
v 0.525102 0.126945 0.003734
v 0.522659 0.125295 -0.020740
v 0.520215 0.118971 -0.044440
v 0.517771 0.108209 -0.066482
v 0.515327 0.093410 -0.086044
v 0.512884 0.075127 -0.102396
v 0.510440 0.054041 -0.114928
v 0.507996 0.030939 -0.123174
v 0.505552 0.006684 -0.126824
v 0.503109 -0.017822 -0.125743
v 0.500665 -0.041662 -0.119972
v 0.498221 -0.063948 -0.109725
v 0.495777 -0.083849 -0.095385
v 0.493333 -0.100622 -0.077487
v 0.490890 -0.113641 -0.056698
v 0.488446 -0.122421 -0.033794
v 0.486002 -0.126634 -0.009630
v 0.483558 -0.126124 0.014894
v 0.481115 -0.120908 0.038862
v 0.478671 -0.111182 0.061380
v 0.476227 -0.097309 0.081609
v 0.473783 -0.079805 0.098793
v 0.471340 -0.059325 0.112292
v 0.468896 -0.036631 0.121603
v 0.466452 -0.012571 0.126376
v 0.464008 0.011958 0.126436
v 0.461565 0.036041 0.121779
v 0.459121 0.058779 0.112579
v 0.456677 0.079325 0.099179
v 0.454233 0.096912 0.082080
v 0.451790 0.110883 0.061919
v 0.449346 0.120718 0.039448
v 0.446902 0.126050 0.015505
v 0.444458 0.126680 -0.009016
v 0.442015 0.122584 -0.033200
v 0.439571 0.113915 -0.056146
v 0.437127 0.100996 -0.076998
v 0.434683 0.084311 -0.094977
v 0.432240 0.064480 -0.109414
v 0.429796 0.042243 -0.119769
v 0.427352 0.018431 -0.125655
v 0.424908 -0.006068 -0.126855
v 0.422465 -0.030342 -0.123322
v 0.420021 -0.053483 -0.115189
v 0.417577 -0.074630 -0.102759
v 0.415133 -0.092992 -0.086496
v 0.412689 -0.107885 -0.067006
v 0.410246 -0.118754 -0.045016
v 0.407802 -0.125193 -0.021347
v 0.405358 -0.126962 0.003118
v 0.402914 -0.123994 0.027467
v 0.400471 -0.116401 0.050791
v 0.398027 -0.104466 0.072221
v 0.395583 -0.088634 0.090956
v 0.393139 -0.069495 0.106299
v 0.390696 -0.047764 0.117676
v 0.388252 -0.024252 0.124663
v 0.385808 0.000166 0.127000
v 0.383364 0.024577 0.124599
v 0.380921 0.048072 0.117550
v 0.378477 0.069773 0.106117
v 0.376033 0.088871 0.090724
v 0.373589 0.104654 0.071948
v 0.371146 0.116534 0.050487
v 0.368702 0.124066 0.027143
v 0.366258 0.126969 0.002786
v 0.363814 0.125137 -0.021674
v 0.361371 0.118636 -0.045326
v 0.358927 0.107710 -0.067287
v 0.356483 0.092766 -0.086738
v 0.354039 0.074361 -0.102954
v 0.351596 0.053182 -0.115328
v 0.349152 0.030020 -0.123401
v 0.346708 0.005737 -0.126870
v 0.344264 -0.018759 -0.125607
v 0.341821 -0.042556 -0.119658
v 0.339377 -0.064765 -0.109245
v 0.336933 -0.084558 -0.094757
v 0.334489 -0.101197 -0.076734
v 0.332045 -0.114061 -0.055849
v 0.329602 -0.122670 -0.032880
v 0.327158 -0.126703 -0.008685
v 0.324714 -0.126009 0.015834
v 0.322270 -0.120615 0.039763
v 0.319827 -0.110721 0.062208
v 0.317383 -0.096697 0.082333
v 0.314939 -0.079066 0.099386
v 0.312495 -0.058485 0.112732
v 0.310052 -0.035723 0.121872
v 0.307608 -0.011628 0.126467
v 0.305164 0.012901 0.126343
v 0.302720 0.036949 0.121506
v 0.300277 0.059618 0.112137
v 0.297833 0.080063 0.098585
v 0.295389 0.097521 0.081355
v 0.292945 0.111342 0.061090
v 0.290502 0.121009 0.038546
v 0.288058 0.126162 0.014564
v 0.285614 0.126609 -0.009961
v 0.283170 0.122332 -0.034114
v 0.280727 0.113493 -0.056995
v 0.278283 0.100419 -0.077750
v 0.275839 0.083600 -0.095604
v 0.273395 0.063662 -0.109892
v 0.270952 0.041349 -0.120080
v 0.268508 0.017493 -0.125789
v 0.266064 -0.007015 -0.126806
v 0.263620 -0.031261 -0.123092
v 0.261176 -0.054341 -0.114787
v 0.258733 -0.075394 -0.102199
v 0.256289 -0.093635 -0.085799
v 0.253845 -0.108382 -0.066199
v 0.251401 -0.119087 -0.044129
v 0.248958 -0.125349 -0.020412
v 0.246514 -0.126935 0.004065
v 0.244070 -0.123786 0.028391
v 0.241626 -0.116019 0.051658
v 0.239183 -0.103924 0.072998
v 0.236739 -0.087953 0.091615
v 0.234295 -0.068700 0.106814
v 0.231851 -0.046885 0.118029
v 0.229408 -0.023321 0.124840
v 0.226964 0.001113 0.126995
v 0.224520 0.025506 0.124412
v 0.222076 0.048947 0.117189
v 0.219633 0.070563 0.105593
v 0.217189 0.089546 0.090059
v 0.214745 0.105188 0.071165
v 0.212301 0.116907 0.049616
v 0.209858 0.124265 0.026216
v 0.207414 0.126987 0.001839
v 0.204970 0.124972 -0.022607
v 0.202526 0.118295 -0.046210
v 0.200083 0.107205 -0.068089
v 0.197639 0.092116 -0.087428
v 0.195195 0.073591 -0.103506
v 0.192751 0.052320 -0.115722
v 0.190308 0.029098 -0.123622
v 0.187864 0.004790 -0.126910
v 0.811022 0.127356 -0.113262
v 0.811022 0.096577 -0.140430
v 0.811022 0.060194 -0.159451
v 0.811022 0.020318 -0.169219
v 0.811022 -0.020737 -0.169168
v 0.811022 -0.060589 -0.159301
v 0.811022 -0.096924 -0.140191
v 0.811022 -0.127636 -0.112946
v 0.811022 -0.150942 -0.079147
v 0.811022 -0.165489 -0.040756
v 0.811022 -0.170434 -0.000000
v 0.811022 -0.165489 0.040756
v 0.811022 -0.150942 0.079147
v 0.811022 -0.127636 0.112946
v 0.811022 -0.096924 0.140191
v 0.811022 -0.060589 0.159301
v 0.811022 -0.020737 0.169168
v 0.811022 0.020318 0.169219
v 0.811022 0.060194 0.159451
v 0.811022 0.096577 0.140430
v 0.811022 0.127356 0.113262
v 0.811022 0.150745 0.079521
v 0.811022 0.125979 0.107483
v 0.811022 0.095545 0.129117
v 0.811022 0.060998 0.143042
v 0.811022 0.024134 0.148264
v 0.811022 -0.012784 0.144185
v 0.811022 -0.030574 0.138603
v 0.811022 -0.047415 0.130740
v 0.811022 -0.063040 0.120678
v 0.811022 -0.077151 0.108538
v 0.811022 -0.089368 0.094575
v 0.811022 -0.099454 0.078980
v 0.811022 -0.114498 0.054947
v 0.811022 -0.123835 0.028176
v 0.811022 -0.127000 -0.000000
v 0.811022 -0.123835 -0.028176
v 0.811022 -0.114498 -0.054947
v 0.185420 -0.126664 -0.009235
v 0.185420 -0.121459 -0.037106
v 0.185420 -0.110200 -0.063127
v 0.185420 -0.093448 -0.086002
v 0.185420 -0.072039 -0.104591
v 0.185420 -0.047040 -0.117967
v 0.808578 -0.082416 0.096626
v 0.806134 -0.062304 0.110667
v 0.803691 -0.039867 0.120580
v 0.801247 -0.015943 0.125995
v 0.798803 0.008575 0.126710
v 0.796359 0.032774 0.122698
v 0.793916 0.055750 0.114109
v 0.791472 0.076647 0.101264
v 0.789028 0.094684 0.084640
v 0.786584 0.109189 0.064860
v 0.784141 0.119621 0.042659
v 0.781697 0.125591 0.018868
v 0.779253 0.126875 -0.005628
v 0.776809 0.123427 -0.029913
v 0.774366 0.115374 -0.053083
v 0.771922 0.103018 -0.074272
v 0.769478 0.086818 -0.092691
v 0.767034 0.067380 -0.107652
v 0.764591 0.045429 -0.118597
v 0.762147 0.021782 -0.125118
v 0.759703 -0.002677 -0.126972
v 0.757259 -0.027036 -0.124089
v 0.754816 -0.050386 -0.116577
v 0.752372 -0.071857 -0.104717
v 0.749928 -0.090648 -0.088950
v 0.747484 -0.106056 -0.069864
v 0.745041 -0.117509 -0.048173
v 0.742597 -0.124578 -0.024685
v 0.740153 -0.127000 -0.000276
v 0.737709 -0.124684 0.024144
v 0.735266 -0.117717 0.047663
v 0.732822 -0.106359 0.069404
v 0.730378 -0.091033 0.088555
v 0.727934 -0.072311 0.104404
v 0.725490 -0.050892 0.116357
v 0.723047 -0.027574 0.123970
v 0.720603 -0.003228 0.126959
v 0.718159 0.021239 0.125211
v 0.715715 0.044913 0.118793
v 0.713272 0.066912 0.107943
v 0.710828 0.086415 0.093067
v 0.708384 0.102695 0.074718
v 0.705940 0.115143 0.053583
v 0.703497 0.123296 0.030448
v 0.701053 0.126850 0.006178
v 0.698609 0.125671 -0.018323
v 0.696165 0.119805 -0.042140
v 0.693722 0.109469 -0.064385
v 0.691278 0.095050 -0.084229
v 0.688834 0.077085 -0.100930
v 0.686390 0.056245 -0.113866
v 0.683947 0.033306 -0.122555
v 0.681503 0.009125 -0.126672
v 0.679059 -0.015396 -0.126063
v 0.676615 -0.039344 -0.120752
v 0.674172 -0.061823 -0.110937
v 0.671728 -0.081996 -0.096983
v 0.669284 -0.099111 -0.079411
v 0.666840 -0.112528 -0.058877
v 0.664397 -0.121748 -0.036146
v 0.661953 -0.126425 -0.012067
v 0.659509 -0.126387 0.012462
v 0.657065 -0.121634 0.036526
v 0.654622 -0.112344 0.059228
v 0.652178 -0.098862 0.079720
v 0.649734 -0.081693 0.097238
v 0.647290 -0.061476 0.111129
v 0.644846 -0.038966 0.120874
v 0.642403 -0.015003 0.126111
v 0.639959 0.009520 0.126643
v 0.637515 0.033689 0.122450
v 0.635071 0.056600 0.113690
v 0.632628 0.077400 0.100689
v 0.630184 0.095313 0.083931
v 0.627740 0.109670 0.064043
v 0.625296 0.119936 0.041766
v 0.622853 0.125728 0.017930
v 0.620409 0.126830 -0.006574
v 0.617965 0.123200 -0.030833
v 0.615521 0.114975 -0.053942
v 0.613078 0.102461 -0.075039
v 0.610634 0.086124 -0.093336
v 0.608190 0.066575 -0.108152
v 0.605746 0.044542 -0.118933
v 0.603303 0.020848 -0.125277
v 0.600859 -0.003624 -0.126948
v 0.598415 -0.027961 -0.123884
v 0.595971 -0.051255 -0.116198
v 0.593528 -0.072636 -0.104177
v 0.591084 -0.091309 -0.088271
v 0.588640 -0.106575 -0.069071
v 0.586196 -0.117865 -0.047295
v 0.583753 -0.124759 -0.023755
v 0.581309 -0.126998 0.000672
v 0.578865 -0.124500 0.025074
v 0.576421 -0.117358 0.048540
v 0.573977 -0.105838 0.070195
v 0.571534 -0.090369 0.089232
v 0.569090 -0.071530 0.104940
v 0.566646 -0.050022 0.116734
v 0.564202 -0.026648 0.124173
v 0.561759 -0.002280 0.126980
v 0.559315 0.022173 0.125049
v 0.556871 0.045799 0.118455
v 0.554427 0.067716 0.107441
v 0.551984 0.087107 0.092419
v 0.549540 0.103249 0.073950
v 0.547096 0.115539 0.052722
v 0.544652 0.123520 0.029528
v 0.542209 0.126892 0.005231
v 0.539765 0.125531 -0.019260
v 0.537321 0.119487 -0.043033
v 0.534877 0.108986 -0.065200
v 0.532434 0.094419 -0.084935
v 0.529990 0.076330 -0.101502
v 0.527546 0.055394 -0.114283
v 0.525102 0.032391 -0.122800
v 0.522659 0.008180 -0.126736
v 0.520215 -0.016337 -0.125945
v 0.517771 -0.040243 -0.120455
v 0.515327 -0.062649 -0.110472
v 0.512884 -0.082718 -0.096368
v 0.510440 -0.099700 -0.078669
v 0.507996 -0.112964 -0.058035
v 0.505552 -0.122014 -0.035237
v 0.503109 -0.126512 -0.011124
v 0.500665 -0.126291 0.013404
v 0.498221 -0.121358 0.037432
v 0.495777 -0.111899 0.060064
v 0.493333 -0.098265 0.080455
v 0.490890 -0.080965 0.097845
v 0.488446 -0.060646 0.111585
v 0.486002 -0.038063 0.121162
v 0.483558 -0.014061 0.126219
v 0.481115 0.010465 0.126568
v 0.478671 0.034601 0.122196
v 0.476227 0.057447 0.113265
v 0.473783 0.078149 0.100109
v 0.471340 0.095936 0.083218
v 0.468896 0.110145 0.063223
v 0.466452 0.120244 0.040870
v 0.464008 0.125858 0.016992
v 0.461565 0.126777 -0.007520
v 0.459121 0.122967 -0.031751
v 0.456677 0.114569 -0.054798
v 0.454233 0.101898 -0.075801
v 0.451790 0.085426 -0.093976
v 0.449346 0.065766 -0.108645
v 0.446902 0.043654 -0.119262
v 0.444458 0.019913 -0.125429
v 0.442015 -0.004571 -0.126918
v 0.439571 -0.028884 -0.123672
v 0.437127 -0.052120 -0.115812
v 0.434683 -0.073412 -0.103633
v 0.432240 -0.091965 -0.087587
v 0.429796 -0.107087 -0.068274
v 0.427352 -0.118215 -0.046414
v 0.424908 -0.124932 -0.022823
v 0.422465 -0.126990 0.001620
v 0.420021 -0.124310 0.026002
v 0.417577 -0.116993 0.049414
v 0.415133 -0.105311 0.070983
v 0.412689 -0.089701 0.089904
v 0.410246 -0.070745 0.105471
v 0.407802 -0.049150 0.117104
v 0.405358 -0.025721 0.124368
v 0.402914 -0.001333 0.126993
v 0.400471 0.023105 0.124881
v 0.398027 0.046681 0.118110
v 0.395583 0.068516 0.106933
v 0.393139 0.087794 0.091767
v 0.390696 0.103798 0.073178
v 0.388252 0.115930 0.051859
v 0.385808 0.123737 0.028605
v 0.383364 0.126928 0.004285
v 0.380921 0.125384 -0.020196
v 0.378477 0.119163 -0.043923
v 0.376033 0.108496 -0.066011
v 0.373589 0.093783 -0.085637
v 0.371146 0.075571 -0.102069
v 0.368702 0.054539 -0.114693
v 0.366258 0.031474 -0.123038
v 0.363814 0.007234 -0.126794
v 0.361371 -0.017276 -0.125820
v 0.358927 -0.041141 -0.120152
v 0.356483 -0.063472 -0.110002
v 0.354039 -0.083434 -0.095748
v 0.351596 -0.100285 -0.077923
v 0.349152 -0.113394 -0.057191
v 0.346708 -0.122273 -0.034325
v 0.344264 -0.126591 -0.010179
v 0.341821 -0.126187 0.014346
v 0.339377 -0.121076 0.038337
v 0.336933 -0.111447 0.060897
v 0.334489 -0.097662 0.081186
v 0.332045 -0.080233 0.098446
v 0.329602 -0.059811 0.112034
v 0.327158 -0.037158 0.121442
v 0.324714 -0.013119 0.126321
v 0.322270 0.011409 0.126486
v 0.319827 0.035512 0.121934
v 0.317383 0.058290 0.112833
v 0.314939 0.078894 0.099523
v 0.312495 0.096555 0.082500
v 0.310052 0.110613 0.062399
v 0.307608 0.120546 0.039971
v 0.305164 0.125981 0.016052
v 0.302720 0.126718 -0.008466
v 0.300277 0.122727 -0.032668
v 0.297833 0.114157 -0.055652
v 0.295389 0.101330 -0.076559
v 0.292945 0.084722 -0.094611
v 0.290502 0.064954 -0.109133
v 0.288058 0.042763 -0.119584
v 0.285614 0.018976 -0.125574
v 0.283170 -0.005518 -0.126880
v 0.280727 -0.029806 -0.123453
v 0.278283 -0.052983 -0.115420
v 0.275839 -0.074183 -0.103082
v 0.273395 -0.092616 -0.086898
v 0.270952 -0.107594 -0.067473
v 0.268508 -0.118558 -0.045531
v 0.266064 -0.125099 -0.021890
v 0.263620 -0.126974 0.002567
v 0.261176 -0.124112 0.026929
v 0.258733 -0.116621 0.050286
v 0.256289 -0.104779 0.071767
v 0.253845 -0.089028 0.090571
v 0.251401 -0.069956 0.105996
v 0.248958 -0.048275 0.117467
v 0.246514 -0.024792 0.124557
v 0.244070 -0.000385 0.126999
v 0.241626 0.024036 0.124705
v 0.239183 0.047561 0.117758
v 0.236739 0.069312 0.106419
v 0.234295 0.088477 0.091109
v 0.231851 0.104341 0.072401
v 0.229408 0.116313 0.050992
v 0.226964 0.123947 0.027681
v 0.224520 0.126956 0.003337
v 0.222076 0.125230 -0.021131
v 0.219633 0.118832 -0.044811
v 0.217189 0.108001 -0.066819
v 0.214745 0.093141 -0.086335
v 0.212301 0.074807 -0.102630
v 0.209858 0.053682 -0.115097
v 0.207414 0.030555 -0.123270
v 0.204970 0.006288 -0.126844
v 0.202526 -0.018214 -0.125687
v 0.200083 -0.042036 -0.119841
v 0.197639 -0.064291 -0.109525
v 0.195195 -0.084146 -0.095123
v 0.192751 -0.100863 -0.077173
v 0.190308 -0.113818 -0.056343
v 0.187864 -0.122526 -0.033412
v 0.185420 0.057070 0.160595
v 0.185420 0.019970 0.164400
v 0.185420 -0.017031 0.159733
v 0.185420 -0.051851 0.146628
v 0.185420 -0.082535 0.125536
v 0.185420 -0.106980 0.097535
v 0.185420 -0.116289 0.081418
v 0.185420 -0.123373 0.064244
v 0.185420 -0.128084 0.046228
v 0.185420 -0.130263 0.027736
v 0.185420 -0.129807 0.009114
v 0.808578 0.163221 0.049058
v 0.806134 0.169607 0.016766
v 0.803691 0.169667 -0.016152
v 0.801247 0.163397 -0.048467
v 0.798803 0.151032 -0.078975
v 0.796359 0.133033 -0.106536
v 0.793916 0.110071 -0.130123
v 0.791472 0.083004 -0.148856
v 0.789028 0.052839 -0.162036
v 0.786584 0.020704 -0.169172
v 0.784141 -0.012204 -0.169997
v 0.781697 -0.044656 -0.164480
v 0.779253 -0.075443 -0.152827
v 0.776809 -0.103415 -0.135474
v 0.774366 -0.127529 -0.113066
v 0.771922 -0.146886 -0.086441
v 0.769478 -0.160764 -0.056592
v 0.767034 -0.168645 -0.024631
v 0.764591 -0.170234 0.008249
v 0.762147 -0.165473 0.040820
v 0.759703 -0.154540 0.071870
v 0.757259 -0.137841 0.100238
v 0.754816 -0.116000 0.124867
v 0.752372 -0.089833 0.144837
v 0.749928 -0.060314 0.159405
v 0.747484 -0.028545 0.168027
v 0.745041 0.004289 0.170380
v 0.742597 0.036963 0.166378
v 0.740153 0.068258 0.156169
v 0.737709 0.097006 0.140134
v 0.735266 0.122136 0.118872
v 0.732822 0.142710 0.093175
v 0.730378 0.157960 0.064003
v 0.727934 0.167318 0.032443
v 0.725490 0.170434 -0.000327
v 0.723047 0.167192 -0.033085
v 0.720603 0.157713 -0.064609
v 0.718159 0.142351 -0.093723
v 0.715715 0.121679 -0.119340
v 0.713272 0.096467 -0.140506
v 0.710828 0.067657 -0.156430
v 0.708384 0.036323 -0.166518
v 0.705940 0.003635 -0.170395
v 0.703497 -0.029190 -0.167916
v 0.701053 -0.060925 -0.159172
v 0.698609 -0.090388 -0.144491
v 0.696165 -0.116479 -0.124420
v 0.693722 -0.138225 -0.099707
v 0.691278 -0.154815 -0.071275
v 0.688834 -0.165629 -0.040184
v 0.686390 -0.170265 -0.007595
v 0.683947 -0.168549 0.025279
v 0.681503 -0.160546 0.057209
v 0.679059 -0.146553 0.087005
v 0.676615 -0.127094 0.113556
v 0.674172 -0.102894 0.135870
v 0.671728 -0.074855 0.153116
v 0.669284 -0.044024 0.164650
v 0.666840 -0.011550 0.170042
v 0.664397 0.021354 0.169091
v 0.661953 0.053461 0.161832
v 0.659509 0.083575 0.148536
v 0.657065 0.110570 0.129699
v 0.654622 0.133441 0.106024
v 0.652178 0.151335 0.078394
v 0.649734 0.163582 0.047839
v 0.647290 0.169728 0.015500
v 0.644846 0.169542 -0.017417
v 0.642403 0.163031 -0.049685
v 0.639959 0.150439 -0.080099
v 0.637515 0.132235 -0.107526
v 0.635071 0.109097 -0.130941
v 0.632628 0.081891 -0.149471
v 0.630184 0.051629 -0.162426
v 0.627740 0.019441 -0.169322
v 0.625296 -0.013472 -0.169901
v 0.622853 -0.045882 -0.164142
v 0.620409 -0.076581 -0.152260
v 0.617965 -0.104423 -0.134698
v 0.615521 -0.128369 -0.112112
v 0.613078 -0.147527 -0.085343
v 0.610634 -0.161182 -0.055391
v 0.608190 -0.168824 -0.023372
v 0.605746 -0.170168 0.009518
v 0.603303 -0.165164 0.042054
v 0.600859 -0.153999 0.073021
v 0.598415 -0.137089 0.101263
v 0.595971 -0.115066 0.125729
v 0.593528 -0.088749 0.145504
v 0.591084 -0.059123 0.159851
v 0.588640 -0.027290 0.168235
v 0.586196 0.005560 0.170343
v 0.583753 0.038203 0.166097
v 0.581309 0.069421 0.155655
v 0.578865 0.098049 0.139406
v 0.576421 0.123020 0.117957
v 0.573977 0.143401 0.092108
v 0.571534 0.158433 0.062822
v 0.569090 0.167555 0.031194
v 0.566646 0.170426 -0.001599
v 0.564202 0.166940 -0.034332
v 0.561759 0.157227 -0.065784
v 0.559315 0.141648 -0.094782
v 0.556871 0.120785 -0.120245
v 0.554427 0.095416 -0.141221
v 0.551984 0.066488 -0.156930
v 0.549540 0.035080 -0.166785
v 0.547096 0.002363 -0.170418
v 0.544652 -0.030442 -0.167693
v 0.542209 -0.062111 -0.158713
v 0.539765 -0.091464 -0.143813
v 0.537321 -0.117404 -0.123547
v 0.534877 -0.138965 -0.098673
v 0.532434 -0.155342 -0.070118
v 0.529990 -0.165924 -0.038948
v 0.527546 -0.170317 -0.006324
v 0.525102 -0.168356 0.026536
v 0.522659 -0.160114 0.058405
v 0.520215 -0.145900 0.088096
v 0.517771 -0.126243 0.114501
v 0.515327 -0.101877 0.136634
v 0.512884 -0.073710 0.153670
v 0.510440 -0.042794 0.164974
v 0.507996 -0.010281 0.170124
v 0.505552 0.022615 0.168927
v 0.503109 0.054667 0.161429
v 0.500665 0.084681 0.147908
v 0.498221 0.111535 0.128871
v 0.495777 0.134229 0.105026
v 0.493333 0.151915 0.077263
v 0.490890 0.163935 0.046617
v 0.488446 0.169839 0.014233
v 0.486002 0.169407 -0.018682
v 0.483558 0.162656 -0.050900
v 0.481115 0.149837 -0.081220
v 0.478671 0.131429 -0.108509
v 0.476227 0.108117 -0.131751
v 0.473783 0.080773 -0.150078
v 0.471340 0.050416 -0.162807
v 0.468896 0.018177 -0.169462
v 0.466452 -0.014739 -0.169796
v 0.464008 -0.047105 -0.163795
v 0.461565 -0.077715 -0.151684
v 0.459121 -0.105425 -0.133915
v 0.456677 -0.129202 -0.111151
v 0.454233 -0.148160 -0.084240
v 0.451790 -0.161591 -0.054187
v 0.449346 -0.168994 -0.022112
v 0.446902 -0.170092 0.010788
v 0.444458 -0.164846 0.043285
v 0.442015 -0.153450 0.074168
v 0.439571 -0.136330 0.102283
v 0.437127 -0.114124 0.126584
v 0.434683 -0.087661 0.146162
v 0.432240 -0.057928 0.160287
v 0.429796 -0.026034 0.168434
v 0.427352 0.006831 0.170297
v 0.424908 0.039441 0.165807
v 0.422465 0.070581 0.155133
v 0.420021 0.099087 0.138671
v 0.417577 0.123896 0.117036
v 0.415133 0.144084 0.091035
v 0.412689 0.158898 0.061639
v 0.410246 0.167783 0.029942
v 0.407802 0.170410 -0.002871
v 0.405358 0.166680 -0.035576
v 0.402914 0.156731 -0.066955
v 0.400471 0.140937 -0.095836
v 0.398027 0.119884 -0.121142
v 0.395583 0.094360 -0.141929
v 0.393139 0.065316 -0.157422
v 0.390696 0.033835 -0.167042
v 0.388252 0.001092 -0.170431
v 0.385808 -0.031692 -0.167461
v 0.383364 -0.063294 -0.158245
v 0.380921 -0.092534 -0.143126
v 0.378477 -0.118323 -0.122668
v 0.376033 -0.139698 -0.097634
v 0.373589 -0.155861 -0.068957
v 0.371146 -0.166210 -0.037708
v 0.368702 -0.170359 -0.005053
v 0.366258 -0.168153 0.027791
v 0.363814 -0.159674 0.059598
v 0.361371 -0.145239 0.089182
v 0.358927 -0.125385 0.115439
v 0.356483 -0.100855 0.137390
v 0.354039 -0.072562 0.154216
v 0.351596 -0.041562 0.165289
v 0.349152 -0.009012 0.170196
v 0.346708 0.023875 0.168754
v 0.344264 0.055870 0.161016
v 0.341821 0.085782 0.147273
v 0.339377 0.112494 0.128035
v 0.336933 0.135009 0.104021
v 0.334489 0.152487 0.076127
v 0.332045 0.164278 0.045393
v 0.329602 0.169940 0.012966
v 0.327158 0.169263 -0.019945
v 0.324714 0.162272 -0.052112
v 0.322270 0.149227 -0.082335
v 0.319827 0.130615 -0.109487
v 0.317383 0.107131 -0.132554
v 0.314939 0.079651 -0.150677
v 0.312495 0.049199 -0.163178
v 0.310052 0.016913 -0.169593
v 0.307608 -0.016005 -0.169681
v 0.305164 -0.048326 -0.163439
v 0.302720 -0.078844 -0.151100
v 0.300277 -0.106421 -0.133125
v 0.297833 -0.130028 -0.110184
v 0.295389 -0.148784 -0.083132
v 0.292945 -0.161991 -0.052979
v 0.290502 -0.169154 -0.020850
v 0.288058 -0.170007 0.012057
v 0.285614 -0.164518 0.044514
v 0.283170 -0.152892 0.075310
v 0.280727 -0.135563 0.103298
v 0.278283 -0.113177 0.127432
v 0.275839 -0.086568 0.146812
v 0.273395 -0.056731 0.160715
v 0.270952 -0.024777 0.168623
v 0.268508 0.008101 0.170241
v 0.266064 0.040677 0.165509
v 0.263620 0.071736 0.154602
v 0.261176 0.100119 0.137928
v 0.258733 0.124766 0.116108
v 0.256289 0.144760 0.089958
v 0.253845 0.159353 0.060451
v 0.251401 0.168002 0.028690
v 0.248958 0.170384 -0.004142
v 0.246514 0.166409 -0.036819
v 0.244070 0.156227 -0.068123
v 0.241626 0.140218 -0.096885
v 0.239183 0.118977 -0.122034
v 0.236739 0.093298 -0.142629
v 0.234295 0.064139 -0.157905
v 0.231851 0.032587 -0.167290
v 0.229408 -0.000180 -0.170434
v 0.226964 -0.032941 -0.167220
v 0.224520 -0.064473 -0.157769
v 0.222076 -0.093600 -0.142432
v 0.219633 -0.119235 -0.121782
v 0.217189 -0.140422 -0.096589
v 0.214745 -0.156371 -0.067792
v 0.212301 -0.166487 -0.036467
v 0.209858 -0.170392 -0.003782
v 0.207414 -0.167941 0.029045
v 0.204970 -0.159225 0.060788
v 0.202526 -0.144569 0.090263
v 0.200083 -0.124521 0.116372
v 0.197639 -0.099827 0.138139
v 0.195195 -0.071409 0.154753
v 0.192751 -0.040328 0.165594
v 0.190308 -0.007742 0.170258
v 0.187864 0.025133 0.168571
v 0.132080 0.103386 0.059690
v 0.132080 0.084414 0.084414
v 0.132080 0.059690 0.103386
v 0.132080 0.030898 0.115312
v 0.132080 -0.000000 0.119380
v 0.132080 0.068924 0.119380
v 0.132080 0.137848 0.000000
v 0.000000 0.068924 0.119380
v 0.000000 0.137848 0.000000
v 0.132080 0.115312 0.030898
v 0.132080 0.119380 0.000000
v 0.132080 0.115312 -0.030898
v 0.132080 0.103386 -0.059690
v 0.132080 0.084414 -0.084414
v 0.132080 0.059690 -0.103386
v 0.132080 0.030898 -0.115312
v 0.132080 0.000000 -0.119380
v 0.132080 -0.030898 -0.115312
v 0.132080 -0.059690 -0.103386
v 0.132080 -0.084414 -0.084414
v 0.132080 -0.103386 -0.059690
v 0.132080 -0.115312 -0.030898
v 0.132080 -0.119380 0.000000
v 0.132080 -0.115312 0.030898
v 0.132080 -0.103386 0.059690
v 0.132080 -0.084414 0.084414
v 0.132080 -0.059690 0.103386
v 0.132080 -0.030898 0.115312
v 0.201004 0.000000 0.000000
v 0.132080 -0.068924 0.119380
v 0.000000 -0.068924 0.119380
v 0.132080 0.068924 -0.119380
v 0.000000 0.068924 -0.119380
v 0.000000 0.164782 0.000000
v 0.000000 0.159994 -0.039435
v 0.000000 0.145908 -0.076578
v 0.000000 0.123341 -0.109271
v 0.000000 0.093607 -0.135613
v 0.000000 0.058433 -0.154074
v 0.000000 0.019862 -0.163581
v 0.000000 -0.019862 -0.163581
v 0.000000 -0.058433 -0.154074
v 0.000000 -0.093607 -0.135613
v 0.000000 -0.123341 -0.109271
v 0.000000 -0.145908 -0.076578
v 0.000000 -0.159994 -0.039435
v 0.000000 -0.164782 -0.000000
v 0.000000 -0.159994 0.039435
v 0.000000 -0.145908 0.076578
v 0.000000 -0.123341 0.109271
v 0.000000 -0.093607 0.135613
v 0.000000 -0.058433 0.154074
v 0.000000 -0.019862 0.163581
v 0.000000 0.019862 0.163581
v 0.000000 0.058433 0.154074
v 0.000000 0.093607 0.135613
v 0.000000 0.123341 0.109271
v 0.000000 0.145908 0.076578
v 0.000000 0.159994 0.039435
v 0.000000 -0.137848 0.000000
v 0.000000 -0.068924 -0.119380
v 0.132080 -0.137848 0.000000
v 0.132080 -0.068924 -0.119380
v 0.147320 0.000000 0.329565
v 0.147320 0.055697 0.324825
v 0.147320 0.109791 0.310739
v 0.147320 0.160727 0.287715
v 0.147320 0.207039 0.256413
v 0.147320 0.247395 0.217735
v 0.147320 0.280634 0.172793
v 0.147320 0.305800 0.122880
v 0.147320 0.322168 0.069433
v 0.147320 0.329268 0.013987
v 0.147320 0.326896 -0.041861
v 0.147320 0.315119 -0.096504
v 0.147320 0.294277 -0.148371
v 0.147320 0.264969 -0.195970
v 0.147320 0.228039 -0.237931
v 0.147320 0.184548 -0.273048
v 0.147320 0.135748 -0.300309
v 0.147320 0.083043 -0.318931
v 0.147320 0.027949 -0.328378
v 0.147320 -0.027949 -0.328378
v 0.147320 -0.083043 -0.318931
v 0.147320 -0.135748 -0.300309
v 0.147320 -0.184548 -0.273048
v 0.147320 -0.228039 -0.237931
v 0.147320 -0.264969 -0.195970
v 0.147320 -0.294277 -0.148371
v 0.147320 -0.315119 -0.096504
v 0.147320 -0.326896 -0.041861
v 0.147320 -0.329268 0.013987
v 0.147320 -0.322168 0.069433
v 0.147320 -0.305800 0.122880
v 0.147320 -0.280634 0.172793
v 0.147320 -0.247395 0.217735
v 0.147320 -0.207039 0.256413
v 0.147320 -0.160727 0.287715
v 0.147320 -0.109791 0.310739
v 0.147320 -0.055697 0.324825
v 0.115971 -0.096752 -0.292495
v 0.097548 0.019834 -0.292495
v 0.099251 -0.019700 0.293966
v 0.099251 0.019700 0.293966
v 0.133943 0.132116 -0.292495
v 0.135400 0.131225 0.293966
v 0.098963 0.153492 0.251197
v 0.068652 0.172015 0.202300
v 0.045207 0.186343 0.148469
v 0.029201 0.196124 0.091016
v 0.021022 0.201122 0.031343
v 0.020872 0.201214 -0.029095
v 0.028753 0.196398 -0.088823
v 0.044474 0.186790 -0.146384
v 0.067651 0.172627 -0.200375
v 0.097718 0.154253 -0.249478
v 0.115971 0.096752 -0.292495
v 0.076735 0.112963 -0.249478
v 0.044168 0.126419 -0.200375
v 0.019065 0.136792 -0.146384
v 0.002037 0.143827 -0.088823
v 0.002522 0.143627 0.091016
v 0.019859 0.136464 0.148469
v 0.045253 0.125971 0.202300
v 0.078083 0.112406 0.251197
v 0.117550 0.096099 0.293966
v 0.002607 0.083240 0.148469
v 0.029327 0.076840 0.202300
v 0.063872 0.068565 0.251197
v 0.105401 0.058618 0.293966
v 0.021265 0.025824 0.202300
v 0.056679 0.023043 0.251197
v 0.021265 -0.025824 0.202300
v 0.056679 -0.023043 0.251197
v 0.002607 -0.083240 0.148469
v 0.029327 -0.076840 0.202300
v 0.063872 -0.068565 0.251197
v 0.105401 -0.058618 0.293966
v 0.002522 -0.143627 0.091016
v 0.019859 -0.136464 0.148469
v 0.045253 -0.125971 0.202300
v 0.078083 -0.112406 0.251197
v 0.117550 -0.096099 0.293966
v 0.001959 -0.165948 0.031343
v 0.012153 -0.165022 0.091016
v 0.021022 -0.201122 0.031343
v 0.030505 -0.159816 0.148469
v 0.056486 -0.150307 0.202300
v 0.089385 -0.136589 0.251197
v 0.128324 -0.118873 0.293966
v 0.133943 -0.132116 -0.292495
v 0.097718 -0.154253 -0.249478
v 0.067651 -0.172627 -0.200375
v 0.044474 -0.186790 -0.146384
v 0.028753 -0.196398 -0.088823
v 0.020872 -0.201214 -0.029095
v 0.029201 -0.196124 0.091016
v 0.045207 -0.186343 0.148469
v 0.068652 -0.172015 0.202300
v 0.098963 -0.153492 0.251197
v 0.135400 -0.131225 0.293966
v 0.002037 -0.143827 -0.088823
v 0.019065 -0.136792 -0.146384
v 0.044168 -0.126419 -0.200375
v 0.076735 -0.112963 -0.249478
v 0.001771 -0.083440 -0.146384
v 0.028186 -0.077113 -0.200375
v 0.062454 -0.068905 -0.249478
v 0.103739 -0.059016 -0.292495
v 0.020096 -0.025916 -0.200375
v 0.055225 -0.023158 -0.249478
v 0.097548 -0.019834 -0.292495
v 0.020096 0.025916 -0.200375
v 0.055225 0.023158 -0.249478
v 0.001771 0.083440 -0.146384
v 0.028186 0.077113 -0.200375
v 0.062454 0.068905 -0.249478
v 0.103739 0.059016 -0.292495
v 0.125999 0.190815 0.251197
v 0.098951 0.213842 0.202300
v 0.078030 0.231654 0.148469
v 0.063747 0.243814 0.091016
v 0.056449 0.250027 0.031343
v 0.056315 0.250141 -0.029095
v 0.063348 0.244154 -0.088823
v 0.077376 0.232210 -0.146384
v 0.098058 0.214603 -0.200375
v 0.124889 0.191761 -0.249478
v 0.135408 0.250428 0.202300
v 0.117523 0.271286 0.148469
v 0.105313 0.285527 0.091016
v 0.099074 0.292803 0.031343
v 0.098960 0.292936 -0.029095
v 0.104972 0.285924 -0.088823
v 0.116964 0.271938 -0.146384
v 0.134644 0.251318 -0.200375
v 0.124889 -0.191761 -0.249478
v 0.098058 -0.214603 -0.200375
v 0.077376 -0.232210 -0.146384
v 0.063348 -0.244154 -0.088823
v 0.056315 -0.250141 -0.029095
v 0.056449 -0.250027 0.031343
v 0.063747 -0.243814 0.091016
v 0.078030 -0.231654 0.148469
v 0.098951 -0.213842 0.202300
v 0.125999 -0.190815 0.251197
v 0.134644 -0.251318 -0.200375
v 0.116964 -0.271938 -0.146384
v 0.104972 -0.285924 -0.088823
v 0.098960 -0.292936 -0.029095
v 0.099074 -0.292803 0.031343
v 0.105313 -0.285527 0.091016
v 0.117523 -0.271286 0.148469
v 0.135408 -0.250428 0.202300
v 0.185420 0.000000 0.329565
v 0.185420 0.055697 0.324825
v 0.185420 0.109791 0.310739
v 0.185420 0.160727 0.287715
v 0.185420 0.207039 0.256413
v 0.185420 0.247395 0.217735
v 0.185420 0.280634 0.172793
v 0.185420 0.305800 0.122880
v 0.185420 0.322168 0.069433
v 0.185420 0.329268 0.013987
v 0.185420 0.326896 -0.041861
v 0.185420 0.315119 -0.096504
v 0.185420 0.294277 -0.148371
v 0.185420 0.264969 -0.195970
v 0.185420 0.228039 -0.237931
v 0.185420 0.184548 -0.273048
v 0.185420 0.135748 -0.300309
v 0.185420 0.083043 -0.318931
v 0.185420 0.027949 -0.328378
v 0.185420 -0.027949 -0.328378
v 0.185420 -0.083043 -0.318931
v 0.185420 -0.135748 -0.300309
v 0.185420 -0.184548 -0.273048
v 0.185420 -0.228039 -0.237931
v 0.185420 -0.264969 -0.195970
v 0.185420 -0.294277 -0.148371
v 0.185420 -0.315119 -0.096504
v 0.185420 -0.326896 -0.041861
v 0.185420 -0.329268 0.013987
v 0.185420 -0.322168 0.069433
v 0.185420 -0.305800 0.122880
v 0.185420 -0.280634 0.172793
v 0.185420 -0.247395 0.217735
v 0.185420 -0.207039 0.256413
v 0.185420 -0.160727 0.287715
v 0.185420 -0.109791 0.310739
v 0.185420 -0.055697 0.324825
v 0.185420 0.086985 0.146565
v 0.185420 0.113630 0.127028
v 0.185420 0.136004 0.102716
v 0.185420 0.153268 0.074544
v 0.811022 0.163256 0.048940
v 0.811022 0.169631 0.016520
v 0.811022 0.169631 -0.016520
v 0.811022 0.163256 -0.048940
v 0.820420 0.000000 0.161036
v 0.820420 0.038538 0.156357
v 0.820420 0.074837 0.142590
v 0.820420 0.106787 0.120537
v 0.820420 0.132530 0.091479
v 0.820420 0.150571 0.057104
v 0.820420 0.159862 0.019411
v 0.820420 0.159862 -0.019411
v 0.820420 0.150571 -0.057104
v 0.820420 0.132530 -0.091479
v 0.820420 0.106787 -0.120537
v 0.820420 0.074837 -0.142590
v 0.820420 0.038538 -0.156357
v 0.820420 0.000000 -0.161036
v 0.820420 -0.038538 -0.156357
v 0.820420 -0.074837 -0.142590
v 0.820420 -0.106787 -0.120537
v 0.820420 -0.132530 -0.091479
v 0.820420 -0.150571 -0.057104
v 0.820420 -0.159862 -0.019411
v 0.820420 -0.159862 0.019411
v 0.820420 -0.150571 0.057104
v 0.820420 -0.132530 0.091479
v 0.820420 -0.106787 0.120537
v 0.820420 -0.074837 0.142590
v 0.820420 -0.038538 0.156357
vt -0.000187 8.932073 0.000000
vt -0.004024 8.910753 0.000000
vt -0.000484 8.903157 0.000000
vt -0.007725 8.890014 0.000000
vt -0.000632 8.874372 0.000000
vt -0.011246 8.869714 0.000000
vt -0.000530 8.845617 0.000000
vt -0.014553 8.849875 0.000000
vt -0.017684 8.830393 0.000000
vt -0.000249 8.816765 0.000000
vt -0.020715 8.811168 0.000000
vt -0.000016 8.787817 0.000000
vt -0.026818 8.773804 0.000000
vt -0.000097 8.758880 0.000000
vt -0.033293 8.737606 0.000000
vt -0.000391 8.729925 0.000000
vt -0.039587 8.702720 0.000000
vt -0.000609 8.701101 0.000000
vt -0.000591 8.672352 0.000000
vt -0.045318 8.668923 0.000000
vt -0.000352 8.643542 0.000000
vt -0.050153 8.635999 0.000000
vt -0.000071 8.614612 0.000000
vt -0.050153 8.607041 0.000000
vt -0.000030 8.585684 0.000000
vt -0.050153 8.578112 0.000000
vt -0.000288 8.556709 0.000000
vt -0.050153 8.549171 0.000000
vt -0.000558 8.527839 0.000000
vt -0.050153 8.520349 0.000000
vt -0.000626 8.499079 0.000000
vt -0.050153 8.491593 0.000000
vt -0.000448 8.470303 0.000000
vt -0.050153 8.462777 0.000000
vt -0.000153 8.441409 0.000000
vt -0.050153 8.433841 0.000000
vt -0.000000 8.412472 0.000000
vt -0.050153 8.404910 0.000000
vt -0.000186 8.383507 0.000000
vt -0.050153 8.375951 0.000000
vt -0.000482 8.354590 0.000000
vt -0.050153 8.347088 0.000000
vt -0.000632 8.325804 0.000000
vt -0.050153 8.318323 0.000000
vt -0.000531 8.297049 0.000000
vt -0.050153 8.289539 0.000000
vt -0.000251 8.268198 0.000000
vt -0.050153 8.260641 0.000000
vt -0.000017 8.239250 0.000000
vt -0.050153 8.231690 0.000000
vt -0.000095 8.210313 0.000000
vt -0.050153 8.202744 0.000000
vt -0.000389 8.181358 0.000000
vt -0.050153 8.173839 0.000000
vt -0.000608 8.152533 0.000000
vt -0.050153 8.145051 0.000000
vt -0.000592 8.123784 0.000000
vt -0.050153 8.116288 0.000000
vt -0.000353 8.094975 0.000000
vt -0.050153 8.087432 0.000000
vt -0.000072 8.066045 0.000000
vt -0.050153 8.058475 0.000000
vt -0.000029 8.037117 0.000000
vt -0.050153 8.029545 0.000000
vt -0.000287 8.008142 0.000000
vt -0.050153 8.000604 0.000000
vt -0.000557 7.979271 0.000000
vt -0.050153 7.971782 0.000000
vt -0.000626 7.950511 0.000000
vt -0.050153 7.943025 0.000000
vt -0.000450 7.921736 0.000000
vt -0.050153 7.914210 0.000000
vt -0.000155 7.892842 0.000000
vt -0.050153 7.885274 0.000000
vt -0.000000 7.863905 0.000000
vt -0.050153 7.856343 0.000000
vt -0.000184 7.834940 0.000000
vt -0.050153 7.827384 0.000000
vt -0.000481 7.806023 0.000000
vt -0.050153 7.798521 0.000000
vt -0.000632 7.777236 0.000000
vt -0.050153 7.769755 0.000000
vt -0.000532 7.748482 0.000000
vt -0.050153 7.740972 0.000000
vt -0.000253 7.719632 0.000000
vt -0.050153 7.712074 0.000000
vt -0.000017 7.690683 0.000000
vt -0.050153 7.683123 0.000000
vt -0.000094 7.661747 0.000000
vt -0.050153 7.654178 0.000000
vt -0.000388 7.632791 0.000000
vt -0.050153 7.625271 0.000000
vt -0.000608 7.603965 0.000000
vt -0.050153 7.596483 0.000000
vt -0.000593 7.575216 0.000000
vt -0.050153 7.567720 0.000000
vt -0.000355 7.546408 0.000000
vt -0.050153 7.538865 0.000000
vt -0.000073 7.517478 0.000000
vt -0.050153 7.509908 0.000000
vt -0.000028 7.488551 0.000000
vt -0.050153 7.480978 0.000000
vt -0.000285 7.459575 0.000000
vt -0.050153 7.452037 0.000000
vt -0.000556 7.430704 0.000000
vt -0.050153 7.423214 0.000000
vt -0.000627 7.401943 0.000000
vt -0.050153 7.394457 0.000000
vt -0.000451 7.373168 0.000000
vt -0.050153 7.365643 0.000000
vt -0.000156 7.344275 0.000000
vt -0.050153 7.336707 0.000000
vt -0.000000 7.315337 0.000000
vt -0.050153 7.307776 0.000000
vt -0.000183 7.286374 0.000000
vt -0.050153 7.278818 0.000000
vt -0.000480 7.257456 0.000000
vt -0.050153 7.249953 0.000000
vt -0.000632 7.228669 0.000000
vt -0.050153 7.221187 0.000000
vt -0.000533 7.199914 0.000000
vt -0.050153 7.192405 0.000000
vt -0.000254 7.171065 0.000000
vt -0.050153 7.163507 0.000000
vt -0.000018 7.142117 0.000000
vt -0.050153 7.134556 0.000000
vt -0.000093 7.113180 0.000000
vt -0.050153 7.105611 0.000000
vt -0.000386 7.084224 0.000000
vt -0.050153 7.076704 0.000000
vt -0.000607 7.055398 0.000000
vt -0.050153 7.047915 0.000000
vt -0.000593 7.026648 0.000000
vt -0.050153 7.019153 0.000000
vt -0.000357 6.997841 0.000000
vt -0.050153 6.990298 0.000000
vt -0.000074 6.968912 0.000000
vt -0.050153 6.961341 0.000000
vt -0.000028 6.939984 0.000000
vt -0.050153 6.932412 0.000000
vt -0.000283 6.911008 0.000000
vt -0.050153 6.903470 0.000000
vt -0.000555 6.882136 0.000000
vt -0.050153 6.874646 0.000000
vt -0.000627 6.853375 0.000000
vt -0.050153 6.845889 0.000000
vt -0.000453 6.824601 0.000000
vt -0.050153 6.817075 0.000000
vt -0.000158 6.795709 0.000000
vt -0.050153 6.788141 0.000000
vt -0.000000 6.766770 0.000000
vt -0.050153 6.759209 0.000000
vt -0.000181 6.737807 0.000000
vt -0.050153 6.730251 0.000000
vt -0.000478 6.708888 0.000000
vt -0.050153 6.701386 0.000000
vt -0.000632 6.680101 0.000000
vt -0.050153 6.672619 0.000000
vt -0.000534 6.651347 0.000000
vt -0.050153 6.643837 0.000000
vt -0.000256 6.622498 0.000000
vt -0.050153 6.614941 0.000000
vt -0.000019 6.593550 0.000000
vt -0.050153 6.585989 0.000000
vt -0.000091 6.564614 0.000000
vt -0.050153 6.557045 0.000000
vt -0.000384 6.535657 0.000000
vt -0.050153 6.528137 0.000000
vt -0.000606 6.506830 0.000000
vt -0.050153 6.499347 0.000000
vt -0.000594 6.478081 0.000000
vt -0.050153 6.470585 0.000000
vt -0.000358 6.449273 0.000000
vt -0.050153 6.441731 0.000000
vt -0.000076 6.420345 0.000000
vt -0.050153 6.412775 0.000000
vt -0.000027 6.391417 0.000000
vt -0.050153 6.383845 0.000000
vt -0.000281 6.362442 0.000000
vt -0.050153 6.354903 0.000000
vt -0.000554 6.333569 0.000000
vt -0.050153 6.326079 0.000000
vt -0.000627 6.304808 0.000000
vt -0.050153 6.297322 0.000000
vt -0.000454 6.276034 0.000000
vt -0.050153 6.268508 0.000000
vt -0.000159 6.247142 0.000000
vt -0.050153 6.239574 0.000000
vt -0.000000 6.218203 0.000000
vt -0.050153 6.210643 0.000000
vt -0.000179 6.189241 0.000000
vt -0.050153 6.181684 0.000000
vt -0.000477 6.160321 0.000000
vt -0.050153 6.152818 0.000000
vt -0.000631 6.131533 0.000000
vt -0.050153 6.124052 0.000000
vt -0.000535 6.102779 0.000000
vt -0.050153 6.095270 0.000000
vt -0.000258 6.073931 0.000000
vt -0.050153 6.066374 0.000000
vt -0.000019 6.044983 0.000000
vt -0.050153 6.037422 0.000000
vt -0.000090 6.016047 0.000000
vt -0.050153 6.008478 0.000000
vt -0.000383 5.987090 0.000000
vt -0.050153 5.979570 0.000000
vt -0.000606 5.958262 0.000000
vt -0.050153 5.950780 0.000000
vt -0.000595 5.929513 0.000000
vt -0.050153 5.922018 0.000000
vt -0.000360 5.900706 0.000000
vt -0.050153 5.893164 0.000000
vt -0.000077 5.871778 0.000000
vt -0.050153 5.864208 0.000000
vt -0.000026 5.842851 0.000000
vt -0.050153 5.835279 0.000000
vt -0.000280 5.813875 0.000000
vt -0.050153 5.806336 0.000000
vt -0.000552 5.785001 0.000000
vt -0.050153 5.777511 0.000000
vt -0.000628 5.756240 0.000000
vt -0.050153 5.748754 0.000000
vt -0.000456 5.727466 0.000000
vt -0.050153 5.719941 0.000000
vt -0.000161 5.698575 0.000000
vt -0.050153 5.691008 0.000000
vt -0.000000 5.669636 0.000000
vt -0.050153 5.662076 0.000000
vt -0.000178 5.640674 0.000000
vt -0.050153 5.633117 0.000000
vt -0.000475 5.611754 0.000000
vt -0.050153 5.604251 0.000000
vt -0.000631 5.582965 0.000000
vt -0.050153 5.575484 0.000000
vt -0.000537 5.554211 0.000000
vt -0.050153 5.546703 0.000000
vt -0.000259 5.525364 0.000000
vt -0.050153 5.517807 0.000000
vt -0.000020 5.496416 0.000000
vt -0.050153 5.488855 0.000000
vt -0.000089 5.467481 0.000000
vt -0.050153 5.459911 0.000000
vt -0.000381 5.438523 0.000000
vt -0.050153 5.431002 0.000000
vt -0.000605 5.409695 0.000000
vt -0.050153 5.402212 0.000000
vt -0.000596 5.380945 0.000000
vt -0.050153 5.373450 0.000000
vt -0.000361 5.352139 0.000000
vt -0.050153 5.344598 0.000000
vt -0.000078 5.323212 0.000000
vt -0.050153 5.315641 0.000000
vt -0.000025 5.294284 0.000000
vt -0.050153 5.286712 0.000000
vt -0.000278 5.265308 0.000000
vt -0.050153 5.257769 0.000000
vt -0.000551 5.236434 0.000000
vt -0.050153 5.228943 0.000000
vt -0.000628 5.207672 0.000000
vt -0.050153 5.200186 0.000000
vt -0.000457 5.178899 0.000000
vt -0.050153 5.171374 0.000000
vt -0.000162 5.150009 0.000000
vt -0.050153 5.142441 0.000000
vt -0.000000 5.121069 0.000000
vt -0.050153 5.113509 0.000000
vt -0.000176 5.092108 0.000000
vt -0.050153 5.084550 0.000000
vt -0.000474 5.063187 0.000000
vt -0.050153 5.055683 0.000000
vt -0.000631 5.034397 0.000000
vt -0.050153 5.026916 0.000000
vt -0.000538 5.005644 0.000000
vt -0.050153 4.998135 0.000000
vt -0.000261 4.976797 0.000000
vt -0.050153 4.969241 0.000000
vt -0.000021 4.947850 0.000000
vt -0.050153 4.940288 0.000000
vt -0.000088 4.918914 0.000000
vt -0.050153 4.911345 0.000000
vt -0.000379 4.889956 0.000000
vt -0.050153 4.882435 0.000000
vt -0.000605 4.861127 0.000000
vt -0.050153 4.853644 0.000000
vt -0.000596 4.832377 0.000000
vt -0.050153 4.824882 0.000000
vt -0.000363 4.803572 0.000000
vt -0.050153 4.796031 0.000000
vt -0.000079 4.774645 0.000000
vt -0.050153 4.767075 0.000000
vt -0.000025 4.745717 0.000000
vt -0.050153 4.738145 0.000000
vt -0.000276 4.716742 0.000000
vt -0.050153 4.709202 0.000000
vt -0.000550 4.687866 0.000000
vt -0.050153 4.680376 0.000000
vt -0.000628 4.659104 0.000000
vt -0.050153 4.651619 0.000000
vt -0.000459 4.630331 0.000000
vt -0.050153 4.622807 0.000000
vt -0.000164 4.601442 0.000000
vt -0.050153 4.593875 0.000000
vt -0.000000 4.572502 0.000000
vt -0.050153 4.564942 0.000000
vt -0.000175 4.543541 0.000000
vt -0.050153 4.535984 0.000000
vt -0.000473 4.514619 0.000000
vt -0.050153 4.507116 0.000000
vt -0.000631 4.485829 0.000000
vt -0.050153 4.478348 0.000000
vt -0.000539 4.457076 0.000000
vt -0.050153 4.449568 0.000000
vt -0.000263 4.428230 0.000000
vt -0.050153 4.420674 0.000000
vt -0.000021 4.399283 0.000000
vt -0.050153 4.391721 0.000000
vt -0.000086 4.370348 0.000000
vt -0.050153 4.362778 0.000000
vt -0.000378 4.341389 0.000000
vt -0.050153 4.333868 0.000000
vt -0.000604 4.312559 0.000000
vt -0.050153 4.305076 0.000000
vt -0.000597 4.283810 0.000000
vt -0.050153 4.276315 0.000000
vt -0.000365 4.255005 0.000000
vt -0.050153 4.247464 0.000000
vt -0.000080 4.226079 0.000000
vt -0.050153 4.218508 0.000000
vt -0.000024 4.197151 0.000000
vt -0.050153 4.189579 0.000000
vt -0.000275 4.168175 0.000000
vt -0.050153 4.160635 0.000000
vt -0.000549 4.139299 0.000000
vt -0.050153 4.131808 0.000000
vt -0.000629 4.110536 0.000000
vt -0.050153 4.103051 0.000000
vt -0.000460 4.081764 0.000000
vt -0.050153 4.074240 0.000000
vt -0.000165 4.052875 0.000000
vt -0.050153 4.045308 0.000000
vt -0.000000 4.023935 0.000000
vt -0.050153 4.016376 0.000000
vt -0.000173 3.994975 0.000000
vt -0.050153 3.987417 0.000000
vt -0.000471 3.966052 0.000000
vt -0.050153 3.958548 0.000000
vt -0.000631 3.937262 0.000000
vt -0.050153 3.929780 0.000000
vt -0.000540 3.908509 0.000000
vt -0.050153 3.901001 0.000000
vt -0.000264 3.879663 0.000000
vt -0.050153 3.872107 0.000000
vt -0.000022 3.850716 0.000000
vt -0.050153 3.843154 0.000000
vt -0.000085 3.821781 0.000000
vt -0.050153 3.814211 0.000000
vt -0.000376 3.792822 0.000000
vt -0.050153 3.785300 0.000000
vt -0.000603 3.763992 0.000000
vt -0.050153 3.756509 0.000000
vt -0.000598 3.735242 0.000000
vt -0.050153 3.727747 0.000000
vt -0.000366 3.706438 0.000000
vt -0.050153 3.698897 0.000000
vt -0.000082 3.677512 0.000000
vt -0.050153 3.669941 0.000000
vt -0.000023 3.648584 0.000000
vt -0.050153 3.641012 0.000000
vt -0.000273 3.619608 0.000000
vt -0.050153 3.612068 0.000000
vt -0.000548 3.590731 0.000000
vt -0.050153 3.583240 0.000000
vt -0.000629 3.561968 0.000000
vt -0.050153 3.554483 0.000000
vt -0.000462 3.533197 0.000000
vt -0.050153 3.525673 0.000000
vt -0.000167 3.504308 0.000000
vt -0.050153 3.496741 0.000000
vt -0.000000 3.475368 0.000000
vt -0.050153 3.467809 0.000000
vt -0.000171 3.446408 0.000000
vt -0.050153 3.438850 0.000000
vt -0.000470 3.417485 0.000000
vt -0.050153 3.409981 0.000000
vt -0.000630 3.388694 0.000000
vt -0.050153 3.381213 0.000000
vt -0.000541 3.359941 0.000000
vt -0.050153 3.352433 0.000000
vt -0.000266 3.331096 0.000000
vt -0.050153 3.323541 0.000000
vt -0.000023 3.302149 0.000000
vt -0.050153 3.294587 0.000000
vt -0.000084 3.273215 0.000000
vt -0.050153 3.265645 0.000000
vt -0.000375 3.244255 0.000000
vt -0.050153 3.236733 0.000000
vt -0.000602 3.215424 0.000000
vt -0.050153 3.207941 0.000000
vt -0.000599 3.186674 0.000000
vt -0.050153 3.179180 0.000000
vt -0.000368 3.157871 0.000000
vt -0.050153 3.150330 0.000000
vt -0.000083 3.128945 0.000000
vt -0.050153 3.121375 0.000000
vt -0.000022 3.100017 0.000000
vt -0.050153 3.092446 0.000000
vt -0.000271 3.071041 0.000000
vt -0.050153 3.063501 0.000000
vt -0.000547 3.042164 0.000000
vt -0.050153 3.034673 0.000000
vt -0.000629 3.013401 0.000000
vt -0.050153 3.005915 0.000000
vt -0.000463 2.984629 0.000000
vt -0.050153 2.977106 0.000000
vt -0.000168 2.955742 0.000000
vt -0.050153 2.948175 0.000000
vt -0.000000 2.926801 0.000000
vt -0.050153 2.919242 0.000000
vt -0.000170 2.897841 0.000000
vt -0.050153 2.890283 0.000000
vt -0.000468 2.868918 0.000000
vt -0.050153 2.861413 0.000000
vt -0.000630 2.840126 0.000000
vt -0.050153 2.832645 0.000000
vt -0.000542 2.811373 0.000000
vt -0.050153 2.803866 0.000000
vt -0.000268 2.782529 0.000000
vt -0.050153 2.774974 0.000000
vt -0.000024 2.753583 0.000000
vt -0.050153 2.746020 0.000000
vt -0.000083 2.724648 0.000000
vt -0.050153 2.717078 0.000000
vt -0.000373 2.695688 0.000000
vt -0.050153 2.688166 0.000000
vt -0.000602 2.666856 0.000000
vt -0.050153 2.659373 0.000000
vt -0.000599 2.638106 0.000000
vt -0.050153 2.630612 0.000000
vt -0.000370 2.609303 0.000000
vt -0.050153 2.601763 0.000000
vt -0.000084 2.580379 0.000000
vt -0.050153 2.572808 0.000000
vt -0.000022 2.551451 0.000000
vt -0.050153 2.543879 0.000000
vt -0.000269 2.522475 0.000000
vt -0.050153 2.514934 0.000000
vt -0.000546 2.493596 0.000000
vt -0.050153 2.486105 0.000000
vt -0.000629 2.464833 0.000000
vt -0.050153 2.457348 0.000000
vt -0.000464 2.436062 0.000000
vt -0.050153 2.428538 0.000000
vt -0.000170 2.407175 0.000000
vt -0.050153 2.399608 0.000000
vt -0.000000 2.378234 0.000000
vt -0.050153 2.370675 0.000000
vt -0.000168 2.349275 0.000000
vt -0.050153 2.341716 0.000000
vt -0.000467 2.320350 0.000000
vt -0.050153 2.312846 0.000000
vt -0.000630 2.291558 0.000000
vt -0.050153 2.284077 0.000000
vt -0.000543 2.262806 0.000000
vt -0.050153 2.255298 0.000000
vt -0.000269 2.233963 0.000000
vt -0.050153 2.226407 0.000000
vt -0.000024 2.205016 0.000000
vt -0.050153 2.197453 0.000000
vt -0.000081 2.176082 0.000000
vt -0.050153 2.168511 0.000000
vt -0.000371 2.147121 0.000000
vt -0.050153 2.139599 0.000000
vt -0.000601 2.118288 0.000000
vt -0.050153 2.110805 0.000000
vt -0.000600 2.089539 0.000000
vt -0.050153 2.082044 0.000000
vt -0.000371 2.060736 0.000000
vt -0.050153 2.053196 0.000000
vt -0.000085 2.031812 0.000000
vt -0.050153 2.024241 0.000000
vt -0.000021 2.002884 0.000000
vt -0.050153 1.995312 0.000000
vt -0.000268 1.973908 0.000000
vt -0.050153 1.966367 0.000000
vt -0.000545 1.945029 0.000000
vt -0.050153 1.937537 0.000000
vt -0.000630 1.916265 0.000000
vt -0.050153 1.908780 0.000000
vt -0.000466 1.887494 0.000000
vt -0.050153 1.879971 0.000000
vt -0.000171 1.858608 0.000000
vt -0.050153 1.851042 0.000000
vt -0.000000 1.829666 0.000000
vt -0.050153 1.822108 0.000000
vt -0.000167 1.800708 0.000000
vt -0.050153 1.793150 0.000000
vt -0.000465 1.771783 0.000000
vt -0.050153 1.764278 0.000000
vt -0.000630 1.742990 0.000000
vt -0.050153 1.735509 0.000000
vt -0.000545 1.714238 0.000000
vt -0.050153 1.706731 0.000000
vt -0.000271 1.685396 0.000000
vt -0.050153 1.677840 0.000000
vt -0.000025 1.656449 0.000000
vt -0.050153 1.648886 0.000000
vt -0.000080 1.627515 0.000000
vt -0.050153 1.619945 0.000000
vt -0.000370 1.598554 0.000000
vt -0.050153 1.591031 0.000000
vt -0.000600 1.569721 0.000000
vt -0.050153 1.562237 0.000000
vt -0.000601 1.540971 0.000000
vt -0.050153 1.533477 0.000000
vt -0.004069 1.519711 0.000000
vt -0.050153 1.504629 0.000000
vt -0.007384 1.498857 0.000000
vt -0.010646 1.478416 0.000000
vt -0.050153 1.475675 0.000000
vt -0.013976 1.458425 0.000000
vt -0.050153 1.446746 0.000000
vt -0.017416 1.438849 0.000000
vt -0.050153 1.417800 0.000000
vt -0.020889 1.419621 0.000000
vt -0.050153 1.388970 0.000000
vt -0.027562 1.382369 0.000000
vt -0.050153 1.360212 0.000000
vt -0.033588 1.346441 0.000000
vt -0.050153 1.331404 0.000000
vt -0.039081 1.311570 0.000000
vt -0.050153 1.302475 0.000000
vt -0.044584 1.277596 0.000000
vt -0.050153 1.273542 0.000000
vt -0.050153 1.244583 0.000000
vt -0.079521 0.150745 0.000000
vt -0.113262 0.127356 0.000000
vt -0.107444 0.126023 0.000000
vt -0.129067 0.095637 0.000000
vt -0.140430 0.096577 0.000000
vt -0.143004 0.061141 0.000000
vt -0.159451 0.060194 0.000000
vt -0.148262 0.024280 0.000000
vt -0.169219 0.020318 0.000000
vt -0.144212 -0.012668 0.000000
vt -0.169168 -0.020737 0.000000
vt -0.138658 -0.030432 0.000000
vt -0.159301 -0.060589 0.000000
vt -0.130818 -0.047275 0.000000
vt -0.120752 -0.062941 0.000000
vt -0.140191 -0.096924 0.000000
vt -0.108620 -0.077067 0.000000
vt -0.094609 -0.089342 0.000000
vt -0.112946 -0.127636 0.000000
vt -0.078980 -0.099454 0.000000
vt -0.079147 -0.150942 0.000000
vt -0.054947 -0.114498 0.000000
vt -0.040756 -0.165489 0.000000
vt -0.028176 -0.123835 0.000000
vt -0.000000 -0.170434 0.000000
vt -0.000000 -0.127000 0.000000
vt 0.028176 -0.123835 0.000000
vt 0.040756 -0.165489 0.000000
vt 0.054947 -0.114498 0.000000
vt 0.079147 -0.150942 0.000000
vt 0.078980 -0.099454 0.000000
vt 0.112946 -0.127636 0.000000
vt 0.094575 -0.089368 0.000000
vt 0.140191 -0.096924 0.000000
vt 0.108538 -0.077151 0.000000
vt 0.120678 -0.063040 0.000000
vt 0.159301 -0.060589 0.000000
vt 0.130740 -0.047415 0.000000
vt 0.138603 -0.030574 0.000000
vt 0.169168 -0.020737 0.000000
vt 0.144185 -0.012784 0.000000
vt 0.169219 0.020318 0.000000
vt 0.148264 0.024134 0.000000
vt 0.159451 0.060194 0.000000
vt 0.143042 0.060998 0.000000
vt 0.140430 0.096577 0.000000
vt 0.129117 0.095545 0.000000
vt 0.113262 0.127356 0.000000
vt 0.107483 0.125979 0.000000
vt 0.079521 0.150745 0.000000
vt -0.772987 -0.208734 0.000000
vt -0.772987 -0.237146 0.000000
vt -0.770543 -0.233301 0.000000
vt -0.768099 -0.257869 0.000000
vt -0.772987 -0.265558 0.000000
vt -0.765656 -0.282436 0.000000
vt -0.772987 -0.293970 0.000000
vt -0.763212 -0.307003 0.000000
vt -0.772987 -0.322382 0.000000
vt -0.760768 -0.331571 0.000000
vt -0.772987 -0.350794 0.000000
vt -0.758324 -0.356138 0.000000
vt -0.772987 -0.379206 0.000000
vt -0.755881 -0.380705 0.000000
vt -0.755881 0.417259 0.000000
vt -0.772987 0.418758 0.000000
vt -0.770543 0.394191 0.000000
vt -0.753437 0.392692 0.000000
vt -0.768099 0.369623 0.000000
vt -0.750993 0.368125 0.000000
vt -0.765656 0.345056 0.000000
vt -0.748549 0.343557 0.000000
vt -0.763212 0.320489 0.000000
vt -0.746106 0.318990 0.000000
vt -0.760768 0.295921 0.000000
vt -0.743662 0.294423 0.000000
vt -0.758324 0.271354 0.000000
vt -0.741218 0.269855 0.000000
vt -0.755881 0.246787 0.000000
vt -0.738774 0.245288 0.000000
vt -0.753437 0.222219 0.000000
vt -0.736330 0.220721 0.000000
vt -0.750993 0.197652 0.000000
vt -0.733887 0.196153 0.000000
vt -0.748549 0.173085 0.000000
vt -0.731443 0.171586 0.000000
vt -0.746106 0.148517 0.000000
vt -0.728999 0.147019 0.000000
vt -0.743662 0.123950 0.000000
vt -0.726555 0.122451 0.000000
vt -0.741218 0.099383 0.000000
vt -0.724112 0.097884 0.000000
vt -0.738774 0.074815 0.000000
vt -0.721668 0.073317 0.000000
vt -0.736330 0.050248 0.000000
vt -0.719224 0.048749 0.000000
vt -0.733887 0.025681 0.000000
vt -0.716780 0.024182 0.000000
vt -0.731443 0.001113 0.000000
vt -0.714337 -0.000385 0.000000
vt -0.728999 -0.023454 0.000000
vt -0.711893 -0.024953 0.000000
vt -0.726555 -0.048021 0.000000
vt -0.709449 -0.049520 0.000000
vt -0.724112 -0.072589 0.000000
vt -0.707005 -0.074087 0.000000
vt -0.721668 -0.097156 0.000000
vt -0.704562 -0.098655 0.000000
vt -0.719224 -0.121723 0.000000
vt -0.702118 -0.123222 0.000000
vt -0.716780 -0.146291 0.000000
vt -0.699674 -0.147789 0.000000
vt -0.714337 -0.170858 0.000000
vt -0.697230 -0.172357 0.000000
vt -0.711893 -0.195425 0.000000
vt -0.694787 -0.196924 0.000000
vt -0.709449 -0.219993 0.000000
vt -0.692343 -0.221491 0.000000
vt -0.707005 -0.244560 0.000000
vt -0.689899 -0.246059 0.000000
vt -0.704562 -0.269127 0.000000
vt -0.687455 -0.270626 0.000000
vt -0.702118 -0.293695 0.000000
vt -0.685012 -0.295193 0.000000
vt -0.699674 -0.318262 0.000000
vt -0.682568 -0.319761 0.000000
vt -0.697230 -0.342829 0.000000
vt -0.680124 -0.344328 0.000000
vt -0.694787 -0.367397 0.000000
vt -0.677680 -0.368895 0.000000
vt -0.692343 -0.391964 0.000000
vt -0.675237 -0.393463 0.000000
vt -0.675237 0.404502 0.000000
vt -0.692343 0.406001 0.000000
vt -0.689899 0.381433 0.000000
vt -0.672793 0.379935 0.000000
vt -0.687455 0.356866 0.000000
vt -0.670349 0.355367 0.000000
vt -0.685012 0.332299 0.000000
vt -0.667905 0.330800 0.000000
vt -0.682568 0.307731 0.000000
vt -0.665462 0.306233 0.000000
vt -0.680124 0.283164 0.000000
vt -0.663018 0.281665 0.000000
vt -0.677680 0.258597 0.000000
vt -0.660574 0.257098 0.000000
vt -0.675237 0.234029 0.000000
vt -0.658130 0.232531 0.000000
vt -0.672793 0.209462 0.000000
vt -0.655686 0.207963 0.000000
vt -0.670349 0.184895 0.000000
vt -0.653243 0.183396 0.000000
vt -0.667905 0.160327 0.000000
vt -0.650799 0.158829 0.000000
vt -0.665462 0.135760 0.000000
vt -0.648355 0.134261 0.000000
vt -0.663018 0.111193 0.000000
vt -0.645911 0.109694 0.000000
vt -0.660574 0.086625 0.000000
vt -0.643468 0.085127 0.000000
vt -0.658130 0.062058 0.000000
vt -0.641024 0.060559 0.000000
vt -0.655686 0.037491 0.000000
vt -0.638580 0.035992 0.000000
vt -0.653243 0.012923 0.000000
vt -0.636136 0.011425 0.000000
vt -0.650799 -0.011644 0.000000
vt -0.633693 -0.013143 0.000000
vt -0.648355 -0.036211 0.000000
vt -0.631249 -0.037710 0.000000
vt -0.645911 -0.060779 0.000000
vt -0.628805 -0.062277 0.000000
vt -0.643468 -0.085346 0.000000
vt -0.626361 -0.086845 0.000000
vt -0.641024 -0.109913 0.000000
vt -0.623918 -0.111412 0.000000
vt -0.638580 -0.134481 0.000000
vt -0.621474 -0.135979 0.000000
vt -0.636136 -0.159048 0.000000
vt -0.619030 -0.160547 0.000000
vt -0.633693 -0.183615 0.000000
vt -0.616586 -0.185114 0.000000
vt -0.631249 -0.208183 0.000000
vt -0.614143 -0.209681 0.000000
vt -0.628805 -0.232750 0.000000
vt -0.611699 -0.234249 0.000000
vt -0.626361 -0.257317 0.000000
vt -0.609255 -0.258816 0.000000
vt -0.623918 -0.281885 0.000000
vt -0.606811 -0.283383 0.000000
vt -0.621474 -0.306452 0.000000
vt -0.604368 -0.307951 0.000000
vt -0.619030 -0.331019 0.000000
vt -0.601924 -0.332518 0.000000
vt -0.616586 -0.355587 0.000000
vt -0.599480 -0.357085 0.000000
vt -0.614143 -0.380154 0.000000
vt -0.597036 -0.381653 0.000000
vt -0.597036 0.416312 0.000000
vt -0.614143 0.417811 0.000000
vt -0.611699 0.393243 0.000000
vt -0.594593 0.391744 0.000000
vt -0.609255 0.368676 0.000000
vt -0.592149 0.367177 0.000000
vt -0.606811 0.344109 0.000000
vt -0.589705 0.342610 0.000000
vt -0.604368 0.319541 0.000000
vt -0.587261 0.318042 0.000000
vt -0.601924 0.294974 0.000000
vt -0.584818 0.293475 0.000000
vt -0.599480 0.270407 0.000000
vt -0.582374 0.268908 0.000000
vt -0.597036 0.245839 0.000000
vt -0.579930 0.244340 0.000000
vt -0.594593 0.221272 0.000000
vt -0.577486 0.219773 0.000000
vt -0.592149 0.196705 0.000000
vt -0.575042 0.195206 0.000000
vt -0.589705 0.172137 0.000000
vt -0.572599 0.170638 0.000000
vt -0.587261 0.147570 0.000000
vt -0.570155 0.146071 0.000000
vt -0.584818 0.123003 0.000000
vt -0.567711 0.121504 0.000000
vt -0.582374 0.098435 0.000000
vt -0.565267 0.096936 0.000000
vt -0.579930 0.073868 0.000000
vt -0.562824 0.072369 0.000000
vt -0.577486 0.049301 0.000000
vt -0.560380 0.047802 0.000000
vt -0.575042 0.024733 0.000000
vt -0.557936 0.023234 0.000000
vt -0.572599 0.000166 0.000000
vt -0.555492 -0.001333 0.000000
vt -0.570155 -0.024401 0.000000
vt -0.553049 -0.025900 0.000000
vt -0.567711 -0.048969 0.000000
vt -0.550605 -0.050468 0.000000
vt -0.565267 -0.073536 0.000000
vt -0.548161 -0.075035 0.000000
vt -0.562824 -0.098103 0.000000
vt -0.545717 -0.099602 0.000000
vt -0.560380 -0.122671 0.000000
vt -0.543274 -0.124170 0.000000
vt -0.557936 -0.147238 0.000000
vt -0.540830 -0.148737 0.000000
vt -0.555492 -0.171805 0.000000
vt -0.538386 -0.173304 0.000000
vt -0.553049 -0.196373 0.000000
vt -0.535942 -0.197872 0.000000
vt -0.550605 -0.220940 0.000000
vt -0.533499 -0.222439 0.000000
vt -0.548161 -0.245507 0.000000
vt -0.531055 -0.247006 0.000000
vt -0.545717 -0.270075 0.000000
vt -0.528611 -0.271574 0.000000
vt -0.543274 -0.294642 0.000000
vt -0.526167 -0.296141 0.000000
vt -0.540830 -0.319209 0.000000
vt -0.523724 -0.320708 0.000000
vt -0.538386 -0.343777 0.000000
vt -0.521280 -0.345276 0.000000
vt -0.535942 -0.368344 0.000000
vt -0.518836 -0.369843 0.000000
vt -0.533499 -0.392911 0.000000
vt -0.516392 -0.394410 0.000000
vt -0.516392 0.403554 0.000000
vt -0.533499 0.405053 0.000000
vt -0.531055 0.380486 0.000000
vt -0.513949 0.378987 0.000000
vt -0.528611 0.355918 0.000000
vt -0.511505 0.354420 0.000000
vt -0.526167 0.331351 0.000000
vt -0.509061 0.329852 0.000000
vt -0.523724 0.306784 0.000000
vt -0.506617 0.305285 0.000000
vt -0.521280 0.282216 0.000000
vt -0.504174 0.280718 0.000000
vt -0.518836 0.257649 0.000000
vt -0.501730 0.256150 0.000000
vt -0.516392 0.233082 0.000000
vt -0.499286 0.231583 0.000000
vt -0.513949 0.208514 0.000000
vt -0.496842 0.207016 0.000000
vt -0.511505 0.183947 0.000000
vt -0.494398 0.182448 0.000000
vt -0.509061 0.159380 0.000000
vt -0.491955 0.157881 0.000000
vt -0.506617 0.134812 0.000000
vt -0.489511 0.133314 0.000000
vt -0.504174 0.110245 0.000000
vt -0.487067 0.108746 0.000000
vt -0.501730 0.085678 0.000000
vt -0.484623 0.084179 0.000000
vt -0.499286 0.061110 0.000000
vt -0.482180 0.059612 0.000000
vt -0.496842 0.036543 0.000000
vt -0.479736 0.035044 0.000000
vt -0.494398 0.011976 0.000000
vt -0.477292 0.010477 0.000000
vt -0.491955 -0.012592 0.000000
vt -0.474848 -0.014090 0.000000
vt -0.489511 -0.037159 0.000000
vt -0.472405 -0.038658 0.000000
vt -0.487067 -0.061726 0.000000
vt -0.469961 -0.063225 0.000000
vt -0.484623 -0.086294 0.000000
vt -0.467517 -0.087792 0.000000
vt -0.482180 -0.110861 0.000000
vt -0.465073 -0.112360 0.000000
vt -0.479736 -0.135428 0.000000
vt -0.462630 -0.136927 0.000000
vt -0.477292 -0.159996 0.000000
vt -0.460186 -0.161494 0.000000
vt -0.474848 -0.184563 0.000000
vt -0.457742 -0.186062 0.000000
vt -0.472405 -0.209130 0.000000
vt -0.455298 -0.210629 0.000000
vt -0.469961 -0.233698 0.000000
vt -0.452855 -0.235196 0.000000
vt -0.467517 -0.258265 0.000000
vt -0.450411 -0.259764 0.000000
vt -0.465073 -0.282832 0.000000
vt -0.447967 -0.284331 0.000000
vt -0.462630 -0.307400 0.000000
vt -0.445523 -0.308898 0.000000
vt -0.460186 -0.331967 0.000000
vt -0.443080 -0.333466 0.000000
vt -0.457742 -0.356534 0.000000
vt -0.440636 -0.358033 0.000000
vt -0.455298 -0.381102 0.000000
vt -0.438192 -0.382600 0.000000
vt -0.438192 0.415364 0.000000
vt -0.455298 0.416863 0.000000
vt -0.452855 0.392296 0.000000
vt -0.435748 0.390797 0.000000
vt -0.450411 0.367728 0.000000
vt -0.433305 0.366230 0.000000
vt -0.447967 0.343161 0.000000
vt -0.430861 0.341662 0.000000
vt -0.445523 0.318594 0.000000
vt -0.428417 0.317095 0.000000
vt -0.443080 0.294026 0.000000
vt -0.425973 0.292528 0.000000
vt -0.440636 0.269459 0.000000
vt -0.423529 0.267960 0.000000
vt -0.438192 0.244892 0.000000
vt -0.421086 0.243393 0.000000
vt -0.435748 0.220324 0.000000
vt -0.418642 0.218826 0.000000
vt -0.433305 0.195757 0.000000
vt -0.416198 0.194258 0.000000
vt -0.430861 0.171190 0.000000
vt -0.413754 0.169691 0.000000
vt -0.428417 0.146622 0.000000
vt -0.411311 0.145124 0.000000
vt -0.425973 0.122055 0.000000
vt -0.408867 0.120556 0.000000
vt -0.423529 0.097488 0.000000
vt -0.406423 0.095989 0.000000
vt -0.421086 0.072920 0.000000
vt -0.403979 0.071422 0.000000
vt -0.418642 0.048353 0.000000
vt -0.401536 0.046854 0.000000
vt -0.416198 0.023786 0.000000
vt -0.399092 0.022287 0.000000
vt -0.413754 -0.000782 0.000000
vt -0.396648 -0.002280 0.000000
vt -0.411311 -0.025349 0.000000
vt -0.394204 -0.026848 0.000000
vt -0.408867 -0.049916 0.000000
vt -0.391761 -0.051415 0.000000
vt -0.406423 -0.074484 0.000000
vt -0.389317 -0.075982 0.000000
vt -0.403979 -0.099051 0.000000
vt -0.386873 -0.100550 0.000000
vt -0.401536 -0.123618 0.000000
vt -0.384429 -0.125117 0.000000
vt -0.399092 -0.148186 0.000000
vt -0.381986 -0.149684 0.000000
vt -0.396648 -0.172753 0.000000
vt -0.379542 -0.174252 0.000000
vt -0.394204 -0.197320 0.000000
vt -0.377098 -0.198819 0.000000
vt -0.391761 -0.221888 0.000000
vt -0.374654 -0.223386 0.000000
vt -0.389317 -0.246455 0.000000
vt -0.372211 -0.247954 0.000000
vt -0.386873 -0.271022 0.000000
vt -0.369767 -0.272521 0.000000
vt -0.384429 -0.295590 0.000000
vt -0.367323 -0.297088 0.000000
vt -0.381986 -0.320157 0.000000
vt -0.364879 -0.321656 0.000000
vt -0.379542 -0.344724 0.000000
vt -0.362436 -0.346223 0.000000
vt -0.377098 -0.369292 0.000000
vt -0.359992 -0.370790 0.000000
vt -0.374654 -0.393859 0.000000
vt -0.357548 -0.395358 0.000000
vt -0.357548 0.402607 0.000000
vt -0.374654 0.404105 0.000000
vt -0.372211 0.379538 0.000000
vt -0.355104 0.378039 0.000000
vt -0.369767 0.354971 0.000000
vt -0.352661 0.353472 0.000000
vt -0.367323 0.330403 0.000000
vt -0.350217 0.328905 0.000000
vt -0.364879 0.305836 0.000000
vt -0.347773 0.304337 0.000000
vt -0.362436 0.281269 0.000000
vt -0.345329 0.279770 0.000000
vt -0.359992 0.256701 0.000000
vt -0.342885 0.255203 0.000000
vt -0.357548 0.232134 0.000000
vt -0.340442 0.230635 0.000000
vt -0.355104 0.207567 0.000000
vt -0.337998 0.206068 0.000000
vt -0.352661 0.182999 0.000000
vt -0.335554 0.181501 0.000000
vt -0.350217 0.158432 0.000000
vt -0.333110 0.156933 0.000000
vt -0.347773 0.133865 0.000000
vt -0.330667 0.132366 0.000000
vt -0.345329 0.109297 0.000000
vt -0.328223 0.107799 0.000000
vt -0.342885 0.084730 0.000000
vt -0.325779 0.083231 0.000000
vt -0.340442 0.060163 0.000000
vt -0.323335 0.058664 0.000000
vt -0.337998 0.035595 0.000000
vt -0.320892 0.034097 0.000000
vt -0.335554 0.011028 0.000000
vt -0.318448 0.009529 0.000000
vt -0.333110 -0.013539 0.000000
vt -0.316004 -0.015038 0.000000
vt -0.330667 -0.038107 0.000000
vt -0.313560 -0.039605 0.000000
vt -0.328223 -0.062674 0.000000
vt -0.311117 -0.064173 0.000000
vt -0.325779 -0.087241 0.000000
vt -0.308673 -0.088740 0.000000
vt -0.323335 -0.111809 0.000000
vt -0.306229 -0.113307 0.000000
vt -0.320892 -0.136376 0.000000
vt -0.303785 -0.137875 0.000000
vt -0.318448 -0.160943 0.000000
vt -0.301342 -0.162442 0.000000
vt -0.316004 -0.185511 0.000000
vt -0.298898 -0.187009 0.000000
vt -0.313560 -0.210078 0.000000
vt -0.296454 -0.211577 0.000000
vt -0.311117 -0.234645 0.000000
vt -0.294010 -0.236144 0.000000
vt -0.308673 -0.259213 0.000000
vt -0.291567 -0.260711 0.000000
vt -0.306229 -0.283780 0.000000
vt -0.289123 -0.285279 0.000000
vt -0.303785 -0.308347 0.000000
vt -0.286679 -0.309846 0.000000
vt -0.301342 -0.332915 0.000000
vt -0.284235 -0.334413 0.000000
vt -0.298898 -0.357482 0.000000
vt -0.281792 -0.358981 0.000000
vt -0.296454 -0.382049 0.000000
vt -0.279348 -0.383548 0.000000
vt -0.279348 0.414417 0.000000
vt -0.296454 0.415915 0.000000
vt -0.294010 0.391348 0.000000
vt -0.276904 0.389849 0.000000
vt -0.291567 0.366781 0.000000
vt -0.274460 0.365282 0.000000
vt -0.289123 0.342213 0.000000
vt -0.272017 0.340715 0.000000
vt -0.286679 0.317646 0.000000
vt -0.269573 0.316147 0.000000
vt -0.284235 0.293079 0.000000
vt -0.267129 0.291580 0.000000
vt -0.281792 0.268511 0.000000
vt -0.264685 0.267013 0.000000
vt -0.279348 0.243944 0.000000
vt -0.262241 0.242445 0.000000
vt -0.276904 0.219377 0.000000
vt -0.259798 0.217878 0.000000
vt -0.274460 0.194809 0.000000
vt -0.257354 0.193311 0.000000
vt -0.272017 0.170242 0.000000
vt -0.254910 0.168743 0.000000
vt -0.269573 0.145675 0.000000
vt -0.252466 0.144176 0.000000
vt -0.267129 0.121107 0.000000
vt -0.250023 0.119609 0.000000
vt -0.264685 0.096540 0.000000
vt -0.247579 0.095041 0.000000
vt -0.262241 0.071973 0.000000
vt -0.245135 0.070474 0.000000
vt -0.259798 0.047405 0.000000
vt -0.242691 0.045907 0.000000
vt -0.257354 0.022838 0.000000
vt -0.240248 0.021339 0.000000
vt -0.254910 -0.001729 0.000000
vt -0.237804 -0.003228 0.000000
vt -0.252466 -0.026297 0.000000
vt -0.235360 -0.027795 0.000000
vt -0.250023 -0.050864 0.000000
vt -0.232916 -0.052363 0.000000
vt -0.247579 -0.075431 0.000000
vt -0.230473 -0.076930 0.000000
vt -0.245135 -0.099999 0.000000
vt -0.228029 -0.101497 0.000000
vt -0.242691 -0.124566 0.000000
vt -0.225585 -0.126065 0.000000
vt -0.240248 -0.149133 0.000000
vt -0.223141 -0.150632 0.000000
vt -0.237804 -0.173701 0.000000
vt -0.220698 -0.175199 0.000000
vt -0.235360 -0.198268 0.000000
vt -0.218254 -0.199767 0.000000
vt -0.232916 -0.222835 0.000000
vt -0.215810 -0.224334 0.000000
vt -0.230473 -0.247403 0.000000
vt -0.213366 -0.248901 0.000000
vt -0.228029 -0.271970 0.000000
vt -0.210923 -0.273469 0.000000
vt -0.225585 -0.296537 0.000000
vt -0.208479 -0.298036 0.000000
vt -0.223141 -0.321105 0.000000
vt -0.206035 -0.322603 0.000000
vt -0.220698 -0.345672 0.000000
vt -0.203591 -0.347171 0.000000
vt -0.218254 -0.370239 0.000000
vt -0.201148 -0.371738 0.000000
vt -0.215810 -0.394807 0.000000
vt -0.198704 -0.396305 0.000000
vt -0.198704 0.401659 0.000000
vt -0.215810 0.403158 0.000000
vt -0.213366 0.378591 0.000000
vt -0.196260 0.377092 0.000000
vt -0.210923 0.354023 0.000000
vt -0.193816 0.352524 0.000000
vt -0.208479 0.329456 0.000000
vt -0.191373 0.327957 0.000000
vt -0.206035 0.304889 0.000000
vt -0.188929 0.303390 0.000000
vt -0.203591 0.280321 0.000000
vt -0.186485 0.278822 0.000000
vt -0.201148 0.255754 0.000000
vt -0.184041 0.254255 0.000000
vt -0.198704 0.231187 0.000000
vt -0.181597 0.229688 0.000000
vt -0.196260 0.206619 0.000000
vt -0.179154 0.205120 0.000000
vt -0.193816 0.182052 0.000000
vt -0.176710 0.180553 0.000000
vt -0.191373 0.157485 0.000000
vt -0.174266 0.155986 0.000000
vt -0.188929 0.132917 0.000000
vt -0.171822 0.131418 0.000000
vt -0.186485 0.108350 0.000000
vt -0.169379 0.106851 0.000000
vt -0.184041 0.083783 0.000000
vt -0.166935 0.082284 0.000000
vt -0.181597 0.059215 0.000000
vt -0.164491 0.057716 0.000000
vt -0.179154 0.034648 0.000000
vt -0.162047 0.033149 0.000000
vt -0.176710 0.010081 0.000000
vt -0.159604 0.008582 0.000000
vt -0.174266 -0.014487 0.000000
vt -0.157160 -0.015986 0.000000
vt -0.171822 -0.039054 0.000000
vt -0.154716 -0.040553 0.000000
vt -0.169379 -0.063621 0.000000
vt -0.152272 -0.065120 0.000000
vt -0.166935 -0.088189 0.000000
vt -0.149829 -0.089688 0.000000
vt -0.164491 -0.112756 0.000000
vt -0.147385 -0.114255 0.000000
vt -0.162047 -0.137323 0.000000
vt -0.147385 -0.142667 0.000000
vt -0.159604 -0.161891 0.000000
vt -0.147385 -0.171079 0.000000
vt -0.157160 -0.186458 0.000000
vt -0.147385 -0.199491 0.000000
vt -0.154716 -0.211025 0.000000
vt -0.147385 -0.227903 0.000000
vt -0.152272 -0.235593 0.000000
vt -0.147385 -0.256315 0.000000
vt -0.149829 -0.260160 0.000000
vt -0.147385 -0.284727 0.000000
vt -0.000000 9.428752 0.000000
vt -0.004858 9.395985 0.000000
vt -0.000000 9.399993 0.000000
vt -0.000000 9.371151 0.000000
vt -0.011032 9.362075 0.000000
vt -0.000000 9.342199 0.000000
vt -0.017214 9.327096 0.000000
vt -0.000000 9.313271 0.000000
vt -0.023023 9.290932 0.000000
vt -0.000000 9.284321 0.000000
vt -0.028969 9.253676 0.000000
vt -0.000000 9.255485 0.000000
vt -0.032174 9.234590 0.000000
vt -0.000000 9.226727 0.000000
vt -0.035568 9.215152 0.000000
vt -0.000000 9.197924 0.000000
vt -0.039143 9.195215 0.000000
vt -0.000000 9.169000 0.000000
vt -0.042829 9.174782 0.000000
vt -0.046525 9.153855 0.000000
vt -0.000000 9.140064 0.000000
vt -0.050115 9.132497 0.000000
vt -0.000000 9.111106 0.000000
vt -0.049854 9.103555 0.000000
vt -0.000000 9.082227 0.000000
vt -0.049591 9.074724 0.000000
vt -0.000000 9.053455 0.000000
vt -0.049529 9.045974 0.000000
vt -0.000000 9.024681 0.000000
vt -0.049713 9.017171 0.000000
vt -0.000000 8.995797 0.000000
vt -0.050012 8.988235 0.000000
vt -0.000000 8.966840 0.000000
vt -0.050151 8.959285 0.000000
vt -0.000000 8.937903 0.000000
vt -0.049955 8.930339 0.000000
vt -0.000000 8.908983 0.000000
vt -0.049664 8.901464 0.000000
vt -0.000000 8.880184 0.000000
vt -0.049521 8.872700 0.000000
vt -0.000000 8.851424 0.000000
vt -0.049628 8.843930 0.000000
vt -0.000000 8.822584 0.000000
vt -0.049914 8.815037 0.000000
vt -0.000000 8.793632 0.000000
vt -0.050143 8.786062 0.000000
vt -0.000000 8.764703 0.000000
vt -0.050046 8.757133 0.000000
vt -0.000000 8.735753 0.000000
vt -0.049755 8.728218 0.000000
vt -0.000000 8.706917 0.000000
vt -0.049542 8.699426 0.000000
vt -0.000000 8.678158 0.000000
vt -0.049565 8.670673 0.000000
vt -0.000000 8.649356 0.000000
vt -0.049810 8.641828 0.000000
vt -0.000000 8.620433 0.000000
vt -0.050092 8.612861 0.000000
vt -0.000000 8.591497 0.000000
vt -0.050115 8.583930 0.000000
vt -0.000000 8.562539 0.000000
vt -0.049856 8.554987 0.000000
vt -0.000000 8.533659 0.000000
vt -0.049592 8.526156 0.000000
vt -0.000000 8.504887 0.000000
vt -0.049528 8.497406 0.000000
vt -0.000000 8.476113 0.000000
vt -0.049711 8.468604 0.000000
vt -0.000000 8.447230 0.000000
vt -0.050011 8.439667 0.000000
vt -0.000000 8.418273 0.000000
vt -0.050151 8.410718 0.000000
vt -0.000000 8.389335 0.000000
vt -0.049957 8.381771 0.000000
vt -0.000000 8.360415 0.000000
vt -0.049665 8.352896 0.000000
vt -0.000000 8.331615 0.000000
vt -0.049521 8.324132 0.000000
vt -0.000000 8.302856 0.000000
vt -0.049627 8.295362 0.000000
vt -0.000000 8.274016 0.000000
vt -0.049912 8.266470 0.000000
vt -0.000000 8.245065 0.000000
vt -0.050142 8.237495 0.000000
vt -0.000000 8.216136 0.000000
vt -0.050048 8.208566 0.000000
vt -0.000000 8.187186 0.000000
vt -0.049756 8.179650 0.000000
vt -0.000000 8.158348 0.000000
vt -0.049543 8.150857 0.000000
vt -0.000000 8.129590 0.000000
vt -0.049564 8.122105 0.000000
vt -0.000000 8.100788 0.000000
vt -0.049808 8.093261 0.000000
vt -0.000000 8.071865 0.000000
vt -0.050091 8.064294 0.000000
vt -0.000000 8.042929 0.000000
vt -0.050116 8.035363 0.000000
vt -0.000000 8.013971 0.000000
vt -0.049857 8.006420 0.000000
vt -0.000000 7.985091 0.000000
vt -0.049593 7.977588 0.000000
vt -0.000000 7.956319 0.000000
vt -0.049528 7.948837 0.000000
vt -0.000000 7.927545 0.000000
vt -0.049710 7.920036 0.000000
vt -0.000000 7.898663 0.000000
vt -0.050009 7.891100 0.000000
vt -0.000000 7.869705 0.000000
vt -0.050151 7.862150 0.000000
vt -0.000000 7.840768 0.000000
vt -0.049959 7.833204 0.000000
vt -0.000000 7.811847 0.000000
vt -0.049667 7.804328 0.000000
vt -0.000000 7.783047 0.000000
vt -0.049521 7.775563 0.000000
vt -0.000000 7.754288 0.000000
vt -0.049626 7.746794 0.000000
vt -0.000000 7.725449 0.000000
vt -0.049911 7.717903 0.000000
vt -0.000000 7.696498 0.000000
vt -0.050141 7.688928 0.000000
vt -0.000000 7.667569 0.000000
vt -0.050049 7.659999 0.000000
vt -0.000000 7.638618 0.000000
vt -0.049758 7.631083 0.000000
vt -0.000000 7.609780 0.000000
vt -0.049543 7.602289 0.000000
vt -0.000000 7.581022 0.000000
vt -0.049563 7.573537 0.000000
vt -0.000000 7.552220 0.000000
vt -0.049807 7.544694 0.000000
vt -0.000000 7.523298 0.000000
vt -0.050090 7.515727 0.000000
vt -0.000000 7.494362 0.000000
vt -0.050117 7.486796 0.000000
vt -0.000000 7.465404 0.000000
vt -0.049859 7.457852 0.000000
vt -0.000000 7.436523 0.000000
vt -0.049594 7.429019 0.000000
vt -0.000000 7.407750 0.000000
vt -0.049528 7.400269 0.000000
vt -0.000000 7.378977 0.000000
vt -0.049708 7.371468 0.000000
vt -0.000000 7.350095 0.000000
vt -0.050008 7.342533 0.000000
vt -0.000000 7.321138 0.000000
vt -0.050151 7.313583 0.000000
vt -0.000000 7.292201 0.000000
vt -0.049960 7.284637 0.000000
vt -0.000000 7.263280 0.000000
vt -0.049668 7.255760 0.000000
vt -0.000000 7.234479 0.000000
vt -0.049521 7.226995 0.000000
vt -0.000000 7.205720 0.000000
vt -0.049625 7.198226 0.000000
vt -0.000000 7.176881 0.000000
vt -0.049909 7.169336 0.000000
vt -0.000000 7.147930 0.000000
vt -0.050141 7.140360 0.000000
vt -0.000000 7.119002 0.000000
vt -0.050050 7.111431 0.000000
vt -0.000000 7.090051 0.000000
vt -0.049760 7.082515 0.000000
vt -0.000000 7.061212 0.000000
vt -0.049544 7.053720 0.000000
vt -0.000000 7.032453 0.000000
vt -0.049563 7.024969 0.000000
vt -0.000000 7.003653 0.000000
vt -0.049805 6.996126 0.000000
vt -0.000000 6.974731 0.000000
vt -0.050088 6.967160 0.000000
vt -0.000000 6.945794 0.000000
vt -0.050118 6.938228 0.000000
vt -0.000000 6.916837 0.000000
vt -0.049861 6.909285 0.000000
vt -0.000000 6.887955 0.000000
vt -0.049595 6.880451 0.000000
vt -0.000000 6.859182 0.000000
vt -0.049527 6.851701 0.000000
vt -0.000000 6.830409 0.000000
vt -0.049707 6.822900 0.000000
vt -0.000000 6.801528 0.000000
vt -0.050006 6.793966 0.000000
vt -0.000000 6.772570 0.000000
vt -0.050152 6.765015 0.000000
vt -0.000000 6.743634 0.000000
vt -0.049962 6.736069 0.000000
vt -0.000000 6.714712 0.000000
vt -0.049669 6.707192 0.000000
vt -0.000000 6.685910 0.000000
vt -0.049521 6.678427 0.000000
vt -0.000000 6.657152 0.000000
vt -0.049623 6.649658 0.000000
vt -0.000000 6.628314 0.000000
vt -0.049907 6.620769 0.000000
vt -0.000000 6.599363 0.000000
vt -0.050140 6.591793 0.000000
vt -0.000000 6.570435 0.000000
vt -0.050052 6.562864 0.000000
vt -0.000000 6.541483 0.000000
vt -0.049761 6.533947 0.000000
vt -0.000000 6.512644 0.000000
vt -0.049545 6.505152 0.000000
vt -0.000000 6.483885 0.000000
vt -0.049562 6.476401 0.000000
vt -0.000000 6.455085 0.000000
vt -0.049803 6.447559 0.000000
vt -0.000000 6.426164 0.000000
vt -0.050087 6.418592 0.000000
vt -0.000000 6.397227 0.000000
vt -0.050119 6.389661 0.000000
vt -0.000000 6.368270 0.000000
vt -0.049862 6.360717 0.000000
vt -0.000000 6.339387 0.000000
vt -0.049596 6.331883 0.000000
vt -0.000000 6.310613 0.000000
vt -0.049527 6.303132 0.000000
vt -0.000000 6.281841 0.000000
vt -0.049705 6.274333 0.000000
vt -0.000000 6.252961 0.000000
vt -0.050005 6.245399 0.000000
vt -0.000000 6.224003 0.000000
vt -0.050152 6.216447 0.000000
vt -0.000000 6.195067 0.000000
vt -0.049963 6.187502 0.000000
vt -0.000000 6.166144 0.000000
vt -0.049671 6.158624 0.000000
vt -0.000000 6.137342 0.000000
vt -0.049521 6.129858 0.000000
vt -0.000000 6.108584 0.000000
vt -0.049622 6.101090 0.000000
vt -0.000000 6.079746 0.000000
vt -0.049906 6.072201 0.000000
vt -0.000000 6.050796 0.000000
vt -0.050140 6.043226 0.000000
vt -0.000000 6.021868 0.000000
vt -0.050053 6.014297 0.000000
vt -0.000000 5.992916 0.000000
vt -0.049763 5.985379 0.000000
vt -0.000000 5.964076 0.000000
vt -0.049545 5.956584 0.000000
vt -0.000000 5.935317 0.000000
vt -0.049561 5.927832 0.000000
vt -0.000000 5.906517 0.000000
vt -0.049802 5.898991 0.000000
vt -0.000000 5.877597 0.000000
vt -0.050086 5.870025 0.000000
vt -0.000000 5.848659 0.000000
vt -0.050120 5.841094 0.000000
vt -0.000000 5.819702 0.000000
vt -0.049864 5.812150 0.000000
vt -0.000000 5.790819 0.000000
vt -0.049597 5.783315 0.000000
vt -0.000000 5.762045 0.000000
vt -0.049527 5.754564 0.000000
vt -0.000000 5.733273 0.000000
vt -0.049704 5.725765 0.000000
vt -0.000000 5.704394 0.000000
vt -0.050003 5.696832 0.000000
vt -0.000000 5.675436 0.000000
vt -0.050152 5.667880 0.000000
vt -0.000000 5.646500 0.000000
vt -0.049965 5.638935 0.000000
vt -0.000000 5.617576 0.000000
vt -0.049672 5.610056 0.000000
vt -0.000000 5.588774 0.000000
vt -0.049521 5.581290 0.000000
vt -0.000000 5.560015 0.000000
vt -0.049621 5.552522 0.000000
vt -0.000000 5.531179 0.000000
vt -0.049904 5.523634 0.000000
vt -0.000000 5.502229 0.000000
vt -0.050139 5.494658 0.000000
vt -0.000000 5.473300 0.000000
vt -0.050054 5.465730 0.000000
vt -0.000000 5.444348 0.000000
vt -0.049764 5.436811 0.000000
vt -0.000000 5.415508 0.000000
vt -0.049546 5.408015 0.000000
vt -0.000000 5.386748 0.000000
vt -0.049560 5.379264 0.000000
vt -0.000000 5.357949 0.000000
vt -0.049800 5.350424 0.000000
vt -0.000000 5.329030 0.000000
vt -0.050085 5.321458 0.000000
vt -0.000000 5.300092 0.000000
vt -0.050121 5.292527 0.000000
vt -0.000000 5.271135 0.000000
vt -0.049866 5.263582 0.000000
vt -0.000000 5.242251 0.000000
vt -0.049598 5.234747 0.000000
vt -0.000000 5.213477 0.000000
vt -0.049526 5.205996 0.000000
vt -0.000000 5.184705 0.000000
vt -0.049702 5.177197 0.000000
vt -0.000000 5.155826 0.000000
vt -0.050002 5.148265 0.000000
vt -0.000000 5.126868 0.000000
vt -0.050152 5.119312 0.000000
vt -0.000000 5.097933 0.000000
vt -0.049967 5.090367 0.000000
vt -0.000000 5.069008 0.000000
vt -0.049674 5.061488 0.000000
vt -0.000000 5.040205 0.000000
vt -0.049522 5.032721 0.000000
vt -0.000000 5.011447 0.000000
vt -0.049620 5.003954 0.000000
vt -0.000000 4.982611 0.000000
vt -0.049902 4.975067 0.000000
vt -0.000000 4.953662 0.000000
vt -0.050139 4.946091 0.000000
vt -0.000000 4.924733 0.000000
vt -0.050056 4.917163 0.000000
vt -0.000000 4.895781 0.000000
vt -0.049766 4.888244 0.000000
vt -0.000000 4.866939 0.000000
vt -0.049547 4.859447 0.000000
vt -0.000000 4.838180 0.000000
vt -0.049559 4.830696 0.000000
vt -0.000000 4.809382 0.000000
vt -0.049798 4.801856 0.000000
vt -0.000000 4.780463 0.000000
vt -0.050084 4.772891 0.000000
vt -0.000000 4.751524 0.000000
vt -0.050121 4.743959 0.000000
vt -0.000000 4.722568 0.000000
vt -0.049868 4.715015 0.000000
vt -0.000000 4.693683 0.000000
vt -0.049599 4.686178 0.000000
vt -0.000000 4.664908 0.000000
vt -0.049526 4.657427 0.000000
vt -0.000000 4.636137 0.000000
vt -0.049701 4.628629 0.000000
vt -0.000000 4.607259 0.000000
vt -0.050000 4.599698 0.000000
vt -0.000000 4.578301 0.000000
vt -0.050152 4.570745 0.000000
vt -0.000000 4.549365 0.000000
vt -0.049968 4.541800 0.000000
vt -0.000000 4.520441 0.000000
vt -0.049675 4.512920 0.000000
vt -0.000000 4.491637 0.000000
vt -0.049522 4.484153 0.000000
vt -0.000000 4.462879 0.000000
vt -0.049619 4.455386 0.000000
vt -0.000000 4.434044 0.000000
vt -0.049900 4.426500 0.000000
vt -0.000000 4.405094 0.000000
vt -0.050138 4.397524 0.000000
vt -0.000000 4.376166 0.000000
vt -0.050057 4.368595 0.000000
vt -0.000000 4.347213 0.000000
vt -0.049768 4.339676 0.000000
vt -0.000000 4.318371 0.000000
vt -0.049547 4.310879 0.000000
vt -0.000000 4.289612 0.000000
vt -0.049559 4.282128 0.000000
vt -0.000000 4.260814 0.000000
vt -0.049797 4.253289 0.000000
vt -0.000000 4.231895 0.000000
vt -0.050083 4.224324 0.000000
vt -0.000000 4.202957 0.000000
vt -0.050122 4.195392 0.000000
vt -0.000000 4.174000 0.000000
vt -0.049869 4.166447 0.000000
vt -0.000000 4.145115 0.000000
vt -0.049600 4.137610 0.000000
vt -0.000000 4.116340 0.000000
vt -0.049526 4.108859 0.000000
vt -0.000000 4.087569 0.000000
vt -0.049699 4.080062 0.000000
vt -0.000000 4.058692 0.000000
vt -0.049999 4.051131 0.000000
vt -0.000000 4.029733 0.000000
vt -0.050152 4.022177 0.000000
vt -0.000000 4.000798 0.000000
vt -0.049970 3.993233 0.000000
vt -0.000000 3.971873 0.000000
vt -0.049676 3.964352 0.000000
vt -0.000000 3.943069 0.000000
vt -0.049522 3.935585 0.000000
vt -0.000000 3.914311 0.000000
vt -0.049618 3.906818 0.000000
vt -0.000000 3.885476 0.000000
vt -0.049899 3.877932 0.000000
vt -0.000000 3.856527 0.000000
vt -0.050137 3.848957 0.000000
vt -0.000000 3.827599 0.000000
vt -0.050058 3.820028 0.000000
vt -0.000000 3.798646 0.000000
vt -0.049769 3.791108 0.000000
vt -0.000000 3.769803 0.000000
vt -0.049548 3.762310 0.000000
vt -0.000000 3.741043 0.000000
vt -0.049558 3.733560 0.000000
vt -0.000000 3.712246 0.000000
vt -0.049795 3.704721 0.000000
vt -0.000000 3.683328 0.000000
vt -0.050081 3.675757 0.000000
vt -0.000000 3.654390 0.000000
vt -0.050123 3.646825 0.000000
vt -0.000000 3.625433 0.000000
vt -0.049871 3.617880 0.000000
vt -0.000000 3.596547 0.000000
vt -0.049601 3.589042 0.000000
vt -0.000000 3.567772 0.000000
vt -0.049525 3.560291 0.000000
vt -0.000000 3.539001 0.000000
vt -0.049698 3.531494 0.000000
vt -0.000000 3.510124 0.000000
vt -0.049997 3.502564 0.000000
vt -0.000000 3.481166 0.000000
vt -0.050153 3.473610 0.000000
vt -0.000000 3.452231 0.000000
vt -0.049971 3.444665 0.000000
vt -0.000000 3.423305 0.000000
vt -0.049678 3.415784 0.000000
vt -0.000000 3.394500 0.000000
vt -0.049522 3.387016 0.000000
vt -0.000000 3.365742 0.000000
vt -0.049616 3.358250 0.000000
vt -0.000000 3.336909 0.000000
vt -0.049897 3.329365 0.000000
vt -0.000000 3.307960 0.000000
vt -0.050137 3.300389 0.000000
vt -0.000000 3.279032 0.000000
vt -0.050059 3.271461 0.000000
vt -0.000000 3.250078 0.000000
vt -0.049771 3.242540 0.000000
vt -0.000000 3.221235 0.000000
vt -0.049549 3.213742 0.000000
vt -0.000000 3.192475 0.000000
vt -0.049557 3.184991 0.000000
vt -0.000000 3.163678 0.000000
vt -0.049793 3.156154 0.000000
vt -0.000000 3.134761 0.000000
vt -0.050080 3.127190 0.000000
vt -0.000000 3.105822 0.000000
vt -0.050124 3.098257 0.000000
vt -0.000000 3.076866 0.000000
vt -0.049873 3.069312 0.000000
vt -0.000000 3.047979 0.000000
vt -0.049602 3.040474 0.000000
vt -0.000000 3.019203 0.000000
vt -0.049525 3.011722 0.000000
vt -0.000000 2.990433 0.000000
vt -0.049696 2.982926 0.000000
vt -0.000000 2.961557 0.000000
vt -0.049996 2.953997 0.000000
vt -0.000000 2.932599 0.000000
vt -0.050153 2.925042 0.000000
vt -0.000000 2.903664 0.000000
vt -0.049973 2.896098 0.000000
vt -0.000000 2.874737 0.000000
vt -0.049679 2.867216 0.000000
vt -0.000000 2.845932 0.000000
vt -0.049522 2.838448 0.000000
vt -0.000000 2.817174 0.000000
vt -0.049615 2.809682 0.000000
vt -0.000000 2.788341 0.000000
vt -0.049895 2.780798 0.000000
vt -0.000000 2.759393 0.000000
vt -0.050136 2.751822 0.000000
vt -0.000000 2.730464 0.000000
vt -0.050061 2.722894 0.000000
vt -0.000000 2.701511 0.000000
vt -0.049773 2.693973 0.000000
vt -0.000000 2.672667 0.000000
vt -0.049549 2.665174 0.000000
vt -0.000000 2.643907 0.000000
vt -0.049556 2.636423 0.000000
vt -0.000000 2.615110 0.000000
vt -0.049792 2.607586 0.000000
vt -0.000000 2.586194 0.000000
vt -0.050079 2.578623 0.000000
vt -0.000000 2.557255 0.000000
vt -0.050125 2.549690 0.000000
vt -0.000000 2.528299 0.000000
vt -0.049874 2.520745 0.000000
vt -0.000000 2.499411 0.000000
vt -0.049603 2.491905 0.000000
vt -0.000000 2.470635 0.000000
vt -0.049525 2.463154 0.000000
vt -0.000000 2.441865 0.000000
vt -0.049695 2.434358 0.000000
vt -0.000000 2.412990 0.000000
vt -0.049994 2.405430 0.000000
vt -0.000000 2.384031 0.000000
vt -0.050153 2.376474 0.000000
vt -0.000000 2.355097 0.000000
vt -0.049974 2.347531 0.000000
vt -0.000000 2.326170 0.000000
vt -0.049681 2.318648 0.000000
vt -0.000000 2.297364 0.000000
vt -0.049523 2.289879 0.000000
vt -0.000000 2.268606 0.000000
vt -0.049614 2.261114 0.000000
vt -0.000000 2.239774 0.000000
vt -0.049894 2.232231 0.000000
vt -0.000000 2.210826 0.000000
vt -0.050136 2.203255 0.000000
vt -0.000000 2.181897 0.000000
vt -0.050062 2.174326 0.000000
vt -0.000000 2.152943 0.000000
vt -0.049774 2.145405 0.000000
vt -0.000000 2.124098 0.000000
vt -0.049550 2.116605 0.000000
vt -0.000000 2.095338 0.000000
vt -0.049556 2.087855 0.000000
vt -0.000000 2.066543 0.000000
vt -0.049790 2.059019 0.000000
vt -0.000000 2.037627 0.000000
vt -0.050078 2.030056 0.000000
vt -0.005564 2.004580 0.000000
vt -0.050125 2.001123 0.000000
vt -0.010954 1.970553 0.000000
vt -0.049876 1.972177 0.000000
vt -0.049604 1.943337 0.000000
vt -0.016511 1.935691 0.000000
vt -0.049524 1.914585 0.000000
vt -0.022674 1.899760 0.000000
vt -0.049693 1.885791 0.000000
vt -0.029409 1.862469 0.000000
vt -0.049992 1.856863 0.000000
vt -0.032855 1.843191 0.000000
vt -0.050153 1.827907 0.000000
vt -0.036205 1.823633 0.000000
vt -0.039443 1.803657 0.000000
vt -0.049976 1.798963 0.000000
vt -0.042678 1.783239 0.000000
vt -0.049682 1.770080 0.000000
vt -0.046004 1.762501 0.000000
vt -0.049523 1.741311 0.000000
vt 0.179070 0.310158 0.000000
vt 0.203794 0.291187 0.000000
vt 0.238760 0.275696 0.000000
vt 0.222766 0.266462 0.000000
vt 0.234692 0.237670 0.000000
vt 0.238760 0.206772 0.000000
vt 0.137848 0.000000 0.000000
vt 0.068924 0.000000 0.000000
vt 0.137848 -0.132080 0.000000
vt 0.000000 -0.132080 0.000000
vt 0.000000 0.000000 0.000000
vt -199.862152 0.015627 0.000000
vt -200.000000 0.015627 0.000000
vt -199.862152 -0.000000 0.000000
vt -199.862152 0.046880 0.000000
vt -200.000000 0.046880 0.000000
vt -199.862152 0.031254 0.000000
vt -199.862152 0.078134 0.000000
vt -200.000000 0.078134 0.000000
vt -199.862152 0.062507 0.000000
vt -199.862152 0.109388 0.000000
vt -200.000000 0.109388 0.000000
vt -199.862152 0.093761 0.000000
vt -199.862152 0.140641 0.000000
vt -200.000000 0.140641 0.000000
vt -199.862152 0.125014 0.000000
vt -199.862152 0.171895 0.000000
vt -200.000000 0.171895 0.000000
vt -199.862152 0.156268 0.000000
vt -199.862152 -0.171895 0.000000
vt -200.000000 -0.171895 0.000000
vt -199.862152 -0.187522 0.000000
vt -199.862152 -0.140641 0.000000
vt -200.000000 -0.140641 0.000000
vt -199.862152 -0.156268 0.000000
vt -199.862152 -0.109388 0.000000
vt -200.000000 -0.109388 0.000000
vt -199.862152 -0.125014 0.000000
vt -199.862152 -0.078134 0.000000
vt -200.000000 -0.078134 0.000000
vt -199.862152 -0.093761 0.000000
vt -199.862152 -0.046880 0.000000
vt -200.000000 -0.046880 0.000000
vt -199.862152 -0.062507 0.000000
vt -199.862152 -0.015627 0.000000
vt -200.000000 -0.015627 0.000000
vt -199.862152 -0.031254 0.000000
vt -199.862152 0.187522 0.000000
vt -200.000000 0.187522 0.000000
vt -200.000000 0.062507 0.000000
vt -200.000000 -0.062507 0.000000
vt -200.000000 0.156268 0.000000
vt -200.000000 0.125014 0.000000
vt -200.000000 0.093761 0.000000
vt -200.000000 0.031254 0.000000
vt -200.000000 0.000000 0.000000
vt -200.000000 -0.031254 0.000000
vt -200.000000 -0.093761 0.000000
vt -200.000000 -0.125014 0.000000
vt -200.000000 -0.156268 0.000000
vt 0.137848 0.000000 0.000000
vt 0.068924 0.000000 0.000000
vt 0.137848 -0.132080 0.000000
vt 0.000000 -0.132080 0.000000
vt 0.000000 0.000000 0.000000
vt 0.137848 0.000000 0.000000
vt 0.068924 0.000000 0.000000
vt 0.137848 -0.132080 0.000000
vt -0.000000 -0.132080 0.000000
vt 0.000000 0.000000 0.000000
vt 0.039435 0.159994 0.000000
vt 0.000000 0.164782 0.000000
vt 0.000000 0.137848 0.000000
vt -0.039435 0.159994 0.000000
vt -0.076578 0.145908 0.000000
vt -0.119380 0.068924 0.000000
vt -0.109271 0.123341 0.000000
vt -0.135613 0.093607 0.000000
vt -0.154074 0.058433 0.000000
vt -0.163581 0.019862 0.000000
vt -0.119380 -0.068924 0.000000
vt -0.163581 -0.019862 0.000000
vt -0.154074 -0.058433 0.000000
vt -0.135613 -0.093607 0.000000
vt -0.109271 -0.123341 0.000000
vt -0.076578 -0.145908 0.000000
vt 0.000000 -0.137848 0.000000
vt -0.039435 -0.159994 0.000000
vt -0.000000 -0.164782 0.000000
vt 0.039435 -0.159994 0.000000
vt 0.076578 -0.145908 0.000000
vt 0.119380 -0.068924 0.000000
vt 0.109271 -0.123341 0.000000
vt 0.135613 -0.093607 0.000000
vt 0.154074 -0.058433 0.000000
vt 0.163581 -0.019862 0.000000
vt 0.163581 0.019862 0.000000
vt 0.119380 0.068924 0.000000
vt 0.154074 0.058433 0.000000
vt 0.135613 0.093607 0.000000
vt 0.109271 0.123341 0.000000
vt 0.076578 0.145908 0.000000
vt 0.059690 0.310158 0.000000
vt 0.088482 0.322084 0.000000
vt 0.119380 0.344620 0.000000
vt 0.119380 0.326152 0.000000
vt 0.150278 0.322084 0.000000
vt 0.179070 0.310158 0.000000
vt -0.000000 0.206772 0.000000
vt 0.004068 0.237670 0.000000
vt -0.000000 0.275696 0.000000
vt 0.015994 0.266462 0.000000
vt 0.034966 0.291187 0.000000
vt 0.059690 0.310158 0.000000
vt 0.238760 0.206772 0.000000
vt 0.234692 0.175874 0.000000
vt 0.238760 0.137848 0.000000
vt 0.222766 0.147082 0.000000
vt 0.203794 0.122358 0.000000
vt 0.179070 0.103386 0.000000
vt 0.137848 0.000000 0.000000
vt 0.068924 0.000000 0.000000
vt 0.137848 -0.132080 0.000000
vt 0.000000 -0.132080 0.000000
vt 0.000000 0.000000 0.000000
vt 0.000000 -0.137848 0.000000
vt 0.000000 -0.068924 0.000000
vt -0.132080 -0.137848 0.000000
vt -0.132080 0.000000 0.000000
vt 0.000000 0.000000 0.000000
vt 0.137848 0.000000 0.000000
vt 0.068924 0.000000 0.000000
vt 0.137848 -0.132080 0.000000
vt 0.000000 -0.132080 0.000000
vt 0.000000 0.000000 0.000000
vt 0.039504 -0.441986 0.000000
vt 0.031377 -0.395578 0.000000
vt -0.000000 -0.437631 0.000000
vt -0.029122 -0.395578 0.000000
vt -0.039504 -0.441986 0.000000
vt -0.089622 -0.395578 0.000000
vt -0.089622 -0.456227 0.000000
vt -0.150122 -0.395578 0.000000
vt -0.150122 -0.456227 0.000000
vt -0.210621 -0.395578 0.000000
vt -0.210621 -0.456227 0.000000
vt -0.271121 -0.395578 0.000000
vt -0.271121 -0.456227 0.000000
vt -0.331620 -0.395578 0.000000
vt -0.331620 -0.456227 0.000000
vt -0.374875 -0.457460 0.000000
vt -0.331620 -0.516876 0.000000
vt -0.392120 -0.554855 0.000000
vt -0.331620 -0.577524 0.000000
vt -0.392120 -0.660842 0.000000
vt -0.331620 -0.638173 0.000000
vt -0.331620 -0.698822 0.000000
vt -0.271121 -0.698822 0.000000
vt -0.271121 -0.759471 0.000000
vt -0.210621 -0.759471 0.000000
vt -0.210621 -0.820120 0.000000
vt -0.150122 -0.820120 0.000000
vt -0.150122 -0.880768 0.000000
vt -0.089622 -0.880768 0.000000
vt -0.089622 -0.941417 0.000000
vt -0.029122 -0.941417 0.000000
vt -0.041943 -1.000815 0.000000
vt 0.013990 -1.002066 0.000000
vt 0.077087 -0.455059 0.000000
vt 0.091877 -0.456227 0.000000
vt 0.091877 -0.395578 0.000000
vt 0.031377 -0.334929 0.000000
vt -0.029122 -0.334929 0.000000
vt -0.029122 -0.274280 0.000000
vt -0.089622 -0.274280 0.000000
vt -0.041943 -0.214883 0.000000
vt -0.097534 -0.221294 0.000000
vt 0.110778 -0.476784 0.000000
vt 0.152376 -0.456227 0.000000
vt 0.152376 -0.395578 0.000000
vt 0.091877 -0.334929 0.000000
vt 0.152376 -0.334929 0.000000
vt 0.091877 -0.274280 0.000000
vt 0.152376 -0.274280 0.000000
vt 0.125045 -0.226614 0.000000
vt 0.179122 -0.242163 0.000000
vt 0.212876 -0.274280 0.000000
vt 0.231257 -0.265728 0.000000
vt 0.212876 -0.334929 0.000000
vt 0.273375 -0.334929 0.000000
vt 0.273375 -0.395578 0.000000
vt 0.324397 -0.348523 0.000000
vt 0.333875 -0.395578 0.000000
vt 0.360781 -0.415845 0.000000
vt 0.333875 -0.456227 0.000000
vt 0.385494 -0.504135 0.000000
vt 0.333875 -0.516876 0.000000
vt 0.333875 -0.577524 0.000000
vt 0.273375 -0.516876 0.000000
vt 0.273375 -0.577524 0.000000
vt 0.212876 -0.516876 0.000000
vt 0.212876 -0.577524 0.000000
vt 0.158466 -0.543858 0.000000
vt 0.168892 -0.585920 0.000000
vt 0.138555 -0.506758 0.000000
vt 0.152376 -0.516876 0.000000
vt 0.212876 -0.638173 0.000000
vt 0.168892 -0.629777 0.000000
vt 0.158466 -0.671839 0.000000
vt 0.138555 -0.708940 0.000000
vt 0.152376 -0.698822 0.000000
vt 0.212876 -0.698822 0.000000
vt 0.273375 -0.698822 0.000000
vt 0.273375 -0.638173 0.000000
vt 0.333875 -0.698822 0.000000
vt 0.333875 -0.638173 0.000000
vt 0.385494 -0.711562 0.000000
vt 0.394375 -0.607849 0.000000
vt 0.152376 -0.759471 0.000000
vt 0.110778 -0.738914 0.000000
vt 0.091877 -0.759471 0.000000
vt 0.077087 -0.760639 0.000000
vt 0.091877 -0.783615 0.000000
vt 0.039504 -0.773712 0.000000
vt 0.031377 -0.820120 0.000000
vt 0.031377 -0.779962 0.000000
vt -0.000000 -0.778067 0.000000
vt -0.029122 -0.820120 0.000000
vt -0.039504 -0.773712 0.000000
vt -0.089622 -0.820120 0.000000
vt -0.077087 -0.760639 0.000000
vt -0.089622 -0.759471 0.000000
vt -0.110778 -0.738914 0.000000
vt -0.150122 -0.759471 0.000000
vt -0.138555 -0.708940 0.000000
vt -0.150122 -0.698822 0.000000
vt -0.158466 -0.671839 0.000000
vt -0.210621 -0.698822 0.000000
vt -0.210621 -0.638173 0.000000
vt -0.271121 -0.638173 0.000000
vt -0.271121 -0.577524 0.000000
vt -0.168892 -0.629777 0.000000
vt -0.168892 -0.585920 0.000000
vt -0.210621 -0.577524 0.000000
vt -0.158466 -0.543858 0.000000
vt -0.210621 -0.516876 0.000000
vt -0.150122 -0.516876 0.000000
vt -0.138555 -0.506758 0.000000
vt -0.110778 -0.476784 0.000000
vt -0.077087 -0.455059 0.000000
vt 0.280286 -0.299934 0.000000
vt 0.069811 -0.217417 0.000000
vt 0.031377 -0.274280 0.000000
vt 0.013990 -0.213632 0.000000
vt -0.152271 -0.233510 0.000000
vt -0.150122 -0.274280 0.000000
vt -0.089622 -0.334929 0.000000
vt -0.150122 -0.334929 0.000000
vt -0.205493 -0.252805 0.000000
vt -0.210621 -0.274280 0.000000
vt -0.210621 -0.334929 0.000000
vt -0.256254 -0.281293 0.000000
vt -0.271121 -0.334929 0.000000
vt -0.303104 -0.322157 0.000000
vt -0.343777 -0.379598 0.000000
vt -0.374875 -0.758238 0.000000
vt -0.331620 -0.759471 0.000000
vt -0.271121 -0.820120 0.000000
vt -0.210621 -0.880768 0.000000
vt -0.150122 -0.941417 0.000000
vt -0.097534 -0.994403 0.000000
vt -0.343777 -0.836100 0.000000
vt -0.331620 -0.820120 0.000000
vt -0.271121 -0.880768 0.000000
vt -0.256254 -0.934404 0.000000
vt -0.210621 -0.941417 0.000000
vt -0.205493 -0.962893 0.000000
vt -0.152271 -0.982188 0.000000
vt -0.303104 -0.893541 0.000000
vt 0.031377 -0.941417 0.000000
vt 0.069811 -0.998281 0.000000
vt 0.091877 -0.941417 0.000000
vt 0.125045 -0.989084 0.000000
vt 0.152376 -0.941417 0.000000
vt 0.179122 -0.973535 0.000000
vt 0.212876 -0.941417 0.000000
vt 0.231257 -0.949969 0.000000
vt 0.212876 -0.880768 0.000000
vt 0.280286 -0.915764 0.000000
vt 0.273375 -0.880768 0.000000
vt 0.324397 -0.867174 0.000000
vt 0.273375 -0.820120 0.000000
vt 0.333875 -0.820120 0.000000
vt 0.333875 -0.798228 0.000000
vt 0.360781 -0.799852 0.000000
vt 0.333875 -0.759471 0.000000
vt 0.273375 -0.456227 0.000000
vt 0.212876 -0.395578 0.000000
vt 0.212876 -0.456227 0.000000
vt -0.271121 -0.516876 0.000000
vt 0.212876 -0.759471 0.000000
vt 0.152376 -0.787268 0.000000
vt 0.091877 -0.820120 0.000000
vt 0.091877 -0.880768 0.000000
vt 0.031377 -0.880768 0.000000
vt 0.273375 -0.759471 0.000000
vt 0.212876 -0.790921 0.000000
vt 0.152376 -0.820120 0.000000
vt 0.152376 -0.880768 0.000000
vt 0.273375 -0.794574 0.000000
vt 0.212876 -0.820120 0.000000
vt -0.029122 -0.880768 0.000000
vt 0.179070 0.103386 0.000000
vt 0.150278 0.091460 0.000000
vt 0.119380 0.068924 0.000000
vt 0.119380 0.087392 0.000000
vt 0.088482 0.091460 0.000000
vt 0.059690 0.103386 0.000000
vt 0.034966 0.122358 0.000000
vt -0.000000 0.137848 0.000000
vt 0.015994 0.147082 0.000000
vt 0.004068 0.175874 0.000000
vt -0.000000 0.206772 0.000000
vt 0.147320 -0.055965 0.000000
vt 0.185420 -0.055965 0.000000
vt 0.147320 0.000000 0.000000
vt 0.185420 0.000000 0.000000
vt 0.147320 0.055965 0.000000
vt 0.185420 0.055965 0.000000
vt 0.185420 0.111931 0.000000
vt 0.147320 -0.111931 0.000000
vt 0.185420 -0.111931 0.000000
vt 0.147320 -0.167896 0.000000
vt 0.185420 -0.167896 0.000000
vt 0.147320 -0.223861 0.000000
vt 0.185420 -0.223861 0.000000
vt 0.147320 -0.279827 0.000000
vt 0.185420 -0.279827 0.000000
vt 0.147320 -0.335792 0.000000
vt 0.185420 -0.335792 0.000000
vt 0.147320 -0.391757 0.000000
vt 0.185420 -0.391757 0.000000
vt 0.147320 -0.447723 0.000000
vt 0.185420 -0.447723 0.000000
vt 0.147320 -0.503688 0.000000
vt 0.185420 -0.503688 0.000000
vt 0.147320 -0.559654 0.000000
vt 0.185420 -0.559654 0.000000
vt 0.147320 -0.615619 0.000000
vt 0.185420 -0.615619 0.000000
vt 0.147320 -0.671584 0.000000
vt 0.185420 -0.671584 0.000000
vt 0.147320 -0.727550 0.000000
vt 0.185420 -0.727550 0.000000
vt 0.147320 -0.783515 0.000000
vt 0.185420 -0.783515 0.000000
vt 0.147320 -0.839480 0.000000
vt 0.185420 -0.839480 0.000000
vt 0.147320 -0.895446 0.000000
vt 0.185420 -0.895446 0.000000
vt 0.147320 -0.951411 0.000000
vt 0.185420 -0.951411 0.000000
vt 0.147320 -1.007376 0.000000
vt 0.185420 -1.007376 0.000000
vt 0.147320 -1.063342 0.000000
vt 0.185420 -1.063342 0.000000
vt 0.185420 1.007376 0.000000
vt 0.147320 1.007376 0.000000
vt 0.147320 0.951411 0.000000
vt 0.185420 0.951411 0.000000
vt 0.147320 0.895446 0.000000
vt 0.185420 0.895446 0.000000
vt 0.147320 0.839480 0.000000
vt 0.185420 0.839480 0.000000
vt 0.147320 0.783515 0.000000
vt 0.185420 0.783515 0.000000
vt 0.147320 0.727550 0.000000
vt 0.185420 0.727550 0.000000
vt 0.147320 0.671584 0.000000
vt 0.185420 0.671584 0.000000
vt 0.147320 0.615619 0.000000
vt 0.185420 0.615619 0.000000
vt 0.147320 0.559654 0.000000
vt 0.185420 0.559654 0.000000
vt 0.147320 0.503688 0.000000
vt 0.185420 0.503688 0.000000
vt 0.147320 0.447723 0.000000
vt 0.185420 0.447723 0.000000
vt 0.147320 0.391757 0.000000
vt 0.185420 0.391757 0.000000
vt 0.147320 0.335792 0.000000
vt 0.185420 0.335792 0.000000
vt 0.147320 0.279827 0.000000
vt 0.185420 0.279827 0.000000
vt 0.147320 0.223861 0.000000
vt 0.185420 0.223861 0.000000
vt 0.147320 0.167896 0.000000
vt 0.185420 0.167896 0.000000
vt 0.147320 0.111931 0.000000
vt -0.324825 -0.226512 0.000000
vt -0.159733 -0.187846 0.000000
vt -0.329565 -0.170815 0.000000
vt -0.164400 -0.150845 0.000000
vt -0.324825 -0.115118 0.000000
vt -0.160595 -0.113745 0.000000
vt -0.310739 -0.061024 0.000000
vt -0.287715 -0.010088 0.000000
vt -0.146565 -0.083830 0.000000
vt -0.256413 0.036224 0.000000
vt -0.127028 -0.057185 0.000000
vt -0.217735 0.076580 0.000000
vt -0.102716 -0.034811 0.000000
vt -0.172793 0.109819 0.000000
vt -0.074544 -0.017547 0.000000
vt -0.122880 0.134985 0.000000
vt -0.043570 -0.006044 0.000000
vt -0.069433 0.151353 0.000000
vt -0.013987 0.158453 0.000000
vt -0.006224 -0.005332 0.000000
vt 0.041861 0.156081 0.000000
vt 0.030305 -0.013075 0.000000
vt 0.096504 0.144304 0.000000
vt 0.063945 -0.029065 0.000000
vt 0.148371 0.123462 0.000000
vt 0.195970 0.094154 0.000000
vt 0.092752 -0.052655 0.000000
vt 0.237931 0.057224 0.000000
vt 0.114750 -0.082582 0.000000
vt 0.273048 0.013733 0.000000
vt 0.122690 -0.099452 0.000000
vt 0.300309 -0.035067 0.000000
vt 0.128309 -0.117168 0.000000
vt 0.318931 -0.087772 0.000000
vt 0.131487 -0.135479 0.000000
vt 0.328378 -0.142866 0.000000
vt 0.132109 -0.154083 0.000000
vt 0.328378 -0.198764 0.000000
vt 0.130108 -0.172529 0.000000
vt 0.125463 -0.190511 0.000000
vt -0.310739 -0.280606 0.000000
vt -0.146628 -0.222666 0.000000
vt -0.287715 -0.331542 0.000000
vt -0.125536 -0.253350 0.000000
vt -0.256413 -0.377854 0.000000
vt -0.097535 -0.277795 0.000000
vt -0.217735 -0.418210 0.000000
vt -0.172793 -0.451449 0.000000
vt -0.122880 -0.476615 0.000000
vt -0.064244 -0.294188 0.000000
vt -0.081418 -0.287104 0.000000
vt -0.046228 -0.298899 0.000000
vt -0.069433 -0.492983 0.000000
vt -0.027736 -0.301078 0.000000
vt -0.013987 -0.500083 0.000000
vt -0.009114 -0.300622 0.000000
vt 0.041861 -0.497711 0.000000
vt 0.009235 -0.297479 0.000000
vt 0.037106 -0.292274 0.000000
vt 0.096504 -0.485934 0.000000
vt 0.148371 -0.465092 0.000000
vt 0.063127 -0.281015 0.000000
vt 0.195970 -0.435784 0.000000
vt 0.086002 -0.264263 0.000000
vt 0.237931 -0.398854 0.000000
vt 0.104591 -0.242854 0.000000
vt 0.273048 -0.355363 0.000000
vt 0.300309 -0.306563 0.000000
vt 0.117967 -0.217855 0.000000
vt 0.318931 -0.253858 0.000000
vt 0.808578 0.383418 0.000000
vt 0.796359 0.382801 0.000000
vt 0.811022 0.350449 0.000000
vt 0.798803 0.349832 0.000000
vt 0.811022 0.317356 0.000000
vt 0.801247 0.316863 0.000000
vt 0.811022 0.284263 0.000000
vt 0.803691 0.283893 0.000000
vt 0.811022 0.251171 0.000000
vt 0.806134 0.250924 0.000000
vt 0.811022 0.218078 0.000000
vt 0.808578 0.217955 0.000000
vt 0.811022 0.184985 0.000000
vt 0.793916 0.415771 0.000000
vt 0.806134 0.416388 0.000000
vt 0.791472 0.448740 0.000000
vt 0.803691 0.449357 0.000000
vt 0.789028 0.481709 0.000000
vt 0.801247 0.482326 0.000000
vt 0.786584 0.514679 0.000000
vt 0.798803 0.515296 0.000000
vt 0.784141 0.547648 0.000000
vt 0.796359 0.548265 0.000000
vt 0.784141 -0.523220 0.000000
vt 0.796359 -0.522603 0.000000
vt 0.781697 -0.490251 0.000000
vt 0.793916 -0.489634 0.000000
vt 0.779253 -0.457281 0.000000
vt 0.791472 -0.456665 0.000000
vt 0.776809 -0.424312 0.000000
vt 0.789028 -0.423695 0.000000
vt 0.774366 -0.391343 0.000000
vt 0.786584 -0.390726 0.000000
vt 0.771922 -0.358373 0.000000
vt 0.784141 -0.357756 0.000000
vt 0.769478 -0.325404 0.000000
vt 0.781697 -0.324787 0.000000
vt 0.767034 -0.292435 0.000000
vt 0.779253 -0.291818 0.000000
vt 0.764591 -0.259465 0.000000
vt 0.776809 -0.258848 0.000000
vt 0.762147 -0.226496 0.000000
vt 0.774366 -0.225879 0.000000
vt 0.759703 -0.193527 0.000000
vt 0.771922 -0.192910 0.000000
vt 0.757259 -0.160557 0.000000
vt 0.769478 -0.159940 0.000000
vt 0.754816 -0.127588 0.000000
vt 0.767034 -0.126971 0.000000
vt 0.752372 -0.094619 0.000000
vt 0.764591 -0.094002 0.000000
vt 0.749928 -0.061649 0.000000
vt 0.762147 -0.061032 0.000000
vt 0.747484 -0.028680 0.000000
vt 0.759703 -0.028063 0.000000
vt 0.745041 0.004290 0.000000
vt 0.757259 0.004907 0.000000
vt 0.742597 0.037259 0.000000
vt 0.754816 0.037876 0.000000
vt 0.740153 0.070228 0.000000
vt 0.752372 0.070845 0.000000
vt 0.737709 0.103198 0.000000
vt 0.749928 0.103815 0.000000
vt 0.735266 0.136167 0.000000
vt 0.747484 0.136784 0.000000
vt 0.732822 0.169136 0.000000
vt 0.745041 0.169753 0.000000
vt 0.730378 0.202106 0.000000
vt 0.742597 0.202723 0.000000
vt 0.727934 0.235075 0.000000
vt 0.740153 0.235692 0.000000
vt 0.725490 0.268044 0.000000
vt 0.737709 0.268661 0.000000
vt 0.723047 0.301014 0.000000
vt 0.735266 0.301631 0.000000
vt 0.720603 0.333983 0.000000
vt 0.732822 0.334600 0.000000
vt 0.718159 0.366953 0.000000
vt 0.730378 0.367569 0.000000
vt 0.715715 0.399922 0.000000
vt 0.727934 0.400539 0.000000
vt 0.713272 0.432891 0.000000
vt 0.725490 0.433508 0.000000
vt 0.710828 0.465861 0.000000
vt 0.723047 0.466478 0.000000
vt 0.708384 0.498830 0.000000
vt 0.720603 0.499447 0.000000
vt 0.705940 0.531799 0.000000
vt 0.718159 0.532416 0.000000
vt 0.703497 0.564769 0.000000
vt 0.715715 0.565386 0.000000
vt 0.703497 -0.506100 0.000000
vt 0.715715 -0.505483 0.000000
vt 0.701053 -0.473130 0.000000
vt 0.713272 -0.472513 0.000000
vt 0.698609 -0.440161 0.000000
vt 0.710828 -0.439544 0.000000
vt 0.696165 -0.407192 0.000000
vt 0.708384 -0.406575 0.000000
vt 0.693722 -0.374222 0.000000
vt 0.705940 -0.373605 0.000000
vt 0.691278 -0.341253 0.000000
vt 0.703497 -0.340636 0.000000
vt 0.688834 -0.308284 0.000000
vt 0.701053 -0.307667 0.000000
vt 0.686390 -0.275314 0.000000
vt 0.698609 -0.274697 0.000000
vt 0.683947 -0.242345 0.000000
vt 0.696165 -0.241728 0.000000
vt 0.681503 -0.209375 0.000000
vt 0.693722 -0.208759 0.000000
vt 0.679059 -0.176406 0.000000
vt 0.691278 -0.175789 0.000000
vt 0.676615 -0.143437 0.000000
vt 0.688834 -0.142820 0.000000
vt 0.674172 -0.110467 0.000000
vt 0.686390 -0.109850 0.000000
vt 0.671728 -0.077498 0.000000
vt 0.683947 -0.076881 0.000000
vt 0.669284 -0.044529 0.000000
vt 0.681503 -0.043912 0.000000
vt 0.666840 -0.011559 0.000000
vt 0.679059 -0.010942 0.000000
vt 0.664397 0.021410 0.000000
vt 0.676615 0.022027 0.000000
vt 0.661953 0.054379 0.000000
vt 0.674172 0.054996 0.000000
vt 0.659509 0.087349 0.000000
vt 0.671728 0.087966 0.000000
vt 0.657065 0.120318 0.000000
vt 0.669284 0.120935 0.000000
vt 0.654622 0.153288 0.000000
vt 0.666840 0.153904 0.000000
vt 0.652178 0.186257 0.000000
vt 0.664397 0.186874 0.000000
vt 0.649734 0.219226 0.000000
vt 0.661953 0.219843 0.000000
vt 0.647290 0.252196 0.000000
vt 0.659509 0.252813 0.000000
vt 0.644846 0.285165 0.000000
vt 0.657065 0.285782 0.000000
vt 0.642403 0.318134 0.000000
vt 0.654622 0.318751 0.000000
vt 0.639959 0.351104 0.000000
vt 0.652178 0.351721 0.000000
vt 0.637515 0.384073 0.000000
vt 0.649734 0.384690 0.000000
vt 0.635071 0.417042 0.000000
vt 0.647290 0.417659 0.000000
vt 0.632628 0.450012 0.000000
vt 0.644846 0.450629 0.000000
vt 0.630184 0.482981 0.000000
vt 0.642403 0.483598 0.000000
vt 0.627740 0.515951 0.000000
vt 0.639959 0.516567 0.000000
vt 0.625296 0.548920 0.000000
vt 0.637515 0.549537 0.000000
vt 0.625296 -0.521949 0.000000
vt 0.637515 -0.521332 0.000000
vt 0.622853 -0.488979 0.000000
vt 0.635071 -0.488362 0.000000
vt 0.620409 -0.456010 0.000000
vt 0.632628 -0.455393 0.000000
vt 0.617965 -0.423040 0.000000
vt 0.630184 -0.422424 0.000000
vt 0.615521 -0.390071 0.000000
vt 0.627740 -0.389454 0.000000
vt 0.613078 -0.357102 0.000000
vt 0.625296 -0.356485 0.000000
vt 0.610634 -0.324132 0.000000
vt 0.622853 -0.323515 0.000000
vt 0.608190 -0.291163 0.000000
vt 0.620409 -0.290546 0.000000
vt 0.605746 -0.258194 0.000000
vt 0.617965 -0.257577 0.000000
vt 0.603303 -0.225224 0.000000
vt 0.615521 -0.224607 0.000000
vt 0.600859 -0.192255 0.000000
vt 0.613078 -0.191638 0.000000
vt 0.598415 -0.159286 0.000000
vt 0.610634 -0.158669 0.000000
vt 0.595971 -0.126316 0.000000
vt 0.608190 -0.125699 0.000000
vt 0.593528 -0.093347 0.000000
vt 0.605746 -0.092730 0.000000
vt 0.591084 -0.060377 0.000000
vt 0.603303 -0.059761 0.000000
vt 0.588640 -0.027408 0.000000
vt 0.600859 -0.026791 0.000000
vt 0.586196 0.005561 0.000000
vt 0.598415 0.006178 0.000000
vt 0.583753 0.038531 0.000000
vt 0.595971 0.039148 0.000000
vt 0.581309 0.071500 0.000000
vt 0.593528 0.072117 0.000000
vt 0.578865 0.104469 0.000000
vt 0.591084 0.105086 0.000000
vt 0.576421 0.137439 0.000000
vt 0.588640 0.138056 0.000000
vt 0.573977 0.170408 0.000000
vt 0.586196 0.171025 0.000000
vt 0.571534 0.203377 0.000000
vt 0.583753 0.203994 0.000000
vt 0.569090 0.236347 0.000000
vt 0.581309 0.236964 0.000000
vt 0.566646 0.269316 0.000000
vt 0.578865 0.269933 0.000000
vt 0.564202 0.302285 0.000000
vt 0.576421 0.302902 0.000000
vt 0.561759 0.335255 0.000000
vt 0.573977 0.335872 0.000000
vt 0.559315 0.368224 0.000000
vt 0.571534 0.368841 0.000000
vt 0.556871 0.401194 0.000000
vt 0.569090 0.401810 0.000000
vt 0.554427 0.434163 0.000000
vt 0.566646 0.434780 0.000000
vt 0.551984 0.467132 0.000000
vt 0.564202 0.467749 0.000000
vt 0.549540 0.500102 0.000000
vt 0.561759 0.500719 0.000000
vt 0.547096 0.533071 0.000000
vt 0.559315 0.533688 0.000000
vt 0.544652 0.566040 0.000000
vt 0.556871 0.566657 0.000000
vt 0.544652 -0.504828 0.000000
vt 0.556871 -0.504211 0.000000
vt 0.542209 -0.471859 0.000000
vt 0.554427 -0.471242 0.000000
vt 0.539765 -0.438889 0.000000
vt 0.551984 -0.438272 0.000000
vt 0.537321 -0.405920 0.000000
vt 0.549540 -0.405303 0.000000
vt 0.534877 -0.372951 0.000000
vt 0.547096 -0.372334 0.000000
vt 0.532434 -0.339981 0.000000
vt 0.544652 -0.339364 0.000000
vt 0.529990 -0.307012 0.000000
vt 0.542209 -0.306395 0.000000
vt 0.527546 -0.274043 0.000000
vt 0.539765 -0.273426 0.000000
vt 0.525102 -0.241073 0.000000
vt 0.537321 -0.240456 0.000000
vt 0.522659 -0.208104 0.000000
vt 0.534877 -0.207487 0.000000
vt 0.520215 -0.175134 0.000000
vt 0.532434 -0.174517 0.000000
vt 0.517771 -0.142165 0.000000
vt 0.529990 -0.141548 0.000000
vt 0.515327 -0.109196 0.000000
vt 0.527546 -0.108579 0.000000
vt 0.512884 -0.076226 0.000000
vt 0.525102 -0.075609 0.000000
vt 0.510440 -0.043257 0.000000
vt 0.522659 -0.042640 0.000000
vt 0.507996 -0.010288 0.000000
vt 0.520215 -0.009671 0.000000
vt 0.505552 0.022682 0.000000
vt 0.517771 0.023299 0.000000
vt 0.503109 0.055651 0.000000
vt 0.515327 0.056268 0.000000
vt 0.500665 0.088620 0.000000
vt 0.512884 0.089237 0.000000
vt 0.498221 0.121590 0.000000
vt 0.510440 0.122207 0.000000
vt 0.495777 0.154559 0.000000
vt 0.507996 0.155176 0.000000
vt 0.493333 0.187529 0.000000
vt 0.505552 0.188145 0.000000
vt 0.490890 0.220498 0.000000
vt 0.503109 0.221115 0.000000
vt 0.488446 0.253467 0.000000
vt 0.500665 0.254084 0.000000
vt 0.486002 0.286437 0.000000
vt 0.498221 0.287054 0.000000
vt 0.483558 0.319406 0.000000
vt 0.495777 0.320023 0.000000
vt 0.481115 0.352375 0.000000
vt 0.493333 0.352992 0.000000
vt 0.478671 0.385345 0.000000
vt 0.490890 0.385962 0.000000
vt 0.476227 0.418314 0.000000
vt 0.488446 0.418931 0.000000
vt 0.473783 0.451283 0.000000
vt 0.486002 0.451900 0.000000
vt 0.471340 0.484253 0.000000
vt 0.483558 0.484870 0.000000
vt 0.468896 0.517222 0.000000
vt 0.481115 0.517839 0.000000
vt 0.466452 0.550192 0.000000
vt 0.478671 0.550808 0.000000
vt 0.466452 -0.520677 0.000000
vt 0.478671 -0.520060 0.000000
vt 0.464008 -0.487708 0.000000
vt 0.476227 -0.487091 0.000000
vt 0.461565 -0.454738 0.000000
vt 0.473783 -0.454121 0.000000
vt 0.459121 -0.421769 0.000000
vt 0.471340 -0.421152 0.000000
vt 0.456677 -0.388799 0.000000
vt 0.468896 -0.388183 0.000000
vt 0.454233 -0.355830 0.000000
vt 0.466452 -0.355213 0.000000
vt 0.451790 -0.322861 0.000000
vt 0.464008 -0.322244 0.000000
vt 0.449346 -0.289891 0.000000
vt 0.461565 -0.289274 0.000000
vt 0.446902 -0.256922 0.000000
vt 0.459121 -0.256305 0.000000
vt 0.444458 -0.223953 0.000000
vt 0.456677 -0.223336 0.000000
vt 0.442015 -0.190983 0.000000
vt 0.454233 -0.190366 0.000000
vt 0.439571 -0.158014 0.000000
vt 0.451790 -0.157397 0.000000
vt 0.437127 -0.125045 0.000000
vt 0.449346 -0.124428 0.000000
vt 0.434683 -0.092075 0.000000
vt 0.446902 -0.091458 0.000000
vt 0.432240 -0.059106 0.000000
vt 0.444458 -0.058489 0.000000
vt 0.429796 -0.026136 0.000000
vt 0.442015 -0.025520 0.000000
vt 0.427352 0.006833 0.000000
vt 0.439571 0.007450 0.000000
vt 0.424908 0.039802 0.000000
vt 0.437127 0.040419 0.000000
vt 0.422465 0.072772 0.000000
vt 0.434683 0.073389 0.000000
vt 0.420021 0.105741 0.000000
vt 0.432240 0.106358 0.000000
vt 0.417577 0.138710 0.000000
vt 0.429796 0.139327 0.000000
vt 0.415133 0.171680 0.000000
vt 0.427352 0.172297 0.000000
vt 0.412689 0.204649 0.000000
vt 0.424908 0.205266 0.000000
vt 0.410246 0.237618 0.000000
vt 0.422465 0.238235 0.000000
vt 0.407802 0.270588 0.000000
vt 0.420021 0.271205 0.000000
vt 0.405358 0.303557 0.000000
vt 0.417577 0.304174 0.000000
vt 0.402914 0.336527 0.000000
vt 0.415133 0.337143 0.000000
vt 0.400471 0.369496 0.000000
vt 0.412689 0.370113 0.000000
vt 0.398027 0.402465 0.000000
vt 0.410246 0.403082 0.000000
vt 0.395583 0.435435 0.000000
vt 0.407802 0.436052 0.000000
vt 0.393139 0.468404 0.000000
vt 0.405358 0.469021 0.000000
vt 0.390696 0.501373 0.000000
vt 0.402914 0.501990 0.000000
vt 0.388252 0.534343 0.000000
vt 0.400471 0.534960 0.000000
vt 0.385808 0.567312 0.000000
vt 0.398027 0.567929 0.000000
vt 0.385808 -0.503556 0.000000
vt 0.398027 -0.502939 0.000000
vt 0.383364 -0.470587 0.000000
vt 0.395583 -0.469970 0.000000
vt 0.380921 -0.437618 0.000000
vt 0.393139 -0.437001 0.000000
vt 0.378477 -0.404648 0.000000
vt 0.390696 -0.404031 0.000000
vt 0.376033 -0.371679 0.000000
vt 0.388252 -0.371062 0.000000
vt 0.373589 -0.338710 0.000000
vt 0.385808 -0.338093 0.000000
vt 0.371146 -0.305740 0.000000
vt 0.383364 -0.305123 0.000000
vt 0.368702 -0.272771 0.000000
vt 0.380921 -0.272154 0.000000
vt 0.366258 -0.239801 0.000000
vt 0.378477 -0.239185 0.000000
vt 0.363814 -0.206832 0.000000
vt 0.376033 -0.206215 0.000000
vt 0.361371 -0.173863 0.000000
vt 0.373589 -0.173246 0.000000
vt 0.358927 -0.140893 0.000000
vt 0.371146 -0.140276 0.000000
vt 0.356483 -0.107924 0.000000
vt 0.368702 -0.107307 0.000000
vt 0.354039 -0.074955 0.000000
vt 0.366258 -0.074338 0.000000
vt 0.351596 -0.041985 0.000000
vt 0.363814 -0.041368 0.000000
vt 0.349152 -0.009016 0.000000
vt 0.361371 -0.008399 0.000000
vt 0.346708 0.023953 0.000000
vt 0.358927 0.024570 0.000000
vt 0.344264 0.056923 0.000000
vt 0.356483 0.057540 0.000000
vt 0.341821 0.089892 0.000000
vt 0.354039 0.090509 0.000000
vt 0.339377 0.122861 0.000000
vt 0.351596 0.123478 0.000000
vt 0.336933 0.155831 0.000000
vt 0.349152 0.156448 0.000000
vt 0.334489 0.188800 0.000000
vt 0.346708 0.189417 0.000000
vt 0.332045 0.221770 0.000000
vt 0.344264 0.222386 0.000000
vt 0.329602 0.254739 0.000000
vt 0.341821 0.255356 0.000000
vt 0.327158 0.287708 0.000000
vt 0.339377 0.288325 0.000000
vt 0.324714 0.320678 0.000000
vt 0.336933 0.321295 0.000000
vt 0.322270 0.353647 0.000000
vt 0.334489 0.354264 0.000000
vt 0.319827 0.386616 0.000000
vt 0.332045 0.387233 0.000000
vt 0.317383 0.419586 0.000000
vt 0.329602 0.420203 0.000000
vt 0.314939 0.452555 0.000000
vt 0.327158 0.453172 0.000000
vt 0.312495 0.485524 0.000000
vt 0.324714 0.486141 0.000000
vt 0.310052 0.518494 0.000000
vt 0.322270 0.519111 0.000000
vt 0.307608 0.551463 0.000000
vt 0.319827 0.552080 0.000000
vt 0.307608 -0.519405 0.000000
vt 0.319827 -0.518788 0.000000
vt 0.305164 -0.486436 0.000000
vt 0.317383 -0.485819 0.000000
vt 0.302720 -0.453467 0.000000
vt 0.314939 -0.452850 0.000000
vt 0.300277 -0.420497 0.000000
vt 0.312495 -0.419880 0.000000
vt 0.297833 -0.387528 0.000000
vt 0.310052 -0.386911 0.000000
vt 0.295389 -0.354558 0.000000
vt 0.307608 -0.353941 0.000000
vt 0.292945 -0.321589 0.000000
vt 0.305164 -0.320972 0.000000
vt 0.290502 -0.288620 0.000000
vt 0.302720 -0.288003 0.000000
vt 0.288058 -0.255650 0.000000
vt 0.300277 -0.255033 0.000000
vt 0.285614 -0.222681 0.000000
vt 0.297833 -0.222064 0.000000
vt 0.283170 -0.189712 0.000000
vt 0.295389 -0.189095 0.000000
vt 0.280727 -0.156742 0.000000
vt 0.292945 -0.156125 0.000000
vt 0.278283 -0.123773 0.000000
vt 0.290502 -0.123156 0.000000
vt 0.275839 -0.090804 0.000000
vt 0.288058 -0.090187 0.000000
vt 0.273395 -0.057834 0.000000
vt 0.285614 -0.057217 0.000000
vt 0.270952 -0.024865 0.000000
vt 0.283170 -0.024248 0.000000
vt 0.268508 0.008105 0.000000
vt 0.280727 0.008721 0.000000
vt 0.266064 0.041074 0.000000
vt 0.278283 0.041691 0.000000
vt 0.263620 0.074043 0.000000
vt 0.275839 0.074660 0.000000
vt 0.261176 0.107013 0.000000
vt 0.273395 0.107630 0.000000
vt 0.258733 0.139982 0.000000
vt 0.270952 0.140599 0.000000
vt 0.256289 0.172951 0.000000
vt 0.268508 0.173568 0.000000
vt 0.253845 0.205921 0.000000
vt 0.266064 0.206538 0.000000
vt 0.251401 0.238890 0.000000
vt 0.263620 0.239507 0.000000
vt 0.248958 0.271859 0.000000
vt 0.261176 0.272476 0.000000
vt 0.246514 0.304829 0.000000
vt 0.258733 0.305446 0.000000
vt 0.244070 0.337798 0.000000
vt 0.256289 0.338415 0.000000
vt 0.241626 0.370768 0.000000
vt 0.253845 0.371384 0.000000
vt 0.239183 0.403737 0.000000
vt 0.251401 0.404354 0.000000
vt 0.236739 0.436706 0.000000
vt 0.248958 0.437323 0.000000
vt 0.234295 0.469676 0.000000
vt 0.246514 0.470293 0.000000
vt 0.231851 0.502645 0.000000
vt 0.244070 0.503262 0.000000
vt 0.229408 0.535614 0.000000
vt 0.241626 0.536231 0.000000
vt 0.229408 -0.535254 0.000000
vt 0.241626 -0.534637 0.000000
vt 0.226964 -0.502285 0.000000
vt 0.239183 -0.501668 0.000000
vt 0.224520 -0.469315 0.000000
vt 0.236739 -0.468698 0.000000
vt 0.222076 -0.436346 0.000000
vt 0.234295 -0.435729 0.000000
vt 0.219633 -0.403377 0.000000
vt 0.231851 -0.402760 0.000000
vt 0.217189 -0.370407 0.000000
vt 0.229408 -0.369790 0.000000
vt 0.214745 -0.337438 0.000000
vt 0.226964 -0.336821 0.000000
vt 0.212301 -0.304469 0.000000
vt 0.224520 -0.303852 0.000000
vt 0.209858 -0.271499 0.000000
vt 0.222076 -0.270882 0.000000
vt 0.207414 -0.238530 0.000000
vt 0.219633 -0.237913 0.000000
vt 0.204970 -0.205560 0.000000
vt 0.217189 -0.204944 0.000000
vt 0.202526 -0.172591 0.000000
vt 0.214745 -0.171974 0.000000
vt 0.200083 -0.139622 0.000000
vt 0.212301 -0.139005 0.000000
vt 0.197639 -0.106652 0.000000
vt 0.209858 -0.106035 0.000000
vt 0.195195 -0.073683 0.000000
vt 0.207414 -0.073066 0.000000
vt 0.192751 -0.040714 0.000000
vt 0.204970 -0.040097 0.000000
vt 0.190308 -0.007744 0.000000
vt 0.202526 -0.007127 0.000000
vt 0.187864 0.025225 0.000000
vt 0.200083 0.025842 0.000000
vt 0.185420 0.058194 0.000000
vt 0.197639 0.058811 0.000000
vt 0.185420 0.091287 0.000000
vt 0.195195 0.091781 0.000000
vt 0.185420 0.124380 0.000000
vt 0.192751 0.124750 0.000000
vt 0.185420 0.157473 0.000000
vt 0.190308 0.157719 0.000000
vt 0.185420 0.190565 0.000000
vt 0.187864 0.190689 0.000000
vt 0.185420 0.223658 0.000000
vt -0.000000 0.040052 0.000000
vt -0.013291 0.019805 0.000000
vt -0.000000 0.000000 0.000000
vt -0.013291 -0.020215 0.000000
vt -0.000000 -0.040052 0.000000
vt -0.013291 -0.060235 0.000000
vt -0.000000 -0.080103 0.000000
vt -0.013291 -0.100256 0.000000
vt -0.000000 -0.120155 0.000000
vt -0.013291 -0.140276 0.000000
vt -0.000000 -0.160207 0.000000
vt -0.013291 -0.180296 0.000000
vt -0.000000 -0.200258 0.000000
vt -0.013291 -0.220316 0.000000
vt -0.000000 -0.240310 0.000000
vt -0.013291 -0.260336 0.000000
vt 0.000000 -0.280362 0.000000
vt -0.013291 -0.300356 0.000000
vt 0.000000 -0.320413 0.000000
vt -0.013291 -0.340376 0.000000
vt 0.000000 -0.360465 0.000000
vt -0.013291 -0.380396 0.000000
vt 0.000000 -0.400517 0.000000
vt -0.013291 -0.420416 0.000000
vt 0.000000 -0.440568 0.000000
vt -0.013291 -0.460436 0.000000
vt 0.000000 -0.480620 0.000000
vt -0.013291 -0.500456 0.000000
vt -0.000000 -0.520672 0.000000
vt 0.000000 0.520672 0.000000
vt -0.013291 0.540887 0.000000
vt -0.013291 0.500867 0.000000
vt -0.000000 0.480620 0.000000
vt -0.013291 0.460847 0.000000
vt -0.000000 0.440568 0.000000
vt -0.013291 0.420827 0.000000
vt -0.000000 0.400517 0.000000
vt -0.013291 0.380807 0.000000
vt -0.000000 0.360465 0.000000
vt -0.013291 0.340787 0.000000
vt -0.000000 0.320413 0.000000
vt -0.013291 0.308606 0.000000
vt 0.000000 0.280362 0.000000
vt -0.013291 0.276426 0.000000
vt 0.000000 0.240310 0.000000
vt -0.013291 0.244246 0.000000
vt -0.013291 0.212065 0.000000
vt -0.013291 0.059825 0.000000
vt -0.000000 0.080103 0.000000
vt -0.013291 0.099845 0.000000
vt -0.000000 0.120155 0.000000
vt -0.013291 0.139865 0.000000
vt -0.000000 0.160207 0.000000
vt -0.013291 0.179885 0.000000
vt -0.000000 0.200258 0.000000
vt -0.156357 -0.038538 0.000000
vt 0.156357 -0.038538 0.000000
vt -0.161036 0.000000 0.000000
vt 0.161036 0.000000 0.000000
vt -0.156357 0.038538 0.000000
vt 0.156357 0.038538 0.000000
vt -0.142590 0.074837 0.000000
vt 0.142590 0.074837 0.000000
vt -0.120537 0.106787 0.000000
vt 0.120537 0.106787 0.000000
vt -0.091479 0.132530 0.000000
vt 0.091479 0.132530 0.000000
vt -0.057104 0.150571 0.000000
vt 0.057104 0.150571 0.000000
vt -0.019411 0.159862 0.000000
vt 0.019411 0.159862 0.000000
vt 0.142590 -0.074837 0.000000
vt -0.142590 -0.074837 0.000000
vt 0.120537 -0.106787 0.000000
vt -0.120537 -0.106787 0.000000
vt 0.091479 -0.132530 0.000000
vt -0.091479 -0.132530 0.000000
vt 0.057104 -0.150571 0.000000
vt -0.057104 -0.150571 0.000000
vt 0.019411 -0.159862 0.000000
vt -0.019411 -0.159862 0.000000
vn 0.862935 -0.155751 -0.480714
vn 0.862654 -0.083539 -0.498849
vn 0.862327 -0.060742 -0.502695
vn 0.862274 -0.014111 -0.506246
vn 0.861671 0.032289 -0.506439
vn 0.862004 0.052741 -0.504150
vn 0.861416 0.123428 -0.492674
vn 0.861969 0.116962 -0.493284
vn 0.862210 0.178938 -0.473894
vn 0.861764 0.213105 -0.460379
vn 0.862695 0.238827 -0.445779
vn 0.862582 0.300243 -0.407193
vn 0.863833 0.348593 -0.363698
vn 0.863020 0.377740 -0.335423
vn 0.863701 0.429889 -0.263089
vn 0.862565 0.436798 -0.255324
vn 0.863036 0.479829 -0.157900
vn 0.861864 0.477660 -0.170387
vn 0.861439 0.501291 -0.081430
vn 0.862791 0.503012 -0.050696
vn 0.861580 0.507476 0.012175
vn 0.863267 0.501332 0.058624
vn 0.862282 0.494163 0.110779
vn 0.864000 0.478322 0.157199
vn 0.863003 0.459118 0.210799
vn 0.864355 0.434548 0.253100
vn 0.862776 0.407976 0.298618
vn 0.863892 0.377016 0.333989
vn 0.862090 0.345239 0.370961
vn 0.863244 0.309288 0.398938
vn 0.861527 0.272762 0.428219
vn 0.862895 0.232437 0.448759
vn 0.861462 0.190355 0.470794
vn 0.863084 0.145882 0.483533
vn 0.862001 0.096905 0.497558
vn 0.863743 0.048794 0.501565
vn 0.862860 -0.007524 0.505387
vn 0.864354 -0.056640 0.499685
vn 0.862937 -0.110509 0.493080
vn 0.864099 -0.155897 0.478570
vn 0.862331 -0.203513 0.463646
vn 0.863447 -0.243813 0.441605
vn 0.861674 -0.285516 0.419521
vn 0.862958 -0.320368 0.390726
vn 0.861416 -0.356966 0.361301
vn 0.862958 -0.386077 0.325958
vn 0.861761 -0.417717 0.287891
vn 0.863490 -0.440275 0.246057
vn 0.862577 -0.465652 0.197808
vn 0.864229 -0.480156 0.150194
vn 0.863021 -0.495852 0.096572
vn 0.864262 -0.500698 0.048507
vn 0.862568 -0.505935 -0.002468
vn 0.863671 -0.501698 -0.048704
vn 0.861867 -0.497887 -0.096400
vn 0.863079 -0.485299 -0.139928
vn 0.861440 -0.472964 -0.185005
vn 0.862894 -0.452295 -0.225482
vn 0.861578 -0.430669 -0.268716
vn 0.863263 -0.401752 -0.305568
vn 0.862277 -0.369064 -0.346798
vn 0.863996 -0.331818 -0.378691
vn 0.863002 -0.288008 -0.415065
vn 0.864355 -0.245324 -0.438983
vn 0.862779 -0.199265 -0.464657
vn 0.863896 -0.154604 -0.479355
vn 0.862093 -0.108419 -0.495015
vn 0.863247 -0.063229 -0.500807
vn 0.861529 -0.016882 -0.507427
vn 0.862896 0.028282 -0.504590
vn 0.861461 0.075709 -0.502148
vn 0.863081 0.120468 -0.490487
vn 0.861997 0.169743 -0.477650
vn 0.863739 0.213188 -0.456625
vn 0.862857 0.263598 -0.431270
vn 0.864353 0.302985 -0.401366
vn 0.862939 0.346017 -0.368251
vn 0.864102 0.377713 -0.332657
vn 0.862335 0.411121 -0.295563
vn 0.863450 0.434602 -0.256076
vn 0.861677 0.459269 -0.215836
vn 0.862960 0.474619 -0.173313
vn 0.861416 0.491149 -0.129365
vn 0.862956 0.498225 -0.084134
vn 0.861757 0.506092 -0.035286
vn 0.863486 0.504226 0.012194
vn 0.862572 0.501529 0.066611
vn 0.864226 0.489791 0.114970
vn 0.863021 0.476008 0.169147
vn 0.864264 0.455718 0.212999
vn 0.862572 0.434275 0.259566
vn 0.863674 0.407096 0.297220
vn 0.861871 0.379536 0.336350
vn 0.863081 0.346548 0.367418
vn 0.861441 0.312992 0.399945
vn 0.862894 0.274607 0.424270
vn 0.861575 0.234006 0.450477
vn 0.863260 0.190371 0.467484
vn 0.862273 0.141281 0.486339
vn 0.863992 0.093001 0.494842
vn 0.863001 0.036774 0.503863
vn 0.864356 -0.012151 0.502733
vn 0.862782 -0.064890 0.501394
vn 0.863900 -0.110826 0.491320
vn 0.862097 -0.158570 0.481294
vn 0.863250 -0.200423 0.463282
vn 0.861531 -0.243693 0.445396
vn 0.862896 -0.281128 0.419972
vn 0.861460 -0.320705 0.393745
vn 0.863079 -0.353297 0.360938
vn 0.861992 -0.389168 0.324835
vn 0.863735 -0.415864 0.284640
vn 0.862853 -0.446351 0.237182
vn 0.864352 -0.465044 0.191390
vn 0.862941 -0.485245 0.140961
vn 0.864105 -0.494421 0.094181
vn 0.862339 -0.504307 0.045228
vn 0.863454 -0.504427 -0.000720
vn 0.861680 -0.505185 -0.047921
vn 0.862961 -0.496761 -0.092339
vn 0.861416 -0.488630 -0.138577
vn 0.862955 -0.471708 -0.181109
vn 0.861754 -0.453636 -0.227145
vn 0.863482 -0.427877 -0.267060
vn 0.862568 -0.397889 -0.312509
vn 0.864222 -0.363186 -0.348160
vn 0.863022 -0.323731 -0.387804
vn 0.864266 -0.283941 -0.415236
vn 0.862576 -0.241766 -0.444424
vn 0.863678 -0.199199 -0.463012
vn 0.861874 -0.155550 -0.482677
vn 0.863083 -0.111340 -0.492636
vn 0.861442 -0.065904 -0.503562
vn 0.862893 -0.020486 -0.504971
vn 0.861573 0.027785 -0.506873
vn 0.863256 0.073992 -0.499313
vn 0.862268 0.125818 -0.490575
vn 0.863988 0.171696 -0.473334
vn 0.862999 0.224693 -0.452488
vn 0.864357 0.266244 -0.426616
vn 0.862785 0.310983 -0.398611
vn 0.863903 0.345408 -0.366557
vn 0.862101 0.381418 -0.333619
vn 0.863253 0.408286 -0.296812
vn 0.861533 0.436435 -0.259393
vn 0.862897 0.455724 -0.218460
vn 0.861459 0.476445 -0.175754
vn 0.863076 0.487806 -0.130936
vn 0.861988 0.500313 -0.081630
vn 0.863730 0.502842 -0.033456
vn 0.862850 0.504942 0.022890
vn 0.864351 0.497733 0.071830
vn 0.862943 0.489457 0.125546
vn 0.864108 0.473548 0.170497
vn 0.862343 0.457140 0.217688
vn 0.863458 0.433858 0.257309
vn 0.861683 0.410487 0.298335
vn 0.862963 0.380632 0.332286
vn 0.861415 0.350110 0.367949
vn 0.862953 0.313906 0.395948
vn 0.861750 0.274941 0.426373
vn 0.863478 0.232467 0.447622
vn 0.862563 0.183556 0.471479
vn 0.864219 0.135554 0.484511
vn 0.863022 0.081386 0.498567
vn 0.864268 0.033163 0.501937
vn 0.862579 -0.018019 0.505601
vn 0.863682 -0.064130 0.499941
vn 0.861878 -0.111725 0.494655
vn 0.863086 -0.154854 0.480732
vn 0.861443 -0.199527 0.467018
vn 0.862893 -0.239338 0.445121
vn 0.861570 -0.281847 0.422207
vn 0.863253 -0.317771 0.392193
vn 0.862263 -0.357920 0.358323
vn 0.863984 -0.388635 0.320147
vn 0.862998 -0.423653 0.275233
vn 0.864358 -0.446262 0.231809
vn 0.862788 -0.470536 0.184912
vn 0.863907 -0.483863 0.139791
vn 0.862105 -0.498105 0.093095
vn 0.863256 -0.502504 0.047733
vn 0.861535 -0.507696 0.001192
vn 0.862898 -0.503472 -0.043858
vn 0.861457 -0.499582 -0.091155
vn 0.863074 -0.486560 -0.135509
vn 0.861984 -0.472249 -0.184296
vn 0.863726 -0.449921 -0.227043
vn 0.862846 -0.423071 -0.276601
vn 0.864350 -0.391958 -0.315069
vn 0.862945 -0.357481 -0.357118
vn 0.864111 -0.320905 -0.387726
vn 0.862347 -0.282750 -0.420012
vn 0.863461 -0.242540 -0.442278
vn 0.861685 -0.201536 -0.465705
vn 0.862965 -0.158559 -0.479741
vn 0.861415 -0.114142 -0.494909
vn 0.862952 -0.068735 -0.500590
vn 0.861747 -0.019732 -0.506955
vn 0.863474 0.027633 -0.503636
vn 0.862558 0.081846 -0.499295
vn 0.864215 0.129790 -0.486093
vn 0.863023 0.183601 -0.470619
vn 0.864270 0.226838 -0.448978
vn 0.862583 0.272783 -0.426075
vn 0.863685 0.309605 -0.397734
vn 0.861881 0.347897 -0.368955
vn 0.863088 0.377941 -0.335021
vn 0.861444 0.409420 -0.300484
vn 0.862892 0.432547 -0.261380
vn 0.861568 0.457476 -0.220038
vn 0.863250 0.473126 -0.175931
vn 0.862258 0.490449 -0.126374
vn 0.863980 0.497465 -0.077894
vn 0.862996 0.504756 -0.021407
vn 0.864358 0.502124 0.027489
vn 0.862791 0.499152 0.080237
vn 0.863910 0.487663 0.125871
vn 0.862109 0.476155 0.173333
vn 0.863259 0.456858 0.214627
vn 0.861537 0.437643 0.257337
vn 0.862898 0.411084 0.293968
vn 0.861456 0.383676 0.332696
vn 0.863071 0.349903 0.364247
vn 0.861979 0.312780 0.398949
vn 0.863722 0.271818 0.424381
vn 0.862842 0.223508 0.453373
vn 0.864348 0.177144 0.470661
vn 0.862947 0.126042 0.489322
vn 0.864114 0.078970 0.497062
vn 0.862351 0.029674 0.505441
vn 0.863465 -0.016278 0.504147
vn 0.861688 -0.063506 0.503448
vn 0.862966 -0.107646 0.493662
vn 0.861415 -0.153595 0.484120
vn 0.862950 -0.195569 0.465908
vn 0.861743 -0.240974 0.446464
vn 0.863470 -0.280051 0.419513
vn 0.862553 -0.324489 0.388213
vn 0.864212 -0.359038 0.352462
vn 0.863023 -0.397506 0.311737
vn 0.864273 -0.423720 0.271098
vn 0.862587 -0.451629 0.227981
vn 0.863689 -0.468909 0.184839
vn 0.861885 -0.487233 0.140566
vn 0.863091 -0.495829 0.096062
vn 0.861445 -0.505353 0.050314
vn 0.862892 -0.505365 0.004887
vn 0.861565 -0.505790 -0.043371
vn 0.863246 -0.496822 -0.089294
vn 0.862253 -0.486529 -0.140743
vn 0.863976 -0.467906 -0.186037
vn 0.862995 -0.445439 -0.238376
vn 0.864359 -0.418289 -0.279138
vn 0.862794 -0.388873 -0.323054
vn 0.863914 -0.355754 -0.356499
vn 0.862113 -0.321683 -0.391512
vn 0.863262 -0.284054 -0.417243
vn 0.861539 -0.245776 -0.444234
vn 0.862899 -0.204274 -0.462253
vn 0.861455 -0.160984 -0.481643
vn 0.863069 -0.115864 -0.491617
vn 0.861975 -0.066274 -0.502600
vn 0.863718 -0.018083 -0.503652
vn 0.862839 0.038234 -0.504031
vn 0.864347 0.086952 -0.495321
vn 0.862949 0.140463 -0.485376
vn 0.864117 0.184934 -0.468082
vn 0.862355 0.231653 -0.450201
vn 0.863468 0.270559 -0.425700
vn 0.861691 0.310867 -0.401061
vn 0.862968 0.343885 -0.370175
vn 0.861415 0.378582 -0.338584
vn 0.862949 0.405445 -0.301553
vn 0.861740 0.434629 -0.261729
vn 0.863466 0.454551 -0.218656
vn 0.862548 0.476871 -0.169131
vn 0.864208 0.488420 -0.120786
vn 0.863024 0.500817 -0.066126
vn 0.864275 0.502706 -0.017791
vn 0.862591 0.504789 0.033551
vn 0.863693 0.497710 0.079493
vn 0.861888 0.490952 0.126942
vn 0.863093 0.475706 0.169630
vn 0.861446 0.460625 0.213859
vn 0.862892 0.437522 0.252967
vn 0.861563 0.413343 0.294714
vn 0.863243 0.382263 0.329677
vn 0.862249 0.347245 0.368711
vn 0.863972 0.308177 0.398221
vn 0.862993 0.262203 0.431847
vn 0.864360 0.218081 0.453126
vn 0.862797 0.170387 0.475971
vn 0.863918 0.124848 0.487913
vn 0.862117 0.077684 0.500719
vn 0.863265 0.032192 0.503723
vn 0.861541 -0.014499 0.507480
vn 0.862899 -0.059393 0.501874
vn 0.861454 -0.106515 0.496540
vn 0.863067 -0.150424 0.482171
vn 0.861971 -0.198680 0.466404
vn 0.863713 -0.240690 0.442795
vn 0.862835 -0.289348 0.414480
vn 0.864346 -0.326860 0.382189
vn 0.862951 -0.367883 0.346379
vn 0.864120 -0.397373 0.308854
vn 0.862359 -0.428504 0.269670
vn 0.863472 -0.449532 0.228775
vn 0.861694 -0.471697 0.187044
vn 0.862969 -0.484404 0.143654
vn 0.861415 -0.498198 0.098809
vn 0.862947 -0.502478 0.053268
vn 0.861737 -0.507339 0.004157
vn 0.863462 -0.502574 -0.043049
vn 0.862543 -0.496597 -0.097009
vn 0.864205 -0.481945 -0.144494
vn 0.863024 -0.464792 -0.197882
vn 0.864277 -0.441819 -0.240462
vn 0.862594 -0.417473 -0.285740
vn 0.863697 -0.387996 -0.321694
vn 0.861892 -0.358024 -0.359111
vn 0.863096 -0.323175 -0.388103
vn 0.861447 -0.287688 -0.418504
vn 0.862891 -0.247902 -0.440412
vn 0.861561 -0.205860 -0.464042
vn 0.863240 -0.161324 -0.478322
vn 0.862244 -0.111346 -0.494103
vn 0.863968 -0.062711 -0.499627
vn 0.862992 -0.006021 -0.505182
vn 0.864361 0.042799 -0.501048
vn 0.862800 0.095506 -0.496441
vn 0.863921 0.140795 -0.483546
vn 0.862121 0.187929 -0.470564
vn 0.863269 0.228624 -0.449998
vn 0.861543 0.270734 -0.429472
vn 0.862900 0.306527 -0.401802
vn 0.861452 0.344371 -0.373241
vn 0.863064 0.374853 -0.338534
vn 0.861967 0.408358 -0.300428
vn 0.863709 0.432505 -0.258739
vn 0.862831 0.459977 -0.209628
vn 0.864345 0.475842 -0.162735
vn 0.862953 0.492940 -0.111008
vn 0.864123 0.499234 -0.063688
vn 0.862363 0.506095 -0.014094
vn 0.863475 0.503386 0.031818
vn 0.861697 0.501231 0.079030
vn 0.862971 0.490091 0.122850
vn 0.861415 0.479148 0.168468
vn 0.862946 0.459663 0.209845
vn 0.861733 0.438869 0.254579
vn 0.863458 0.410754 0.292783
vn 0.862538 0.378176 0.336172
vn 0.864201 0.341411 0.369587
vn 0.863024 0.299456 0.406836
vn 0.864279 0.258003 0.431806
vn 0.862598 0.213984 0.458405
vn 0.863700 0.170305 0.474360
vn 0.861896 0.125450 0.491323
vn 0.863098 0.080694 0.498548
vn 0.861448 0.034676 0.506661
vn 0.862891 -0.010718 0.505277
vn 0.861558 -0.058918 0.504228
vn 0.863237 -0.104514 0.493862
vn 0.862239 -0.155541 0.482028
vn 0.863963 -0.200209 0.462043
vn 0.862990 -0.251838 0.437978
vn 0.864361 -0.291770 0.409573
vn 0.862803 -0.334818 0.378770
vn 0.863925 -0.367251 0.344617
vn 0.862125 -0.401231 0.309443
vn 0.863272 -0.425801 0.271026
vn 0.861546 -0.451609 0.231924
vn 0.862901 -0.468341 0.189893
vn 0.861451 -0.486383 0.146059
vn 0.863062 -0.494963 0.100679
vn 0.861962 -0.504415 0.050853
vn 0.863705 -0.503991 0.002690
vn 0.862827 -0.502657 -0.053537
vn 0.864344 -0.492450 -0.101992
vn 0.862954 -0.480841 -0.155247
vn 0.864126 -0.462176 -0.199195
vn 0.862367 -0.442836 -0.245397
vn 0.863479 -0.417138 -0.283549
vn 0.861700 -0.391253 -0.323102
vn 0.862973 -0.359364 -0.355156
vn 0.861415 -0.326735 -0.388855
vn 0.862944 -0.288912 -0.414556
vn 0.861730 -0.248268 -0.442476
vn 0.863454 -0.204636 -0.461054
vn 0.862533 -0.154545 -0.481822
vn 0.864198 -0.105904 -0.491881
vn 0.863025 -0.050806 -0.502600
vn 0.864281 -0.002404 -0.503004
vn 0.862602 0.049048 -0.503500
vn 0.863704 0.094777 -0.495008
vn 0.861899 0.142035 -0.486781
vn 0.863101 0.184243 -0.470225
vn 0.861449 0.227986 -0.453793
vn 0.862890 0.266355 -0.429505
vn 0.861556 0.307303 -0.404087
vn 0.863233 0.341273 -0.371969
vn 0.862234 0.379161 -0.335841
vn 0.863959 0.407439 -0.295919
vn 0.862989 0.439640 -0.248931
vn 0.864362 0.459566 -0.204151
vn 0.862806 0.480959 -0.155704
vn 0.863928 0.491502 -0.109790
vn 0.862129 0.502857 -0.062202
vn 0.863275 0.504460 -0.016623
vn 0.861548 0.506779 0.030175
vn 0.862901 0.499796 0.074871
vn 0.861450 0.493026 0.121775
vn 0.863059 0.477324 0.165199
vn 0.861958 0.460120 0.212880
vn 0.863701 0.435254 0.254116
vn 0.862822 0.405519 0.301815
vn 0.864343 0.372066 0.338347
vn 0.862956 0.334954 0.378302
vn 0.864129 0.296515 0.406644
vn 0.862371 0.256337 0.436587
vn 0.863483 0.214794 0.456357
vn 0.861703 0.172375 0.477237
vn 0.862974 0.128612 0.488604
vn 0.861415 0.083381 0.501011
vn 0.862943 0.037750 0.503889
vn 0.861726 -0.011425 0.507244
vn 0.863450 -0.058429 0.501039
vn 0.862528 -0.112087 0.493439
vn 0.864194 -0.159067 0.477353
vn 0.863025 -0.211978 0.458534
vn 0.864283 -0.253859 0.434247
vn 0.862605 -0.298424 0.408479
vn 0.863708 -0.333476 0.377892
vn 0.861903 -0.369981 0.346753
vn 0.863103 -0.397894 0.311020
vn 0.861450 -0.427188 0.274617
vn 0.862890 -0.447858 0.234188
vn 0.861554 -0.470169 0.191485
vn 0.863230 -0.483067 0.146561
vn 0.862229 -0.497297 0.096210
vn 0.863955 -0.501327 0.047466
vn 0.862987 -0.505139 -0.009370
vn 0.864362 -0.499506 -0.058067
vn 0.862809 -0.493264 -0.110683
vn 0.863932 -0.478974 -0.155583
vn 0.862132 -0.464526 -0.202344
vn 0.863278 -0.442710 -0.242402
vn 0.861550 -0.420891 -0.283872
vn 0.862902 -0.392136 -0.318793
vn 0.861449 -0.362449 -0.355720
vn 0.863057 -0.326843 -0.385106
vn 0.861954 -0.287792 -0.417386
vn 0.863696 -0.245416 -0.440227
vn 0.862818 -0.195580 -0.466149
vn 0.864341 -0.148176 -0.480581
vn 0.862958 -0.095872 -0.496097
vn 0.864132 -0.048348 -0.500937
vn 0.862375 0.001496 -0.506268
vn 0.863486 0.047326 -0.502147
vn 0.861706 0.094476 -0.498535
vn 0.862976 0.137935 -0.486052
vn 0.861415 0.183180 -0.473718
vn 0.862942 0.223922 -0.452980
vn 0.861723 0.267945 -0.430858
vn 0.863446 0.305242 -0.401607
vn 0.862523 0.347546 -0.367785
vn 0.864191 0.379798 -0.330042
vn 0.863025 0.415785 -0.286896
vn 0.864285 0.439487 -0.244669
vn 0.862609 0.464748 -0.199787
vn 0.863712 0.479361 -0.155612
vn 0.861906 0.494945 -0.110216
vn 0.863106 0.500791 -0.065249
vn 0.861451 0.507485 -0.019004
vn 0.862890 0.504707 0.026313
vn 0.861551 0.502187 0.074412
vn 0.863227 0.490435 0.119638
vn 0.862225 0.477076 0.170197
vn 0.863951 0.455750 0.214199
vn 0.862986 0.430111 0.265066
vn 0.864363 0.400477 0.304129
vn 0.862812 0.368313 0.346266
vn 0.863935 0.333156 0.377654
vn 0.862136 0.296910 0.410567
vn 0.863281 0.257741 0.433953
vn 0.861552 0.217852 0.458551
vn 0.862903 0.175330 0.473981
vn 0.861448 0.130994 0.490661
vn 0.863054 0.085397 0.497840
vn 0.861950 0.035380 0.505758
vn 0.863692 -0.012710 0.503859
vn 0.862813 -0.068769 0.500824
vn 0.864340 -0.116936 0.489124
vn 0.862960 -0.169882 0.475857
vn 0.864135 -0.213266 0.455838
vn 0.862379 -0.258906 0.435053
vn 0.863490 -0.296268 0.408180
vn 0.861709 -0.335026 0.381071
vn 0.862978 -0.366086 0.348210
vn 0.861415 -0.398757 0.314574
vn 0.862940 -0.423274 0.275995
vn 0.861720 -0.449907 0.234570
vn 0.863442 -0.467126 0.190421
vn 0.862518 -0.486328 0.139812
vn 0.864187 -0.494888 0.090921
vn 0.863026 -0.503915 0.035441
vn 0.864287 -0.502832 -0.012982
vn 0.862613 -0.501737 -0.064496
vn 0.863715 -0.491836 -0.109970
vn 0.861910 -0.482146 -0.156991
vn 0.863108 -0.464296 -0.198680
vn 0.861452 -0.446527 -0.241895
vn 0.862890 -0.421078 -0.279490
vn 0.861625 -0.408318 -0.301462
vn 0.863224 -0.361322 -0.352550
vn 0.862113 -0.361310 -0.355269
vn 0.862805 -0.305507 -0.402781
vn 0.863947 -0.283383 -0.416282
vn 0.863449 -0.241767 -0.442725
vn 0.864363 -0.190033 -0.465579
vn 0.863591 -0.176367 -0.472341
vn 0.863939 -0.094631 -0.494626
vn 0.863371 -0.111719 -0.492046
vn 0.863284 -0.001039 -0.504717
vn 0.862687 0.011894 -0.505599
vn 0.862904 0.090277 -0.497240
vn 0.862537 0.127851 -0.489576
vn 0.863052 0.179819 -0.472023
vn 0.863212 0.237010 -0.445749
vn 0.863688 0.267307 -0.427306
vn 0.864189 0.337496 -0.373195
vn 0.864339 0.349521 -0.361600
vn 0.864138 0.415532 -0.283899
vn -1.000000 -0.000000 -0.000000
vn -1.000000 -0.000000 -0.000000
vn -1.000000 -0.000000 -0.000000
vn -1.000000 -0.000000 -0.000000
vn -1.000000 -0.000000 -0.000000
vn -1.000000 -0.000000 -0.000000
vn -1.000000 -0.000000 -0.000000
vn -1.000000 -0.000000 -0.000000
vn -1.000000 -0.000000 -0.000000
vn -1.000000 -0.000000 -0.000000
vn -1.000000 -0.000000 -0.000000
vn -1.000000 -0.000000 -0.000000
vn -1.000000 -0.000000 -0.000000
vn -1.000000 -0.000000 -0.000000
vn -1.000000 -0.000000 -0.000000
vn -1.000000 -0.000000 -0.000000
vn -1.000000 -0.000000 -0.000000
vn -1.000000 -0.000000 -0.000000
vn -1.000000 -0.000000 -0.000000
vn -1.000000 -0.000000 -0.000000
vn -1.000000 -0.000000 -0.000000
vn -1.000000 -0.000000 -0.000000
vn -1.000000 -0.000000 -0.000000
vn -1.000000 -0.000000 -0.000000
vn -1.000000 -0.000000 -0.000000
vn -1.000000 -0.000000 -0.000000
vn -1.000000 -0.000000 -0.000000
vn -1.000000 -0.000000 -0.000000
vn -1.000000 -0.000000 -0.000000
vn -1.000000 -0.000000 -0.000000
vn -1.000000 -0.000000 -0.000000
vn -1.000000 -0.000000 -0.000000
vn -1.000000 -0.000000 -0.000000
vn -1.000000 -0.000000 -0.000000
vn -1.000000 -0.000000 -0.000000
vn -1.000000 -0.000000 -0.000000
vn -1.000000 -0.000000 -0.000000
vn -1.000000 -0.000000 -0.000000
vn -1.000000 -0.000000 -0.000000
vn -1.000000 -0.000000 -0.000000
vn -1.000000 -0.000000 -0.000000
vn -1.000000 -0.000000 -0.000000
vn -1.000000 -0.000000 -0.000000
vn -1.000000 -0.000000 -0.000000
vn -1.000000 -0.000000 -0.000000
vn -1.000000 -0.000000 -0.000000
vn -1.000000 -0.000000 -0.000000
vn -1.000000 -0.000000 -0.000000
vn -1.000000 -0.000000 -0.000000
vn -1.000000 -0.000000 -0.000000
vn -0.000000 -0.997353 -0.072713
vn -0.000000 -0.956367 -0.292170
vn -0.000000 -0.964772 -0.263087
vn -0.000000 -0.896201 -0.443647
vn -0.000000 -0.867714 -0.497064
vn -0.000000 -0.794199 -0.607658
vn -0.000000 -0.735813 -0.677184
vn -0.000000 -0.662570 -0.749000
vn -0.000000 -0.567239 -0.823553
vn -0.000000 -0.506224 -0.862402
vn -0.000000 -0.370394 -0.928875
vn -0.000000 -0.330995 -0.943633
vn -0.000000 -0.155087 -0.987901
vn -0.000000 -0.143418 -0.989662
vn -0.000000 0.037719 -0.999288
vn -0.000000 0.049509 -0.998774
vn -0.000000 0.229118 -0.973399
vn -0.000000 0.240589 -0.970627
vn -0.000000 0.411970 -0.911197
vn -0.000000 0.422695 -0.906272
vn -0.000000 0.579454 -0.815005
vn -0.000000 0.589032 -0.808110
vn -0.000000 0.725322 -0.688409
vn -0.000000 0.733396 -0.679802
vn -0.000000 0.844133 -0.536134
vn -0.000000 0.850401 -0.526135
vn -0.000000 0.931454 -0.363858
vn -0.000000 0.935683 -0.352841
vn -0.000000 0.984029 -0.178009
vn -0.000000 0.986061 -0.166384
vn 0.000000 0.999895 0.014480
vn 0.000000 0.999655 0.026279
vn 0.000000 0.978462 0.206429
vn 0.000000 0.975957 0.217962
vn 0.000000 0.920528 0.390678
vn 0.000000 0.915853 0.401514
vn 0.000000 0.828254 0.560352
vn 0.000000 0.821584 0.570088
vn 0.000000 0.705084 0.709124
vn 0.000000 0.696667 0.717395
vn 0.000000 0.555611 0.831442
vn 0.000000 0.545761 0.837941
vn 0.000000 0.385412 0.922745
vn 0.000000 0.374496 0.927229
vn 0.000000 0.200836 0.979625
vn 0.000000 0.189261 0.981927
vn 0.000000 0.008767 0.999962
vn -0.000000 -0.003034 0.999995
vn -0.000000 -0.183628 0.982996
vn -0.000000 -0.195216 0.980760
vn -0.000000 -0.369174 0.929360
vn -0.000000 -0.380115 0.924939
vn -0.000000 -0.540948 0.841056
vn -0.000000 -0.550835 0.834614
vn -0.000000 -0.692542 0.721378
vn -0.000000 -0.701007 0.713155
vn -0.000000 -0.818302 0.574789
vn -0.000000 -0.825028 0.565092
vn -0.000000 -0.913536 0.406758
vn -0.000000 -0.918273 0.395949
vn -0.000000 -0.974692 0.223553
vn -0.000000 -0.977262 0.212036
vn -0.000000 -0.999488 0.032010
vn -0.000000 -0.999796 0.020212
vn -0.000000 -0.986999 -0.160728
vn -0.000000 -0.985033 -0.172365
vn -0.000000 -0.937691 -0.347470
vn -0.000000 -0.933525 -0.358512
vn -0.000000 -0.853404 -0.521250
vn -0.000000 -0.847193 -0.531285
vn -0.000000 -0.737281 -0.675586
vn -0.000000 -0.729257 -0.684240
vn -0.000000 -0.593655 -0.804719
vn -0.000000 -0.584117 -0.811669
vn -0.000000 -0.427884 -0.903834
vn -0.000000 -0.417188 -0.908820
vn -0.000000 -0.246150 -0.969232
vn -0.000000 -0.234695 -0.972069
vn -0.000000 -0.055235 -0.998473
vn -0.000000 -0.043448 -0.999056
vn -0.000000 0.137741 -0.990468
vn -0.000000 0.149420 -0.988774
vn -0.000000 0.325579 -0.945515
vn -0.000000 0.336715 -0.941607
vn -0.000000 0.501272 -0.865290
vn -0.000000 0.511448 -0.859314
vn -0.000000 0.658265 -0.752786
vn -0.000000 0.667103 -0.744966
vn -0.000000 0.790702 -0.612201
vn -0.000000 0.797872 -0.602827
vn -0.000000 0.893643 -0.448778
vn -0.000000 0.898877 -0.438201
vn -0.000000 0.963248 -0.268614
vn -0.000000 0.966351 -0.257228
vn -0.000000 0.996920 -0.078430
vn -0.000000 0.997776 -0.066660
vn 0.000000 0.993402 0.114680
vn 0.000000 0.991980 0.126395
vn 0.000000 0.952828 0.303512
vn 0.000000 0.949179 0.314735
vn 0.000000 0.876709 0.481022
vn 0.000000 0.870971 0.491334
vn 0.000000 0.767885 0.640588
vn 0.000000 0.760272 0.649605
vn 0.000000 0.630416 0.776257
vn 0.000000 0.621212 0.783643
vn 0.000000 0.469430 0.882969
vn 0.000000 0.458978 0.888448
vn 0.000000 0.290933 0.956743
vn 0.000000 0.279622 0.960110
vn 0.000000 0.101583 0.994827
vn 0.000000 0.089836 0.995957
vn -0.000000 -0.091557 0.995800
vn -0.000000 -0.103302 0.994650
vn -0.000000 -0.281281 0.959625
vn -0.000000 -0.292586 0.956239
vn -0.000000 -0.460512 0.887653
vn -0.000000 -0.470955 0.882157
vn -0.000000 -0.622565 0.782568
vn -0.000000 -0.631756 0.775167
vn -0.000000 -0.761393 0.648290
vn -0.000000 -0.768991 0.639260
vn -0.000000 -0.871819 0.489829
vn -0.000000 -0.877538 0.479506
vn -0.000000 -0.949722 0.313095
vn -0.000000 -0.953351 0.301865
vn -0.000000 -0.992197 0.124681
vn -0.000000 -0.993599 0.112963
vn -0.000000 -0.997659 -0.068384
vn -0.000000 -0.996783 -0.080153
vn -0.000000 -0.965905 -0.258898
vn -0.000000 -0.962782 -0.270278
vn -0.000000 -0.898118 -0.439754
vn -0.000000 -0.892866 -0.450322
vn -0.000000 -0.796829 -0.604205
vn -0.000000 -0.789643 -0.613566
vn -0.000000 -0.665814 -0.746117
vn -0.000000 -0.656963 -0.753923
vn -0.000000 -0.509963 -0.860197
vn -0.000000 -0.499776 -0.866155
vn -0.000000 -0.335087 -0.942187
vn -0.000000 -0.323945 -0.946076
vn -0.000000 -0.147712 -0.989030
vn -0.000000 -0.136030 -0.990705
vn -0.000000 0.045174 -0.998979
vn -0.000000 0.056960 -0.998376
vn -0.000000 0.236375 -0.971662
vn -0.000000 0.247825 -0.968805
vn -0.000000 0.418757 -0.908098
vn -0.000000 0.429445 -0.903093
vn -0.000000 0.585519 -0.810659
vn -0.000000 0.595045 -0.803692
vn -0.000000 0.730439 -0.682978
vn -0.000000 0.738447 -0.674311
vn -0.000000 0.848110 -0.529821
vn -0.000000 0.854303 -0.519775
vn -0.000000 0.934143 -0.356898
vn -0.000000 0.938290 -0.345850
vn -0.000000 0.985330 -0.170662
vn -0.000000 0.987275 -0.159023
vn 0.000000 0.999759 0.021940
vn 0.000000 0.999431 0.033737
vn 0.000000 0.976894 0.213724
vn 0.000000 0.974304 0.225237
vn 0.000000 0.917587 0.397535
vn 0.000000 0.912832 0.408336
vn 0.000000 0.824050 0.566517
vn 0.000000 0.817308 0.576202
vn 0.000000 0.699773 0.714365
vn 0.000000 0.691295 0.722573
vn 0.000000 0.549392 0.835565
vn 0.000000 0.539494 0.841990
vn 0.000000 0.378517 0.925594
vn 0.000000 0.367567 0.929997
vn 0.000000 0.193521 0.981096
vn 0.000000 0.181930 0.983312
vn 0.000000 0.001306 0.999999
vn -0.000000 -0.010495 0.999945
vn -0.000000 -0.190957 0.981598
vn -0.000000 -0.202528 0.979276
vn -0.000000 -0.376098 0.926580
vn -0.000000 -0.387006 0.922077
vn -0.000000 -0.547208 0.836997
vn -0.000000 -0.557047 0.830481
vn -0.000000 -0.697905 0.716190
vn -0.000000 -0.706308 0.707904
vn -0.000000 -0.822568 0.568667
vn -0.000000 -0.829221 0.558920
vn -0.000000 -0.916545 0.399930
vn -0.000000 -0.921201 0.389086
vn -0.000000 -0.976333 0.216275
vn -0.000000 -0.978817 0.204738
vn -0.000000 -0.999699 0.024551
vn -0.000000 -0.999919 0.012752
vn -0.000000 -0.985772 -0.168088
vn -0.000000 -0.983720 -0.179709
vn -0.000000 -0.935072 -0.354457
vn -0.000000 -0.930824 -0.365467
vn -0.000000 -0.849491 -0.527603
vn -0.000000 -0.843205 -0.537592
vn -0.000000 -0.732220 -0.681068
vn -0.000000 -0.724132 -0.689662
vn -0.000000 -0.587635 -0.809126
vn -0.000000 -0.578045 -0.816005
vn -0.000000 -0.421128 -0.907001
vn -0.000000 -0.410395 -0.911908
vn -0.000000 -0.238912 -0.971041
vn -0.000000 -0.227436 -0.973793
vn -0.000000 -0.047783 -0.998858
vn -0.000000 -0.035993 -0.999352
vn -0.000000 0.145128 -0.989413
vn -0.000000 0.156794 -0.987631
vn -0.000000 0.332625 -0.943059
vn -0.000000 0.343731 -0.939068
vn -0.000000 0.507714 -0.861526
vn -0.000000 0.517845 -0.855474
vn -0.000000 0.663863 -0.747854
vn -0.000000 0.672642 -0.739968
vn -0.000000 0.795248 -0.606285
vn -0.000000 0.802347 -0.596858
vn -0.000000 0.896967 -0.442098
vn -0.000000 0.902121 -0.431482
vn -0.000000 0.965225 -0.261420
vn -0.000000 0.968243 -0.250011
vn -0.000000 0.997477 -0.070990
vn -0.000000 0.998245 -0.059213
vn 0.000000 0.992519 0.122089
vn 0.000000 0.991009 0.133793
vn 0.000000 0.950537 0.310613
vn 0.000000 0.946805 0.321809
vn 0.000000 0.873095 0.487550
vn 0.000000 0.867281 0.497819
vn 0.000000 0.763084 0.646299
vn 0.000000 0.755404 0.655260
vn 0.000000 0.624607 0.780939
vn 0.000000 0.615347 0.788256
vn 0.000000 0.462829 0.886447
vn 0.000000 0.452336 0.891848
vn 0.000000 0.283787 0.958887
vn 0.000000 0.272451 0.962170
vn 0.000000 0.094158 0.995557
vn 0.000000 0.082402 0.996599
vn -0.000000 -0.098984 0.995089
vn -0.000000 -0.110720 0.993852
vn -0.000000 -0.288433 0.957500
vn -0.000000 -0.299712 0.954030
vn -0.000000 -0.467122 0.884193
vn -0.000000 -0.477524 0.878619
vn -0.000000 -0.628386 0.777901
vn -0.000000 -0.637523 0.770432
vn -0.000000 -0.766209 0.642591
vn -0.000000 -0.773739 0.633505
vn -0.000000 -0.875449 0.483310
vn -0.000000 -0.881092 0.472946
vn -0.000000 -0.952032 0.306000
vn -0.000000 -0.955576 0.294744
vn -0.000000 -0.993100 0.117274
vn -0.000000 -0.994414 0.105547
vn -0.000000 -0.997121 -0.075826
vn -0.000000 -0.996157 -0.087587
vn -0.000000 -0.963946 -0.266097
vn -0.000000 -0.960739 -0.277454
vn -0.000000 -0.894812 -0.446443
vn -0.000000 -0.889482 -0.456971
vn -0.000000 -0.792299 -0.610134
vn -0.000000 -0.785043 -0.619441
vn -0.000000 -0.660229 -0.751064
vn -0.000000 -0.651320 -0.758804
vn -0.000000 -0.503530 -0.863978
vn -0.000000 -0.493299 -0.869860
vn -0.000000 -0.328048 -0.944661
vn -0.000000 -0.316877 -0.948467
vn -0.000000 -0.140328 -0.990105
vn -0.000000 -0.128634 -0.991692
vn -0.000000 0.052626 -0.998614
vn -0.000000 0.064407 -0.997924
vn -0.000000 0.243618 -0.969871
vn -0.000000 0.255046 -0.966929
vn -0.000000 0.425521 -0.904948
vn -0.000000 0.436171 -0.899864
vn -0.000000 0.591551 -0.806267
vn -0.000000 0.601025 -0.799230
vn -0.000000 0.735514 -0.677510
vn -0.000000 0.743458 -0.668783
vn -0.000000 0.852039 -0.523478
vn -0.000000 0.858157 -0.513387
vn -0.000000 0.936780 -0.349919
vn -0.000000 0.940844 -0.338839
vn -0.000000 0.986575 -0.163306
vn -0.000000 0.988434 -0.151652
vn 0.000000 0.999568 0.029399
vn 0.000000 0.999151 0.041193
vn 0.000000 0.975272 0.221007
vn 0.000000 0.972596 0.232501
vn 0.000000 0.914595 0.404370
vn 0.000000 0.909760 0.415135
vn 0.000000 0.819801 0.572649
vn 0.000000 0.812986 0.582284
vn 0.000000 0.694424 0.719566
vn 0.000000 0.685884 0.727711
vn 0.000000 0.543143 0.839640
vn 0.000000 0.533196 0.845992
vn 0.000000 0.371600 0.928393
vn 0.000000 0.360618 0.932714
vn 0.000000 0.186195 0.982513
vn 0.000000 0.174588 0.984642
vn -0.000000 -0.006155 0.999981
vn -0.000000 -0.017956 0.999839
vn -0.000000 -0.198276 0.980146
vn -0.000000 -0.209829 0.977738
vn -0.000000 -0.383001 0.923748
vn -0.000000 -0.393875 0.919164
vn -0.000000 -0.553438 0.832891
vn -0.000000 -0.563228 0.826302
vn -0.000000 -0.703229 0.710963
vn -0.000000 -0.711570 0.702615
vn -0.000000 -0.826788 0.562514
vn -0.000000 -0.833368 0.552718
vn -0.000000 -0.919504 0.393081
vn -0.000000 -0.924079 0.382202
vn -0.000000 -0.977919 0.208984
vn -0.000000 -0.980317 0.197429
vn -0.000000 -0.999854 0.017092
vn -0.000000 -0.999986 0.005291
vn -0.000000 -0.984490 -0.175438
vn -0.000000 -0.982352 -0.187044
vn -0.000000 -0.932402 -0.361424
vn -0.000000 -0.928072 -0.372402
vn -0.000000 -0.845531 -0.533927
vn -0.000000 -0.839171 -0.543868
vn -0.000000 -0.727118 -0.686512
vn -0.000000 -0.718966 -0.695045
vn -0.000000 -0.581581 -0.813488
vn -0.000000 -0.571941 -0.820295
vn -0.000000 -0.414349 -0.910118
vn -0.000000 -0.403580 -0.914944
vn -0.000000 -0.231660 -0.972797
vn -0.000000 -0.220164 -0.975463
vn -0.000000 -0.040329 -0.999186
vn -0.000000 -0.028535 -0.999593
vn -0.000000 0.152506 -0.988303
vn -0.000000 0.164158 -0.986434
vn -0.000000 0.339652 -0.940551
vn -0.000000 0.350728 -0.936477
vn -0.000000 0.514128 -0.857714
vn -0.000000 0.524214 -0.851587
vn -0.000000 0.669425 -0.742880
vn -0.000000 0.678145 -0.734928
vn -0.000000 0.799749 -0.600334
vn -0.000000 0.806778 -0.590854
vn -0.000000 0.900240 -0.435393
vn -0.000000 0.905316 -0.424739
vn -0.000000 0.967149 -0.254211
vn -0.000000 0.970081 -0.242780
vn -0.000000 0.997979 -0.063545
vn -0.000000 0.998659 -0.051764
vn 0.000000 0.991581 0.129491
vn 0.000000 0.989983 0.141183
vn 0.000000 0.948193 0.317696
vn 0.000000 0.944377 0.328864
vn 0.000000 0.869433 0.494051
vn 0.000000 0.863542 0.504276
vn 0.000000 0.758241 0.651975
vn 0.000000 0.750494 0.660878
vn 0.000000 0.618763 0.785578
vn 0.000000 0.609449 0.792825
vn 0.000000 0.456203 0.889876
vn 0.000000 0.445669 0.895198
vn 0.000000 0.276624 0.960978
vn 0.000000 0.265264 0.964176
vn 0.000000 0.086727 0.996232
vn 0.000000 0.074964 0.997186
vn -0.000000 -0.106406 0.994323
vn -0.000000 -0.118132 0.992998
vn -0.000000 -0.295569 0.955321
vn -0.000000 -0.306822 0.951767
vn -0.000000 -0.473707 0.880683
vn -0.000000 -0.484067 0.875031
vn -0.000000 -0.634173 0.773191
vn -0.000000 -0.643253 0.765654
vn -0.000000 -0.770982 0.636857
vn -0.000000 -0.778444 0.627714
vn -0.000000 -0.879031 0.476765
vn -0.000000 -0.884596 0.466358
vn -0.000000 -0.954288 0.298888
vn -0.000000 -0.957749 0.287606
vn -0.000000 -0.993947 0.109862
vn -0.000000 -0.995174 0.098124
vn -0.000000 -0.996528 -0.083263
vn -0.000000 -0.995476 -0.095018
vn -0.000000 -0.961934 -0.273282
vn -0.000000 -0.958642 -0.284615
vn -0.000000 -0.891456 -0.453106
vn -0.000000 -0.886047 -0.463595
vn -0.000000 -0.787724 -0.616028
vn -0.000000 -0.780400 -0.625281
vn -0.000000 -0.654607 -0.755970
vn -0.000000 -0.645640 -0.763642
vn -0.000000 -0.497070 -0.867711
vn -0.000000 -0.486795 -0.873516
vn -0.000000 -0.320990 -0.947082
vn -0.000000 -0.309792 -0.950805
vn -0.000000 -0.132937 -0.991125
vn -0.000000 -0.121231 -0.992624
vn -0.000000 0.060076 -0.998194
vn -0.000000 0.071851 -0.997415
vn -0.000000 0.250847 -0.968027
vn -0.000000 0.262254 -0.964999
vn -0.000000 0.432262 -0.901748
vn -0.000000 0.442873 -0.896584
vn -0.000000 0.597551 -0.801831
vn -0.000000 0.606971 -0.794724
vn -0.000000 0.740549 -0.672003
vn -0.000000 0.748427 -0.663217
vn -0.000000 0.855921 -0.517106
vn -0.000000 0.861964 -0.506969
vn -0.000000 0.939365 -0.342919
vn -0.000000 0.943346 -0.331810
vn -0.000000 0.987766 -0.155940
vn -0.000000 0.989538 -0.144273
vn 0.000000 0.999321 0.036856
vn 0.000000 0.998816 0.048646
vn 0.000000 0.973596 0.228277
vn 0.000000 0.970834 0.239751
vn 0.000000 0.911553 0.411183
vn 0.000000 0.906637 0.421912
vn 0.000000 0.815505 0.578750
vn 0.000000 0.808618 0.588333
vn 0.000000 0.689036 0.724727
vn 0.000000 0.680435 0.732808
vn 0.000000 0.536863 0.843670
vn 0.000000 0.526869 0.849946
vn 0.000000 0.364663 0.931140
vn 0.000000 0.353649 0.935378
vn 0.000000 0.178859 0.983875
vn 0.000000 0.167236 0.985917
vn -0.000000 -0.013616 0.999907
vn -0.000000 -0.025415 0.999677
vn -0.000000 -0.205584 0.978640
vn -0.000000 -0.217118 0.976145
vn -0.000000 -0.389882 0.920865
vn -0.000000 -0.400722 0.916200
vn -0.000000 -0.559637 0.828738
vn -0.000000 -0.569378 0.822076
vn -0.000000 -0.708514 0.705696
vn -0.000000 -0.716793 0.697286
vn -0.000000 -0.830962 0.556329
vn -0.000000 -0.837469 0.546485
vn -0.000000 -0.922411 0.386209
vn -0.000000 -0.926905 0.375297
vn -0.000000 -0.979451 0.201682
vn -0.000000 -0.981763 0.190109
vn -0.000000 -0.999954 0.009631
vn -0.000000 -0.999998 -0.002170
vn -0.000000 -0.983154 -0.182779
vn -0.000000 -0.980929 -0.194368
vn -0.000000 -0.929679 -0.368371
vn -0.000000 -0.925267 -0.379316
vn -0.000000 -0.841523 -0.540221
vn -0.000000 -0.835090 -0.550114
vn -0.000000 -0.721976 -0.691919
vn -0.000000 -0.713760 -0.700390
vn -0.000000 -0.575495 -0.817805
vn -0.000000 -0.565804 -0.824540
vn -0.000000 -0.407547 -0.913184
vn -0.000000 -0.396742 -0.917930
vn -0.000000 -0.224395 -0.974498
vn -0.000000 -0.212880 -0.977078
vn -0.000000 -0.032873 -0.999460
vn -0.000000 -0.021076 -0.999778
vn -0.000000 0.159875 -0.987137
vn -0.000000 0.171514 -0.985182
vn -0.000000 0.346660 -0.937991
vn -0.000000 0.357705 -0.933835
vn -0.000000 0.520513 -0.853854
vn -0.000000 0.530553 -0.847652
vn -0.000000 0.674949 -0.737865
vn -0.000000 0.683609 -0.729848
vn -0.000000 0.804206 -0.594350
vn -0.000000 0.811164 -0.584818
vn -0.000000 0.903464 -0.428664
vn -0.000000 0.908460 -0.417973
vn -0.000000 0.969019 -0.246988
vn -0.000000 0.971866 -0.235535
vn -0.000000 0.998425 -0.056097
vn -0.000000 0.999018 -0.044311
vn 0.000000 0.990587 0.136886
vn 0.000000 0.988902 0.148566
vn 0.000000 0.945796 0.324762
vn 0.000000 0.941897 0.335901
vn 0.000000 0.865723 0.500524
vn 0.000000 0.859756 0.510705
vn 0.000000 0.753355 0.657614
vn 0.000000 0.745542 0.666459
vn 0.000000 0.612884 0.790173
vn 0.000000 0.603517 0.797350
vn 0.000000 0.449550 0.893255
vn 0.000000 0.438978 0.898498
vn 0.000000 0.269446 0.963015
vn 0.000000 0.258063 0.966128
vn 0.000000 0.079291 0.996851
vn 0.000000 0.067522 0.997718
vn -0.000000 -0.113822 0.993501
vn -0.000000 -0.125538 0.992089
vn -0.000000 -0.302689 0.953089
vn -0.000000 -0.313915 0.949451
vn -0.000000 -0.480264 0.877124
vn -0.000000 -0.490582 0.871395
vn -0.000000 -0.639924 0.768438
vn -0.000000 -0.648948 0.760833
vn -0.000000 -0.775712 0.631087
vn -0.000000 -0.783106 0.621888
vn -0.000000 -0.882564 0.470193
vn -0.000000 -0.901560 0.432654
vn -0.000000 -0.956492 0.291760
vn -0.000000 -0.975079 0.221856
vn -0.000000 -0.994739 0.102442
vn -0.000000 -1.000000 -0.000000
vn -0.000000 -0.995879 -0.090696
vn -0.000000 -0.975079 -0.221856
vn -0.000000 -0.959868 -0.280452
vn -0.000000 -0.901560 -0.432654
vn -0.000000 -0.888051 -0.459745
vn -0.000000 -0.783106 -0.621888
vn -0.862918 0.105612 0.494184
vn -0.863342 -0.000048 0.504620
vn -0.863339 0.014490 0.504416
vn -0.863997 -0.079771 0.497138
vn -0.863979 -0.113741 0.490513
vn -0.864368 -0.176594 0.470832
vn -0.863861 -0.232880 0.446666
vn -0.863876 -0.271442 0.424308
vn -0.862751 -0.341043 0.373296
vn -0.863171 -0.350653 0.363288
vn -0.862191 -0.422701 0.279195
vn -0.862887 -0.412267 0.292339
vn -0.862278 -0.453701 0.225015
vn -0.863153 -0.457864 0.212905
vn -0.862566 -0.477994 0.165834
vn -0.863778 -0.488178 0.124782
vn -0.862942 -0.495120 0.100933
vn -0.864316 -0.502190 0.027614
vn -0.863216 -0.503933 0.030158
vn -0.863125 -0.502874 -0.046180
vn -0.864125 -0.497349 -0.077022
vn -0.862435 -0.490248 -0.125944
vn -0.863378 -0.472652 -0.176573
vn -0.861667 -0.456811 -0.221030
vn -0.862920 -0.431556 -0.262923
vn -0.861418 -0.408257 -0.302133
vn -0.863008 -0.376655 -0.336671
vn -0.861760 -0.346585 -0.370470
vn -0.863551 -0.308539 -0.398853
vn -0.862445 -0.271900 -0.426919
vn -0.864183 -0.226601 -0.449267
vn -0.862987 -0.183673 -0.470656
vn -0.864313 -0.130744 -0.485665
vn -0.862734 -0.082749 -0.498841
vn -0.863622 -0.027357 -0.503398
vn -0.861881 0.020448 -0.506697
vn -0.863017 0.070264 -0.500265
vn -0.861432 0.115920 -0.494468
vn -0.862917 0.160574 -0.479155
vn -0.861590 0.203522 -0.465018
vn -0.863336 0.244219 -0.441598
vn -0.862203 0.284161 -0.419356
vn -0.863994 0.321639 -0.387380
vn -0.862860 0.357857 -0.356948
vn -0.864368 0.391578 -0.315492
vn -0.862953 0.422454 -0.277209
vn -0.863880 0.449555 -0.227180
vn -0.862146 0.472065 -0.184010
vn -0.863174 0.486715 -0.134308
vn -0.861516 0.499760 -0.089612
vn -0.862887 0.503661 -0.041856
vn -0.861473 0.507793 0.003297
vn -0.863150 0.502493 0.049729
vn -0.861967 0.498000 0.094913
vn -0.863774 0.483750 0.140997
vn -0.862669 0.470427 0.185743
vn -0.864315 0.446381 0.231742
vn -0.863026 0.423868 0.274812
vn -0.864128 0.388985 0.319332
vn -0.862440 0.357973 0.357844
vn -0.863382 0.317043 0.392499
vn -0.861670 0.280776 0.422718
vn -0.862921 0.237703 0.445943
vn -0.861418 0.197689 0.467844
vn -0.863006 0.152905 0.481497
vn -0.861757 0.109823 0.495292
vn -0.863547 0.062639 0.500363
vn -0.862441 0.016823 0.505878
vn -0.864180 -0.033522 0.502065
vn -0.862986 -0.081350 0.498636
vn -0.864314 -0.134526 0.484627
vn -0.862739 -0.182539 0.471552
vn -0.863626 -0.232575 0.447280
vn -0.861885 -0.275420 0.425791
vn -0.863019 -0.315052 0.394893
vn -0.861432 -0.351412 0.366666
vn -0.862916 -0.382068 0.330756
vn -0.861587 -0.411847 0.296731
vn -0.863332 -0.434960 0.255866
vn -0.862199 -0.458023 0.216400
vn -0.863990 -0.474007 0.169819
vn -0.862857 -0.489696 0.125202
vn -0.864368 -0.497624 0.072381
vn -0.862955 -0.504724 0.023722
vn -0.863885 -0.502598 -0.033144
vn -0.862150 -0.500010 -0.081773
vn -0.863177 -0.487329 -0.132042
vn -0.861518 -0.475814 -0.177167
vn -0.862887 -0.454867 -0.220277
vn -0.861471 -0.435447 -0.261253
vn -0.863147 -0.407258 -0.298527
vn -0.861963 -0.380400 -0.335134
vn -0.863770 -0.344693 -0.367542
vn -0.862665 -0.310462 -0.399276
vn -0.864313 -0.266374 -0.426624
vn -0.863026 -0.225087 -0.452240
vn -0.864132 -0.172421 -0.472807
vn -0.862445 -0.126116 -0.490187
vn -0.863386 -0.073217 -0.499204
vn -0.861673 -0.026609 -0.506766
vn -0.862922 0.022308 -0.504845
vn -0.861418 0.067904 -0.503337
vn -0.863005 0.113408 -0.492303
vn -0.861754 0.157514 -0.482255
vn -0.863543 0.200702 -0.462614
vn -0.862437 0.242942 -0.444052
vn -0.864177 0.284322 -0.415161
vn -0.862984 0.323741 -0.387878
vn -0.864316 0.362370 -0.348777
vn -0.862744 0.397044 -0.313097
vn -0.863630 0.427791 -0.266718
vn -0.861889 0.453747 -0.226407
vn -0.863021 0.472155 -0.179621
vn -0.861433 0.489096 -0.136813
vn -0.862915 0.497217 -0.090292
vn -0.861585 0.505538 -0.045847
vn -0.863329 0.504640 0.001087
vn -0.862195 0.504412 0.046791
vn -0.863987 0.494470 0.095005
vn -0.862854 0.485276 0.141387
vn -0.864368 0.465229 0.190868
vn -0.862957 0.446585 0.236361
vn -0.863889 0.415817 0.284239
vn -0.862155 0.388839 0.324797
vn -0.863180 0.352328 0.361642
vn -0.861520 0.319446 0.394636
vn -0.862887 0.279467 0.421098
vn -0.861470 0.241896 0.446493
vn -0.863144 0.198664 0.464236
vn -0.861960 0.156919 0.482081
vn -0.863767 0.109703 0.491805
vn -0.862662 0.064097 0.501703
vn -0.864311 0.012251 0.502808
vn -0.863027 -0.036315 0.503851
vn -0.864136 -0.092099 0.494759
vn -0.862450 -0.140816 0.486159
vn -0.863390 -0.190975 0.466998
vn -0.861676 -0.234957 0.449789
vn -0.862923 -0.276108 0.423236
vn -0.861417 -0.314598 0.398733
vn -0.863003 -0.348158 0.366077
vn -0.861751 -0.381012 0.334985
vn -0.863540 -0.408190 0.296108
vn -0.862433 -0.435102 0.258642
vn -0.864174 -0.456012 0.212734
vn -0.862983 -0.476059 0.169199
vn -0.864318 -0.489408 0.115906
vn -0.862748 -0.501100 0.067557
vn -0.863634 -0.503977 0.011952
vn -0.861893 -0.505812 -0.035969
vn -0.863023 -0.497852 -0.085637
vn -0.861434 -0.490652 -0.131117
vn -0.862915 -0.473969 -0.175306
vn -0.861583 -0.458517 -0.217802
vn -0.863326 -0.433863 -0.257742
vn -0.862191 -0.410413 -0.296966
vn -0.863983 -0.377332 -0.333397
vn -0.862851 -0.345822 -0.368638
vn -0.864367 -0.303406 -0.401016
vn -0.862959 -0.264215 -0.430688
vn -0.863893 -0.213360 -0.456252
vn -0.862160 -0.169487 -0.477446
vn -0.863183 -0.119282 -0.490598
vn -0.861522 -0.074178 -0.502273
vn -0.862887 -0.026282 -0.504713
vn -0.861468 0.018987 -0.507456
vn -0.863142 0.065231 -0.500731
vn -0.861956 0.110244 -0.494851
vn -0.863763 0.155824 -0.479200
vn -0.862658 0.200112 -0.464517
vn -0.864310 0.245283 -0.439096
vn -0.863027 0.287614 -0.415287
vn -0.864140 0.330993 -0.379085
vn -0.862455 0.368566 -0.346886
vn -0.863393 0.402020 -0.304848
vn -0.861679 0.431133 -0.267645
vn -0.862924 0.453058 -0.223831
vn -0.861417 0.473727 -0.183147
vn -0.863001 0.486003 -0.137954
vn -0.861748 0.498464 -0.094472
vn -0.863536 0.502075 -0.047185
vn -0.862429 0.506177 -0.001246
vn -0.864172 0.500816 0.048892
vn -0.862981 0.495923 0.096560
vn -0.864320 0.480301 0.149204
vn -0.862753 0.465768 0.196767
vn -0.863638 0.439941 0.246131
vn -0.861897 0.417132 0.288330
vn -0.863026 0.384994 0.327058
vn -0.861435 0.355649 0.362552
vn -0.862914 0.318794 0.392110
vn -0.861580 0.283868 0.420830
vn -0.863323 0.242325 0.442665
vn -0.862187 0.202185 0.464495
vn -0.863980 0.155185 0.479016
vn -0.862849 0.110138 0.493317
vn -0.864367 0.057173 0.499600
vn -0.862962 0.008346 0.505201
vn -0.863897 -0.048447 0.501332
vn -0.862164 -0.097012 0.497254
vn -0.863186 -0.146953 0.483026
vn -0.861524 -0.191732 0.470123
vn -0.862887 -0.234219 0.447847
vn -0.861467 -0.274587 0.427172
vn -0.863139 -0.310975 0.397852
vn -0.861952 -0.346729 0.369888
vn -0.863759 -0.377991 0.333231
vn -0.862655 -0.408639 0.298062
vn -0.864308 -0.434575 0.253212
vn -0.863027 -0.458896 0.211185
vn -0.864144 -0.477810 0.157966
vn -0.862460 -0.493777 0.111118
vn -0.863397 -0.501194 0.057876
vn -0.861682 -0.507329 0.011024
vn -0.862925 -0.503910 -0.037870
vn -0.861417 -0.501002 -0.083416
vn -0.862999 -0.488572 -0.128571
vn -0.861744 -0.477173 -0.172342
vn -0.863532 -0.456223 -0.214877
vn -0.862425 -0.436381 -0.256504
vn -0.864169 -0.406265 -0.296919
vn -0.862980 -0.377803 -0.335455
vn -0.864322 -0.337585 -0.372806
vn -0.862758 -0.300880 -0.406350
vn -0.863643 -0.253503 -0.435727
vn -0.861901 -0.212385 -0.460455
vn -0.863028 -0.164991 -0.477453
vn -0.861436 -0.121661 -0.493079
vn -0.862913 -0.074885 -0.499774
vn -0.861578 -0.030202 -0.506726
vn -0.863319 0.016664 -0.504383
vn -0.862183 0.062322 -0.502749
vn -0.863976 0.110152 -0.491336
vn -0.862846 0.156198 -0.480728
vn -0.864367 0.204966 -0.459193
vn -0.862964 0.249841 -0.439173
vn -0.863902 0.296769 -0.406943
vn -0.862169 0.336513 -0.378713
vn -0.863189 0.372288 -0.341036
vn -0.861526 0.404278 -0.307136
vn -0.862887 0.429528 -0.266330
vn -0.861466 0.453761 -0.227987
vn -0.863136 0.470164 -0.184231
vn -0.861949 0.486713 -0.141968
vn -0.863756 0.494967 -0.094518
vn -0.862651 0.503453 -0.048657
vn -0.864306 0.502956 0.003125
vn -0.863027 0.502509 0.051670
vn -0.864147 0.491713 0.107088
vn -0.862465 0.481619 0.155554
vn -0.863401 0.460906 0.205194
vn -0.861685 0.442343 0.248660
vn -0.862927 0.414512 0.289028
vn -0.861417 0.388829 0.326762
vn -0.862997 0.355149 0.359312
vn -0.861741 0.323065 0.391192
vn -0.863529 0.283394 0.417140
vn -0.862421 0.245137 0.442874
vn -0.864166 0.198665 0.462330
vn -0.862978 0.154564 0.481018
vn -0.864323 0.100961 0.492699
vn -0.862763 0.052306 0.502896
vn -0.863647 -0.003461 0.504086
vn -0.861905 -0.051453 0.504452
vn -0.863030 -0.100926 0.494968
vn -0.861437 -0.146187 0.486370
vn -0.862912 -0.189870 0.468330
vn -0.861576 -0.231873 0.451577
vn -0.863316 -0.271022 0.425714
vn -0.862179 -0.309490 0.401078
vn -0.863973 -0.344842 0.366926
vn -0.862843 -0.379075 0.334370
vn -0.864367 -0.410083 0.291036
vn -0.862966 -0.438522 0.250975
vn -0.863906 -0.462524 0.199346
vn -0.862174 -0.482380 0.154810
vn -0.863193 -0.494017 0.104145
vn -0.861528 -0.504308 0.058675
vn -0.862887 -0.505283 0.010683
vn -0.861464 -0.506634 -0.034659
vn -0.863134 -0.498490 -0.080673
vn -0.861945 -0.491231 -0.125472
vn -0.863752 -0.474195 -0.170505
vn -0.862648 -0.458167 -0.214294
vn -0.864305 -0.431399 -0.258596
vn -0.863027 -0.406318 -0.300150
vn -0.864151 -0.368838 -0.342347
vn -0.862470 -0.335480 -0.378944
vn -0.863405 -0.292369 -0.411160
vn -0.861688 -0.254263 -0.439140
vn -0.862928 -0.209747 -0.459741
vn -0.861416 -0.168431 -0.479158
vn -0.862995 -0.122870 -0.490043
vn -0.861738 -0.079029 -0.501160
vn -0.863525 -0.031685 -0.503309
vn -0.862417 0.014335 -0.505995
vn -0.864163 0.064220 -0.499097
vn -0.862977 0.111682 -0.492746
vn -0.864325 0.163746 -0.475531
vn -0.862767 0.210810 -0.459556
vn -0.863651 0.259454 -0.432193
vn -0.861910 0.300966 -0.408082
vn -0.863032 0.338751 -0.374731
vn -0.861438 0.373345 -0.344294
vn -0.862911 0.401778 -0.306528
vn -0.861574 0.429412 -0.270733
vn -0.863313 0.449950 -0.228553
vn -0.862175 0.470526 -0.187775
vn -0.863970 0.483574 -0.140403
vn -0.862840 0.496475 -0.094968
vn -0.864367 0.501113 -0.041910
vn -0.862968 0.505210 0.007039
vn -0.863910 0.499601 0.063702
vn -0.862178 0.494033 0.112157
vn -0.863196 0.478267 0.161723
vn -0.861530 0.463986 0.206113
vn -0.862888 0.440400 0.247937
vn -0.861463 0.418489 0.287660
vn -0.863131 0.388065 0.323127
vn -0.861941 0.359021 0.357995
vn -0.863748 0.321451 0.388083
vn -0.862644 0.285378 0.417617
vn -0.864303 0.239812 0.442121
vn -0.863027 0.197086 0.465126
vn -0.864155 0.143369 0.482371
vn -0.862475 0.096020 0.496908
vn -0.863408 0.042483 0.502714
vn -0.861691 -0.004570 0.507412
vn -0.862929 -0.053394 0.502496
vn -0.861416 -0.098847 0.498188
vn -0.862993 -0.143612 0.484374
vn -0.861735 -0.187008 0.471636
vn -0.863522 -0.228849 0.449398
vn -0.862413 -0.269825 0.428296
vn -0.864161 -0.309239 0.396986
vn -0.862975 -0.346858 0.367374
vn -0.864327 -0.382899 0.326080
vn -0.862772 -0.415279 0.288389
vn -0.863655 -0.443253 0.240055
vn -0.861914 -0.466728 0.198166
vn -0.863034 -0.482296 0.150206
vn -0.861439 -0.496592 0.106394
vn -0.862910 -0.501854 0.059406
vn -0.861571 -0.507429 0.014528
vn -0.863309 -0.503645 -0.032228
vn -0.862171 -0.500609 -0.077796
vn -0.863966 -0.487738 -0.125197
vn -0.862838 -0.475727 -0.170865
vn -0.864366 -0.452730 -0.218875
vn -0.862970 -0.431354 -0.263091
vn -0.863914 -0.397692 -0.309020
vn -0.862183 -0.368236 -0.347911
vn -0.863199 -0.329424 -0.382580
vn -0.861532 -0.294536 -0.413534
vn -0.862888 -0.252938 -0.437547
vn -0.861462 -0.213860 -0.460595
vn -0.863128 -0.169622 -0.475645
vn -0.861938 -0.126880 -0.490881
vn -0.863744 -0.079241 -0.497661
vn -0.862641 -0.033169 -0.504729
vn -0.864301 0.018501 -0.502634
vn -0.863027 0.066978 -0.500698
vn -0.864159 0.121974 -0.488213
vn -0.862480 0.170144 -0.476633
vn -0.863412 0.219218 -0.454382
vn -0.861695 0.262125 -0.434480
vn -0.862930 0.301672 -0.405395
vn -0.861416 0.338613 -0.378555
vn -0.862991 0.370124 -0.343881
vn -0.861732 0.400999 -0.310834
vn -0.863518 0.425695 -0.270408
vn -0.862409 0.450228 -0.231398
vn -0.864158 0.468215 -0.184407
vn -0.862973 0.485528 -0.139784
vn -0.864328 0.495534 -0.085921
vn -0.862777 0.504229 -0.037010
vn -0.863659 0.503723 0.018867
vn -0.861918 0.502617 0.066885
vn -0.863037 0.491614 0.116118
vn -0.861440 0.481626 0.161117
vn -0.862909 0.462243 0.204253
vn -0.861569 0.444205 0.245724
vn -0.863306 0.417159 0.284044
vn -0.862167 0.391361 0.321722
vn -0.863963 0.356172 0.355964
vn -0.862835 0.322602 0.389158
vn -0.864366 0.278394 0.418769
vn -0.862972 0.237502 0.445952
vn -0.863918 0.185149 0.468364
vn -0.862188 0.139992 0.486862
vn -0.863202 0.088912 0.496968
vn -0.861534 0.043118 0.505865
vn -0.862888 -0.004925 0.505371
vn -0.861461 -0.050298 0.505327
vn -0.863126 -0.096038 0.495773
vn -0.861934 -0.140582 0.487141
vn -0.863741 -0.185028 0.468740
vn -0.862637 -0.228277 0.451383
vn -0.864299 -0.271670 0.423299
vn -0.863027 -0.312409 0.396970
vn -0.864162 -0.353382 0.358253
vn -0.862485 -0.388967 0.323766
vn -0.863416 -0.419913 0.279618
vn -0.861698 -0.446730 0.240643
vn -0.862931 -0.465986 0.195464
vn -0.861416 -0.484132 0.153556
vn -0.862990 -0.493616 0.107668
vn -0.861729 -0.503378 0.063510
vn -0.863514 -0.504066 0.016152
vn -0.862405 -0.505334 -0.029906
vn -0.864155 -0.496908 -0.079489
vn -0.862972 -0.489108 -0.126702
vn -0.864330 -0.470320 -0.178137
vn -0.862781 -0.452922 -0.224655
vn -0.863664 -0.424042 -0.272532
vn -0.861922 -0.398652 -0.313317
vn -0.863039 -0.364114 -0.350122
vn -0.861441 -0.332612 -0.383783
vn -0.862908 -0.293970 -0.411061
vn -0.861567 -0.257338 -0.437584
vn -0.863303 -0.214560 -0.456806
vn -0.862163 -0.173185 -0.476111
vn -0.863959 -0.125486 -0.487676
vn -0.862832 -0.079706 -0.499167
vn -0.864366 -0.026607 -0.502159
vn -0.862974 0.022418 -0.504751
vn -0.863923 0.078894 -0.497407
vn -0.862193 0.127193 -0.490353
vn -0.863205 0.176337 -0.473056
vn -0.861536 0.220296 -0.457411
vn -0.862888 0.261417 -0.432533
vn -0.861459 0.300458 -0.409406
vn -0.863123 0.334971 -0.377906
vn -0.861931 0.368921 -0.347811
vn -0.863737 0.397810 -0.309364
vn -0.862633 0.426203 -0.272423
vn -0.864298 0.449255 -0.226186
vn -0.863027 0.470923 -0.182801
vn -0.864166 0.486486 -0.128643
vn -0.862490 0.499577 -0.080836
vn -0.863420 0.503760 -0.027053
vn -0.861701 0.507016 0.020156
vn -0.862933 0.500604 0.068867
vn -0.861416 0.494899 0.114183
vn -0.862988 0.479713 0.158516
vn -0.861726 0.465647 0.201497
vn -0.863511 0.442145 0.242606
vn -0.862401 0.419804 0.282893
vn -0.864152 0.387332 0.321272
vn -0.862970 0.356599 0.357938
vn -0.864332 0.314272 0.392637
vn -0.862786 0.275635 0.423822
vn -0.863668 0.226385 0.450364
vn -0.861926 0.183763 0.472562
vn -0.863041 0.135281 0.486682
vn -0.861442 0.091027 0.499632
vn -0.862907 0.043871 0.503454
vn -0.861565 -0.001161 0.507647
vn -0.863300 -0.047763 0.502426
vn -0.862159 -0.093198 0.497992
vn -0.863956 -0.140127 0.483679
vn -0.862829 -0.185375 0.470279
vn -0.864365 -0.232583 0.445845
vn -0.862975 -0.276099 0.423135
vn -0.863927 -0.320982 0.388074
vn -0.862197 -0.358982 0.357418
vn -0.863208 -0.392509 0.317503
vn -0.861539 -0.422397 0.281659
vn -0.862888 -0.445147 0.239306
vn -0.861458 -0.466989 0.199528
vn -0.863120 -0.480671 0.154849
vn -0.861927 -0.494582 0.111670
vn -0.863733 -0.499884 0.063886
vn -0.862630 -0.505528 0.017646
vn -0.864296 -0.501843 -0.033862
vn -0.863027 -0.498421 -0.082226
vn -0.864170 -0.484264 -0.136745
vn -0.862495 -0.471207 -0.184573
vn -0.863424 -0.447432 -0.233032
vn -0.861704 -0.426209 -0.275340
vn -0.862934 -0.395893 -0.314028
vn -0.861416 -0.367919 -0.350141
vn -0.862986 -0.332284 -0.380582
vn -0.861723 -0.298305 -0.410423
vn -0.863507 -0.257162 -0.433847
vn -0.862397 -0.217437 -0.457156
vn -0.864149 -0.169973 -0.473662
vn -0.862968 -0.124870 -0.489585
vn -0.864333 -0.070800 -0.497911
vn -0.862791 -0.021685 -0.505096
vn -0.863672 0.034252 -0.502889
vn -0.861930 0.082251 -0.500311
vn -0.863043 0.131197 -0.487795
vn -0.861443 0.175892 -0.476423
vn -0.862907 0.218441 -0.455715
vn -0.861562 0.259341 -0.436409
vn -0.863296 0.296797 -0.408204
vn -0.862155 0.333649 -0.381270
vn -0.863952 0.366751 -0.345080
vn -0.862826 0.398877 -0.310528
vn -0.864365 0.427068 -0.265492
vn -0.862977 0.452968 -0.223808
vn -0.863931 0.473768 -0.170785
vn -0.862202 0.490888 -0.125047
vn -0.863211 0.499449 -0.073598
vn -0.861541 0.506942 -0.027523
vn -0.862889 0.504977 0.020528
vn -0.861457 0.503538 0.065889
vn -0.863118 0.492582 0.111313
vn -0.861923 0.482586 0.155560
vn -0.863729 0.462839 0.199378
vn -0.862626 0.444172 0.242047
vn -0.864294 0.414801 0.284492
vn -0.863027 0.387252 0.324377
vn -0.863966 0.335070 0.375887
vn -0.862500 0.311755 0.398627
vn -0.862982 0.236723 0.446346
vn -0.861707 0.226799 0.453897
vn -0.861415 0.138534 0.488643
vn -0.862536 0.129263 0.489206
vn -0.861720 0.047929 0.505115
vn -0.862899 0.013252 0.505203
vn -0.862394 -0.045450 0.504194
vn -0.863566 -0.112414 0.491545
vn -0.862967 -0.141606 0.485012
vn -0.863627 -0.178670 0.471408
vn -0.862795 -0.238289 0.445873
vn -0.863209 -0.245485 0.441144
vn -0.862508 -0.307570 0.401847
vn -0.861934 -0.325371 0.388848
vn -0.861908 -0.361732 0.355338
vn -0.861444 -0.393854 0.320615
vn -0.861574 -0.407556 0.302637
vn -0.861560 -0.445338 0.243697
vn -1.000000 -0.000000 -0.000000
vn -1.000000 -0.000000 -0.000000
vn -1.000000 -0.000000 -0.000000
vn -1.000000 -0.000000 -0.000000
vn -1.000000 -0.000000 -0.000000
vn -1.000000 -0.000000 -0.000000
vn 0.000000 -0.866025 -0.500000
vn 0.000000 -0.866025 -0.500000
vn 0.000000 -0.866025 -0.500000
vn 0.000000 -0.866025 -0.500000
vn 0.000000 -0.866025 -0.500000
vn -0.866025 -0.129410 -0.482963
vn -0.866025 -0.129410 -0.482963
vn -0.866025 0.000000 -0.500000
vn -0.866025 -0.353553 -0.353553
vn -0.866025 -0.353553 -0.353553
vn -0.866025 -0.250000 -0.433013
vn -0.866025 -0.482963 -0.129410
vn -0.866025 -0.482963 -0.129410
vn -0.866025 -0.433013 -0.250000
vn -0.866025 -0.482963 0.129410
vn -0.866025 -0.482963 0.129410
vn -0.866025 -0.500000 -0.000000
vn -0.866025 -0.353553 0.353553
vn -0.866025 -0.353553 0.353553
vn -0.866025 -0.433013 0.250000
vn -0.866025 -0.129410 0.482963
vn -0.866025 -0.129410 0.482963
vn -0.866025 -0.250000 0.433013
vn -0.866025 0.129410 0.482963
vn -0.866025 0.129410 0.482963
vn -0.866025 0.000000 0.500000
vn -0.866025 0.353553 0.353553
vn -0.866025 0.353553 0.353553
vn -0.866025 0.250000 0.433013
vn -0.866025 0.482963 0.129410
vn -0.866025 0.482963 0.129410
vn -0.866025 0.433013 0.250000
vn -0.866025 0.482963 -0.129410
vn -0.866025 0.482963 -0.129410
vn -0.866025 0.500000 -0.000000
vn -0.866025 0.353553 -0.353553
vn -0.866025 0.353553 -0.353553
vn -0.866025 0.433013 -0.250000
vn -0.866025 0.129410 -0.482963
vn -0.866025 0.129410 -0.482963
vn -0.866025 0.250000 -0.433013
vn -0.866025 -0.000000 0.500000
vn -0.866025 -0.433013 -0.250000
vn -0.866025 0.433013 -0.250000
vn -0.866025 -0.250000 0.433013
vn -0.866025 -0.433013 0.250000
vn -0.866025 -0.500000 -0.000000
vn -0.866025 -0.250000 -0.433013
vn -0.866025 -0.000000 -0.500000
vn -0.866025 0.250000 -0.433013
vn -0.866025 0.500000 -0.000000
vn -0.866025 0.433013 0.250000
vn -0.866025 0.250000 0.433013
vn 0.000000 0.000000 -1.000000
vn 0.000000 0.000000 -1.000000
vn 0.000000 0.000000 -1.000000
vn 0.000000 0.000000 -1.000000
vn 0.000000 0.000000 -1.000000
vn 0.000000 -0.866025 0.500000
vn 0.000000 -0.866025 0.500000
vn 0.000000 -0.866025 0.500000
vn 0.000000 -0.866025 0.500000
vn 0.000000 -0.866025 0.500000
vn -1.000000 0.000000 0.000000
vn -1.000000 0.000000 0.000000
vn -1.000000 0.000000 0.000000
vn -1.000000 0.000000 0.000000
vn -1.000000 0.000000 0.000000
vn -1.000000 0.000000 0.000000
vn -1.000000 0.000000 0.000000
vn -1.000000 0.000000 0.000000
vn -1.000000 0.000000 0.000000
vn -1.000000 0.000000 0.000000
vn -1.000000 0.000000 0.000000
vn -1.000000 0.000000 0.000000
vn -1.000000 0.000000 0.000000
vn -1.000000 0.000000 0.000000
vn -1.000000 0.000000 0.000000
vn -1.000000 0.000000 0.000000
vn -1.000000 0.000000 0.000000
vn -1.000000 0.000000 0.000000
vn -1.000000 0.000000 0.000000
vn -1.000000 0.000000 0.000000
vn -1.000000 0.000000 0.000000
vn -1.000000 0.000000 0.000000
vn -1.000000 0.000000 0.000000
vn -1.000000 0.000000 0.000000
vn -1.000000 0.000000 0.000000
vn -1.000000 0.000000 0.000000
vn -1.000000 0.000000 0.000000
vn -1.000000 0.000000 0.000000
vn -1.000000 0.000000 0.000000
vn -1.000000 0.000000 0.000000
vn -1.000000 0.000000 0.000000
vn -1.000000 0.000000 0.000000
vn -1.000000 -0.000000 -0.000000
vn -1.000000 -0.000000 -0.000000
vn -1.000000 -0.000000 -0.000000
vn -1.000000 -0.000000 -0.000000
vn -1.000000 -0.000000 -0.000000
vn -1.000000 -0.000000 -0.000000
vn -1.000000 -0.000000 -0.000000
vn -1.000000 -0.000000 -0.000000
vn -1.000000 -0.000000 -0.000000
vn -1.000000 -0.000000 -0.000000
vn -1.000000 -0.000000 -0.000000
vn -1.000000 -0.000000 -0.000000
vn -1.000000 -0.000000 -0.000000
vn -1.000000 -0.000000 -0.000000
vn -1.000000 -0.000000 -0.000000
vn 0.000000 0.866025 -0.500000
vn 0.000000 0.866025 -0.500000
vn 0.000000 0.866025 -0.500000
vn 0.000000 0.866025 -0.500000
vn 0.000000 0.866025 -0.500000
vn 0.000000 0.000000 1.000000
vn 0.000000 0.000000 1.000000
vn 0.000000 0.000000 1.000000
vn 0.000000 0.000000 1.000000
vn 0.000000 0.000000 1.000000
vn 0.000000 0.866025 0.500000
vn 0.000000 0.866025 0.500000
vn 0.000000 0.866025 0.500000
vn 0.000000 0.866025 0.500000
vn 0.000000 0.866025 0.500000
vn -0.904804 0.413454 0.101907
vn -0.850479 0.519736 0.080995
vn -0.904804 0.425827 0.000000
vn -0.850867 0.519973 -0.075187
vn -0.904804 0.413454 -0.101907
vn -0.830500 0.507526 -0.229534
vn -0.899540 0.371675 -0.229534
vn -0.789875 0.482700 -0.378283
vn -0.855537 0.353494 -0.378283
vn -0.729982 0.446099 -0.517805
vn -0.790665 0.326690 -0.517805
vn -0.652283 0.398616 -0.644695
vn -0.706507 0.291917 -0.644695
vn -0.558673 0.341410 -0.755860
vn -0.605115 0.250024 -0.755860
vn -0.524103 0.214598 -0.824174
vn -0.636724 0.152509 -0.755860
vn -0.524103 0.072225 -0.848587
vn -0.652724 0.051255 -0.755860
vn -0.524103 -0.072225 -0.848587
vn -0.652724 -0.051255 -0.755860
vn -0.636724 -0.152509 -0.755860
vn -0.743412 -0.178063 -0.644695
vn -0.706507 -0.291917 -0.644695
vn -0.790665 -0.326690 -0.517805
vn -0.729982 -0.446099 -0.517805
vn -0.789875 -0.482700 -0.378283
vn -0.704851 -0.600073 -0.378283
vn -0.741103 -0.630936 -0.229534
vn -0.633538 -0.738880 -0.229534
vn -0.649075 -0.757000 -0.075187
vn -0.524103 -0.844757 -0.108175
vn -0.524103 -0.850887 0.036145
vn -0.904804 0.377051 0.197892
vn -0.898288 0.371158 0.235201
vn -0.829345 0.506820 0.235201
vn -0.758931 0.646114 0.080995
vn -0.759277 0.646409 -0.075187
vn -0.649075 0.757000 -0.075187
vn -0.633538 0.738880 -0.229534
vn -0.524103 0.844757 -0.108175
vn -0.524103 0.814324 -0.249384
vn -0.904804 0.318736 0.282376
vn -0.853485 0.352647 0.383670
vn -0.787981 0.481542 0.383670
vn -0.740072 0.630059 0.235201
vn -0.703160 0.598634 0.383670
vn -0.632657 0.737852 0.235201
vn -0.601103 0.701051 0.383670
vn -0.524103 0.790241 0.317545
vn -0.524103 0.725209 0.446529
vn -0.554886 0.647149 0.522780
vn -0.524103 0.639314 0.562667
vn -0.649097 0.552607 0.522780
vn -0.579199 0.493100 0.649138
vn -0.649067 0.396651 0.649138
vn -0.524103 0.415348 0.743507
vn -0.554905 0.339108 0.759662
vn -0.524103 0.283720 0.803006
vn -0.601034 0.248338 0.759662
vn -0.524103 0.143930 0.839404
vn -0.632430 0.151480 0.759662
vn -0.648323 0.050909 0.759662
vn -0.739747 0.177185 0.649138
vn -0.758336 0.059548 0.649138
vn -0.829019 0.198567 0.522780
vn -0.849851 0.066734 0.522780
vn -0.904804 0.151000 0.398155
vn -0.904804 0.051328 0.422723
vn -0.904804 0.241898 0.350449
vn -0.898068 0.215106 0.383670
vn -0.849851 -0.066734 0.522780
vn -0.904804 -0.051328 0.422723
vn -0.904804 -0.151000 0.398155
vn -0.904804 -0.241898 0.350449
vn -0.898068 -0.215106 0.383670
vn -0.829019 -0.198567 0.522780
vn -0.739747 -0.177185 0.649138
vn -0.758336 -0.059548 0.649138
vn -0.632430 -0.151480 0.759662
vn -0.648323 -0.050909 0.759662
vn -0.524103 -0.143930 0.839404
vn -0.524103 0.000000 0.851655
vn -0.853485 -0.352647 0.383670
vn -0.904804 -0.318736 0.282376
vn -0.898288 -0.371158 0.235201
vn -0.904804 -0.377051 0.197892
vn -0.873398 -0.426446 0.235201
vn -0.904804 -0.413454 0.101907
vn -0.850479 -0.519736 0.080995
vn -0.899743 -0.428839 0.080995
vn -0.904804 -0.425827 -0.000000
vn -0.850867 -0.519973 -0.075187
vn -0.904804 -0.413454 -0.101907
vn -0.830500 -0.507526 -0.229534
vn -0.904804 -0.377051 -0.197892
vn -0.899540 -0.371675 -0.229534
vn -0.904804 -0.318736 -0.282376
vn -0.855537 -0.353494 -0.378283
vn -0.904804 -0.241898 -0.350449
vn -0.900227 -0.215623 -0.378283
vn -0.904804 -0.151000 -0.398155
vn -0.831967 -0.199273 -0.517805
vn -0.852873 -0.066972 -0.517805
vn -0.762094 -0.059843 -0.644695
vn -0.762094 0.059843 -0.644695
vn -0.904804 -0.051328 -0.422723
vn -0.904804 0.051328 -0.422723
vn -0.852873 0.066972 -0.517805
vn -0.904804 0.151000 -0.398155
vn -0.831967 0.199273 -0.517805
vn -0.900227 0.215623 -0.378283
vn -0.904804 0.241898 -0.350449
vn -0.904804 0.318736 -0.282376
vn -0.904804 0.377051 -0.197892
vn -0.524103 0.535027 0.662618
vn -0.524103 0.832540 0.179426
vn -0.648779 0.756654 0.080995
vn -0.524103 0.850887 0.036145
vn -0.524103 0.760465 -0.383418
vn -0.602548 0.702736 -0.378283
vn -0.741103 0.630936 -0.229534
vn -0.704851 0.600073 -0.378283
vn -0.524103 0.684728 -0.506422
vn -0.556859 0.649451 -0.517805
vn -0.651405 0.554572 -0.517805
vn -0.524103 0.589293 -0.614857
vn -0.582069 0.495543 -0.644695
vn -0.524103 0.476905 -0.705604
vn -0.524103 0.350798 -0.776052
vn -0.524103 -0.214598 -0.824174
vn -0.605115 -0.250024 -0.755860
vn -0.652283 -0.398616 -0.644695
vn -0.651405 -0.554572 -0.517805
vn -0.602548 -0.702736 -0.378283
vn -0.524103 -0.814324 -0.249384
vn -0.524103 -0.350798 -0.776052
vn -0.558673 -0.341410 -0.755860
vn -0.582069 -0.495543 -0.644695
vn -0.524103 -0.589293 -0.614857
vn -0.556859 -0.649451 -0.517805
vn -0.524103 -0.684728 -0.506422
vn -0.524103 -0.760465 -0.383418
vn -0.524103 -0.476905 -0.705604
vn -0.648779 -0.756654 0.080995
vn -0.524103 -0.832540 0.179426
vn -0.632657 -0.737852 0.235201
vn -0.524103 -0.790241 0.317545
vn -0.601103 -0.701051 0.383670
vn -0.524103 -0.725209 0.446529
vn -0.554886 -0.647149 0.522780
vn -0.524103 -0.639314 0.562667
vn -0.649097 -0.552607 0.522780
vn -0.524103 -0.535027 0.662618
vn -0.579199 -0.493100 0.649138
vn -0.524103 -0.415348 0.743507
vn -0.649067 -0.396651 0.649138
vn -0.554905 -0.339108 0.759662
vn -0.573192 -0.307189 0.759662
vn -0.524103 -0.283720 0.803006
vn -0.601034 -0.248338 0.759662
vn -0.703023 0.290478 0.649138
vn -0.727396 0.444518 0.522780
vn -0.787864 0.325533 0.522780
vn -0.743412 0.178063 -0.644695
vn -0.787864 -0.325533 0.522780
vn -0.825974 -0.412993 0.383670
vn -0.829345 -0.506820 0.235201
vn -0.740072 -0.630059 0.235201
vn -0.758931 -0.646114 0.080995
vn -0.703023 -0.290478 0.649138
vn -0.758835 -0.388420 0.522780
vn -0.787981 -0.481542 0.383670
vn -0.703160 -0.598634 0.383670
vn -0.673819 -0.352970 0.649138
vn -0.727396 -0.444518 0.522780
vn -0.759277 -0.646409 -0.075187
vn -1.000000 -0.000000 -0.000000
vn -1.000000 -0.000000 -0.000000
vn -1.000000 -0.000000 -0.000000
vn -1.000000 -0.000000 -0.000000
vn -1.000000 -0.000000 -0.000000
vn -1.000000 -0.000000 -0.000000
vn -1.000000 -0.000000 -0.000000
vn -1.000000 -0.000000 -0.000000
vn -1.000000 -0.000000 -0.000000
vn -0.000000 -0.169001 0.985616
vn -0.000000 -0.169001 0.985616
vn 0.000000 -0.000000 1.000000
vn 0.000000 -0.000000 1.000000
vn 0.000000 0.169001 0.985616
vn 0.000000 0.169001 0.985616
vn 0.000000 0.333140 0.942877
vn -0.000000 -0.333140 0.942877
vn -0.000000 -0.333140 0.942877
vn -0.000000 -0.487695 0.873014
vn -0.000000 -0.487695 0.873014
vn -0.000000 -0.628220 0.778036
vn -0.000000 -0.628220 0.778036
vn -0.000000 -0.750672 0.660675
vn -0.000000 -0.750672 0.660675
vn -0.000000 -0.851529 0.524307
vn -0.000000 -0.851529 0.524307
vn -0.000000 -0.927889 0.372856
vn -0.000000 -0.927889 0.372856
vn -0.000000 -0.977555 0.210679
vn -0.000000 -0.977555 0.210679
vn -0.000000 -0.999099 0.042441
vn -0.000000 -0.999099 0.042441
vn -0.000000 -0.991900 -0.127018
vn -0.000000 -0.991900 -0.127018
vn -0.000000 -0.956167 -0.292823
vn -0.000000 -0.956167 -0.292823
vn -0.000000 -0.892926 -0.450204
vn -0.000000 -0.892926 -0.450204
vn -0.000000 -0.803997 -0.594633
vn -0.000000 -0.803997 -0.594633
vn -0.000000 -0.691939 -0.721956
vn -0.000000 -0.691939 -0.721956
vn -0.000000 -0.559975 -0.828510
vn -0.000000 -0.559975 -0.828510
vn -0.000000 -0.411901 -0.911228
vn -0.000000 -0.411901 -0.911228
vn -0.000000 -0.251978 -0.967733
vn -0.000000 -0.251978 -0.967733
vn -0.000000 -0.084806 -0.996397
vn -0.000000 -0.084806 -0.996397
vn -0.000000 0.084806 -0.996397
vn -0.000000 0.084806 -0.996397
vn -0.000000 0.251978 -0.967733
vn -0.000000 0.251978 -0.967733
vn -0.000000 0.411901 -0.911228
vn -0.000000 0.411901 -0.911228
vn -0.000000 0.559975 -0.828510
vn -0.000000 0.559975 -0.828510
vn -0.000000 0.691939 -0.721956
vn -0.000000 0.691939 -0.721956
vn -0.000000 0.803997 -0.594633
vn -0.000000 0.803997 -0.594633
vn -0.000000 0.892926 -0.450204
vn -0.000000 0.892926 -0.450204
vn -0.000000 0.956167 -0.292823
vn -0.000000 0.956167 -0.292823
vn -0.000000 0.991900 -0.127018
vn -0.000000 0.991900 -0.127018
vn 0.000000 0.999099 0.042441
vn 0.000000 0.999099 0.042441
vn 0.000000 0.977555 0.210679
vn 0.000000 0.977555 0.210679
vn 0.000000 0.927889 0.372856
vn 0.000000 0.927889 0.372856
vn 0.000000 0.851529 0.524307
vn 0.000000 0.851529 0.524307
vn 0.000000 0.750672 0.660675
vn 0.000000 0.750672 0.660675
vn 0.000000 0.628220 0.778036
vn 0.000000 0.628220 0.778036
vn 0.000000 0.487695 0.873014
vn 0.000000 0.487695 0.873014
vn 0.000000 0.333140 0.942877
vn 1.000000 -0.000000 -0.000000
vn 1.000000 -0.000000 -0.000000
vn 1.000000 -0.000000 -0.000000
vn 1.000000 -0.000000 -0.000000
vn 1.000000 -0.000000 -0.000000
vn 1.000000 -0.000000 -0.000000
vn 1.000000 -0.000000 -0.000000
vn 1.000000 -0.000000 -0.000000
vn 1.000000 -0.000000 -0.000000
vn 1.000000 -0.000000 -0.000000
vn 1.000000 -0.000000 -0.000000
vn 1.000000 -0.000000 -0.000000
vn 1.000000 -0.000000 -0.000000
vn 1.000000 -0.000000 -0.000000
vn 1.000000 -0.000000 -0.000000
vn 1.000000 -0.000000 -0.000000
vn 1.000000 -0.000000 -0.000000
vn 1.000000 -0.000000 -0.000000
vn 1.000000 -0.000000 -0.000000
vn 1.000000 -0.000000 -0.000000
vn 1.000000 -0.000000 -0.000000
vn 1.000000 -0.000000 -0.000000
vn 1.000000 -0.000000 -0.000000
vn 1.000000 -0.000000 -0.000000
vn 1.000000 -0.000000 -0.000000
vn 1.000000 -0.000000 -0.000000
vn 1.000000 -0.000000 -0.000000
vn 1.000000 -0.000000 -0.000000
vn 1.000000 -0.000000 -0.000000
vn 1.000000 -0.000000 -0.000000
vn 1.000000 -0.000000 -0.000000
vn 1.000000 -0.000000 -0.000000
vn 1.000000 -0.000000 -0.000000
vn 1.000000 -0.000000 -0.000000
vn 1.000000 -0.000000 -0.000000
vn 1.000000 -0.000000 -0.000000
vn 1.000000 -0.000000 -0.000000
vn 1.000000 -0.000000 -0.000000
vn 1.000000 -0.000000 -0.000000
vn 1.000000 -0.000000 -0.000000
vn 1.000000 -0.000000 -0.000000
vn 1.000000 -0.000000 -0.000000
vn 1.000000 -0.000000 -0.000000
vn 1.000000 -0.000000 -0.000000
vn 1.000000 -0.000000 -0.000000
vn 1.000000 -0.000000 -0.000000
vn 1.000000 -0.000000 -0.000000
vn 1.000000 -0.000000 -0.000000
vn 1.000000 -0.000000 -0.000000
vn 1.000000 -0.000000 -0.000000
vn 1.000000 -0.000000 -0.000000
vn 1.000000 -0.000000 -0.000000
vn 1.000000 -0.000000 -0.000000
vn 1.000000 -0.000000 -0.000000
vn 1.000000 -0.000000 -0.000000
vn 1.000000 -0.000000 -0.000000
vn 1.000000 -0.000000 -0.000000
vn 1.000000 -0.000000 -0.000000
vn 1.000000 -0.000000 -0.000000
vn 1.000000 -0.000000 -0.000000
vn 1.000000 -0.000000 -0.000000
vn 1.000000 -0.000000 -0.000000
vn 1.000000 -0.000000 -0.000000
vn 1.000000 -0.000000 -0.000000
vn 1.000000 -0.000000 -0.000000
vn 1.000000 -0.000000 -0.000000
vn 1.000000 -0.000000 -0.000000
vn 1.000000 -0.000000 -0.000000
vn 1.000000 -0.000000 -0.000000
vn 1.000000 -0.000000 -0.000000
vn -0.000000 0.778288 -0.627908
vn -0.000000 0.780555 -0.625087
vn -0.000000 0.884480 -0.466579
vn -0.000000 0.886163 -0.463374
vn -0.000000 0.957885 -0.287151
vn -0.000000 0.958713 -0.284376
vn -0.000000 0.995291 -0.096931
vn -0.000000 0.995499 -0.094769
vn 0.000000 0.995291 0.096931
vn 0.000000 0.995150 0.098372
vn 0.000000 0.957885 0.287151
vn 0.000000 0.957677 0.287844
vn 0.000000 0.884480 0.466579
vn -0.000000 0.645830 -0.763481
vn -0.000000 0.643062 -0.765814
vn -0.000000 0.487013 -0.873395
vn -0.000000 0.483848 -0.875152
vn -0.000000 0.310028 -0.950727
vn -0.000000 0.306585 -0.951843
vn -0.000000 0.121479 -0.992594
vn -0.000000 0.117885 -0.993027
vn -0.000000 -0.071603 -0.997433
vn -0.000000 -0.075213 -0.997168
vn -0.000000 -0.262013 -0.965064
vn -0.000000 -0.265505 -0.964110
vn -0.000000 -0.442649 -0.896695
vn -0.000000 -0.445892 -0.895087
vn -0.000000 -0.606773 -0.794875
vn -0.000000 -0.609647 -0.792673
vn -0.000000 -0.748262 -0.663403
vn -0.000000 -0.750658 -0.660690
vn -0.000000 -0.861838 -0.507184
vn -0.000000 -0.863668 -0.504061
vn -0.000000 -0.943264 -0.332045
vn -0.000000 -0.944459 -0.328629
vn -0.000000 -0.989502 -0.144519
vn -0.000000 -0.990019 -0.140937
vn -0.000000 -0.998828 0.048397
vn -0.000000 -0.998646 0.052013
vn -0.000000 -0.970894 0.239509
vn -0.000000 -0.970021 0.243022
vn -0.000000 -0.906742 0.421686
vn -0.000000 -0.905210 0.424965
vn -0.000000 -0.808765 0.588132
vn -0.000000 -0.806631 0.591056
vn -0.000000 -0.680618 0.732639
vn -0.000000 -0.677962 0.735097
vn -0.000000 -0.527081 0.849815
vn -0.000000 -0.524002 0.851717
vn -0.000000 -0.353882 0.935290
vn -0.000000 -0.350494 0.936565
vn -0.000000 -0.167482 0.985875
vn -0.000000 -0.163912 0.986475
vn 0.000000 0.025166 0.999683
vn 0.000000 0.028784 0.999586
vn 0.000000 0.216875 0.976199
vn 0.000000 0.220407 0.975408
vn 0.000000 0.400494 0.916299
vn 0.000000 0.403808 0.914844
vn 0.000000 0.569173 0.822218
vn 0.000000 0.572145 0.820152
vn 0.000000 0.716619 0.697465
vn 0.000000 0.719139 0.694866
vn 0.000000 0.837333 0.546693
vn 0.000000 0.839306 0.543659
vn 0.000000 0.926811 0.375528
vn 0.000000 0.928164 0.372171
vn 0.000000 0.981716 0.190354
vn 0.000000 0.982398 0.186799
vn -0.000000 0.999998 -0.001921
vn -0.000000 0.999985 -0.005540
vn -0.000000 0.980977 -0.194124
vn -0.000000 0.980268 -0.197674
vn -0.000000 0.925362 -0.379086
vn -0.000000 0.923983 -0.382433
vn -0.000000 0.835227 -0.549906
vn -0.000000 0.833231 -0.552926
vn -0.000000 0.713935 -0.700212
vn -0.000000 0.711395 -0.702792
vn -0.000000 0.566010 -0.824398
vn -0.000000 0.563022 -0.826442
vn -0.000000 0.396971 -0.917831
vn -0.000000 0.393646 -0.919262
vn -0.000000 0.213123 -0.977025
vn -0.000000 0.209585 -0.977790
vn -0.000000 0.021325 -0.999773
vn -0.000000 0.017706 -0.999843
vn -0.000000 -0.171268 -0.985224
vn -0.000000 -0.174833 -0.984598
vn -0.000000 -0.357472 -0.933924
vn -0.000000 -0.360851 -0.932624
vn -0.000000 -0.530342 -0.847784
vn -0.000000 -0.533407 -0.845859
vn -0.000000 -0.683427 -0.730019
vn -0.000000 -0.686065 -0.727540
vn -0.000000 -0.811018 -0.585021
vn -0.000000 -0.813131 -0.582081
vn -0.000000 -0.908355 -0.418199
vn -0.000000 -0.909863 -0.414908
vn -0.000000 -0.971807 -0.235777
vn -0.000000 -0.972654 -0.232258
vn -0.000000 -0.999007 -0.044560
vn -0.000000 -0.999161 -0.040944
vn -0.000000 -0.988939 0.148320
vn -0.000000 -0.988396 0.151898
vn -0.000000 -0.941981 0.335666
vn -0.000000 -0.940760 0.339074
vn -0.000000 -0.859883 0.510491
vn -0.000000 -0.858030 0.513600
vn -0.000000 -0.745708 0.666273
vn -0.000000 -0.743291 0.668968
vn -0.000000 -0.603715 0.797200
vn -0.000000 -0.600826 0.799380
vn -0.000000 -0.439202 0.898389
vn -0.000000 -0.435947 0.899972
vn -0.000000 -0.258304 0.966064
vn -0.000000 -0.254805 0.966992
vn -0.000000 -0.067771 0.997701
vn -0.000000 -0.064159 0.997940
vn 0.000000 0.125291 0.992120
vn 0.000000 0.128881 0.991660
vn 0.000000 0.313678 0.949529
vn 0.000000 0.317113 0.948388
vn 0.000000 0.490365 0.871517
vn 0.000000 0.493516 0.869737
vn 0.000000 0.648758 0.760994
vn 0.000000 0.651509 0.758641
vn 0.000000 0.782951 0.622084
vn 0.000000 0.785197 0.619245
vn 0.000000 0.887936 0.459967
vn 0.000000 0.889595 0.456749
vn 0.000000 0.959798 0.280691
vn 0.000000 0.960808 0.277215
vn 0.000000 0.995856 0.090945
vn 0.000000 0.996179 0.087339
vn -0.000000 0.994764 -0.102194
vn -0.000000 0.994388 -0.105795
vn -0.000000 0.956564 -0.291521
vn -0.000000 0.955503 -0.294982
vn -0.000000 0.882681 -0.469973
vn -0.000000 0.880974 -0.473165
vn -0.000000 0.775870 -0.630893
vn -0.000000 0.773581 -0.633698
vn -0.000000 0.640116 -0.768279
vn -0.000000 0.637331 -0.770591
vn -0.000000 0.480483 -0.877004
vn -0.000000 0.477305 -0.878738
vn -0.000000 0.302926 -0.953014
vn -0.000000 0.299475 -0.954104
vn -0.000000 0.114069 -0.993473
vn -0.000000 0.110472 -0.993879
vn -0.000000 -0.079043 -0.996871
vn -0.000000 -0.082651 -0.996579
vn -0.000000 -0.269206 -0.963082
vn -0.000000 -0.272691 -0.962102
vn -0.000000 -0.449328 -0.893367
vn -0.000000 -0.452558 -0.891735
vn -0.000000 -0.612687 -0.790326
vn -0.000000 -0.615544 -0.788103
vn -0.000000 -0.753191 -0.657802
vn -0.000000 -0.755567 -0.655071
vn -0.000000 -0.865598 -0.500740
vn -0.000000 -0.867405 -0.497603
vn -0.000000 -0.945715 -0.324998
vn -0.000000 -0.946885 -0.321573
vn -0.000000 -0.990553 -0.137132
vn -0.000000 -0.991043 -0.133546
vn -0.000000 -0.998439 0.055849
vn -0.000000 -0.998231 0.059462
vn -0.000000 -0.969080 0.246746
vn -0.000000 -0.968181 0.250252
vn -0.000000 -0.903571 0.428439
vn -0.000000 -0.902014 0.431707
vn -0.000000 -0.804354 0.594150
vn -0.000000 -0.802198 0.597058
vn -0.000000 -0.675133 0.737696
vn -0.000000 -0.672458 0.740135
vn -0.000000 -0.520726 0.853724
vn -0.000000 -0.517632 0.855603
vn -0.000000 -0.346894 0.937904
vn -0.000000 -0.343497 0.939154
vn -0.000000 -0.160121 0.987097
vn -0.000000 -0.156547 0.987670
vn 0.000000 0.032624 0.999468
vn 0.000000 0.036242 0.999343
vn 0.000000 0.224153 0.974554
vn 0.000000 0.227679 0.973736
vn 0.000000 0.407319 0.913286
vn 0.000000 0.410623 0.911805
vn 0.000000 0.575292 0.817948
vn 0.000000 0.578249 0.815861
vn 0.000000 0.721803 0.692098
vn 0.000000 0.724304 0.689481
vn 0.000000 0.841389 0.540430
vn 0.000000 0.843339 0.537381
vn 0.000000 0.929587 0.368602
vn 0.000000 0.930915 0.365235
vn 0.000000 0.983108 0.183024
vn 0.000000 0.983765 0.179464
vn -0.000000 0.999956 -0.009382
vn -0.000000 0.999915 -0.013001
vn -0.000000 0.979501 -0.201438
vn -0.000000 0.978766 -0.204982
vn -0.000000 0.922507 -0.385979
vn -0.000000 0.921104 -0.389316
vn -0.000000 0.831100 -0.556122
vn -0.000000 0.829082 -0.559127
vn -0.000000 0.708690 -0.705520
vn -0.000000 0.706132 -0.708080
vn -0.000000 0.559843 -0.828599
vn -0.000000 0.556840 -0.830620
vn -0.000000 0.390112 -0.920768
vn -0.000000 0.386776 -0.922174
vn -0.000000 0.205828 -0.978588
vn -0.000000 0.202284 -0.979327
vn -0.000000 0.013865 -0.999904
vn -0.000000 0.010246 -0.999948
vn -0.000000 -0.178614 -0.983919
vn -0.000000 -0.182175 -0.983266
vn -0.000000 -0.364431 -0.931231
vn -0.000000 -0.367799 -0.929905
vn -0.000000 -0.536653 -0.843803
vn -0.000000 -0.539703 -0.841855
vn -0.000000 -0.688855 -0.724899
vn -0.000000 -0.691475 -0.722401
vn -0.000000 -0.815361 -0.578953
vn -0.000000 -0.817451 -0.575998
vn -0.000000 -0.911450 -0.411410
vn -0.000000 -0.912934 -0.408108
vn -0.000000 -0.973539 -0.228520
vn -0.000000 -0.974360 -0.224994
vn -0.000000 -0.999311 -0.037105
vn -0.000000 -0.999439 -0.033488
vn -0.000000 -0.987805 0.155694
vn -0.000000 -0.987235 0.159269
vn -0.000000 -0.939450 0.342685
vn -0.000000 -0.938204 0.346083
vn -0.000000 -0.856050 0.516893
vn -0.000000 -0.854174 0.519988
vn -0.000000 -0.740716 0.671818
vn -0.000000 -0.738279 0.674495
vn -0.000000 -0.597750 0.801682
vn -0.000000 -0.594845 0.803841
vn -0.000000 -0.432486 0.901641
vn -0.000000 -0.429220 0.903200
vn -0.000000 -0.251089 0.967964
vn -0.000000 -0.247583 0.968867
vn -0.000000 -0.060325 0.998179
vn -0.000000 -0.056711 0.998391
vn 0.000000 0.132690 0.991158
vn 0.000000 0.136277 0.990671
vn 0.000000 0.320754 0.947162
vn 0.000000 0.324181 0.945995
vn 0.000000 0.496854 0.867834
vn 0.000000 0.499992 0.866030
vn 0.000000 0.654418 0.756133
vn 0.000000 0.657151 0.753759
vn 0.000000 0.787571 0.616224
vn 0.000000 0.789796 0.613370
vn 0.000000 0.891343 0.453329
vn 0.000000 0.892979 0.450099
vn 0.000000 0.961866 0.273522
vn 0.000000 0.962850 0.270038
vn 0.000000 0.996507 0.083512
vn 0.000000 0.996803 0.079904
vn -0.000000 0.993974 -0.109614
vn -0.000000 0.993571 -0.113211
vn -0.000000 0.954363 -0.298650
vn -0.000000 0.953275 -0.302103
vn -0.000000 0.879150 -0.476546
vn -0.000000 0.877419 -0.479725
vn -0.000000 0.771141 -0.636665
vn -0.000000 0.768831 -0.639452
vn -0.000000 0.634366 -0.773033
vn -0.000000 0.631563 -0.775324
vn -0.000000 0.473926 -0.880565
vn -0.000000 0.470736 -0.882274
vn -0.000000 0.295807 -0.955248
vn -0.000000 0.292348 -0.956312
vn -0.000000 0.106654 -0.994296
vn -0.000000 0.103054 -0.994676
vn -0.000000 -0.086479 -0.996254
vn -0.000000 -0.090084 -0.995934
vn -0.000000 -0.276385 -0.961047
vn -0.000000 -0.279862 -0.960040
vn -0.000000 -0.455981 -0.889990
vn -0.000000 -0.459199 -0.888333
vn -0.000000 -0.618567 -0.785732
vn -0.000000 -0.621407 -0.783488
vn -0.000000 -0.758078 -0.652164
vn -0.000000 -0.760434 -0.649416
vn -0.000000 -0.869310 -0.494267
vn -0.000000 -0.871093 -0.491117
vn -0.000000 -0.948113 -0.317933
vn -0.000000 -0.949258 -0.314499
vn -0.000000 -0.991548 -0.129738
vn -0.000000 -0.992011 -0.126148
vn -0.000000 -0.997995 0.063297
vn -0.000000 -0.997759 0.066909
vn -0.000000 -0.967212 0.253970
vn -0.000000 -0.966286 0.257469
vn -0.000000 -0.900349 0.435169
vn -0.000000 -0.898768 0.438425
vn -0.000000 -0.799899 0.600135
vn -0.000000 -0.797721 0.603026
vn -0.000000 -0.669610 0.742713
vn -0.000000 -0.666917 0.745132
vn -0.000000 -0.514341 0.857585
vn -0.000000 -0.511234 0.859442
vn -0.000000 -0.339886 0.940467
vn -0.000000 -0.336480 0.941691
vn -0.000000 -0.152752 0.988265
vn -0.000000 -0.149174 0.988811
vn 0.000000 0.040080 0.999196
vn 0.000000 0.043697 0.999045
vn 0.000000 0.231418 0.972854
vn 0.000000 0.234938 0.972010
vn 0.000000 0.414122 0.910221
vn 0.000000 0.417414 0.908716
vn 0.000000 0.581378 0.813633
vn 0.000000 0.584320 0.811524
vn 0.000000 0.726947 0.686694
vn 0.000000 0.729428 0.684058
vn 0.000000 0.845398 0.534138
vn 0.000000 0.847325 0.531074
vn 0.000000 0.932312 0.361656
vn 0.000000 0.933614 0.358279
vn 0.000000 0.984447 0.175684
vn 0.000000 0.985076 0.172119
vn -0.000000 0.999858 -0.016843
vn -0.000000 0.999791 -0.020462
vn -0.000000 0.977971 -0.208740
vn -0.000000 0.977209 -0.212279
vn -0.000000 0.919602 -0.392852
vn -0.000000 0.918174 -0.396178
vn -0.000000 0.826928 -0.562308
vn -0.000000 0.824887 -0.565297
vn -0.000000 0.703406 -0.710788
vn -0.000000 0.700829 -0.713329
vn -0.000000 0.553645 -0.832753
vn -0.000000 0.550627 -0.834751
vn -0.000000 0.383231 -0.923653
vn -0.000000 0.379885 -0.925034
vn -0.000000 0.198520 -0.980097
vn -0.000000 0.194971 -0.980809
vn -0.000000 0.006404 -0.999979
vn -0.000000 0.002785 -0.999996
vn -0.000000 -0.185950 -0.982559
vn -0.000000 -0.189506 -0.981880
vn -0.000000 -0.371369 -0.928485
vn -0.000000 -0.374727 -0.927135
vn -0.000000 -0.542933 -0.839776
vn -0.000000 -0.545970 -0.837805
vn -0.000000 -0.694245 -0.719739
vn -0.000000 -0.696845 -0.717221
vn -0.000000 -0.819658 -0.572853
vn -0.000000 -0.821726 -0.569883
vn -0.000000 -0.914495 -0.404598
vn -0.000000 -0.915953 -0.401285
vn -0.000000 -0.975217 -0.221250
vn -0.000000 -0.976012 -0.217718
vn -0.000000 -0.999560 -0.029648
vn -0.000000 -0.999661 -0.026030
vn -0.000000 -0.986616 0.163060
vn -0.000000 -0.986019 0.166630
vn -0.000000 -0.936867 0.349685
vn -0.000000 -0.935595 0.353074
vn -0.000000 -0.852170 0.523266
vn -0.000000 -0.850270 0.526347
vn -0.000000 -0.735683 0.677326
vn -0.000000 -0.733226 0.679985
vn -0.000000 -0.591752 0.806120
vn -0.000000 -0.588830 0.808257
vn -0.000000 -0.425747 0.904842
vn -0.000000 -0.422469 0.906377
vn -0.000000 -0.243860 0.969811
vn -0.000000 -0.240348 0.970687
vn -0.000000 -0.052875 0.998601
vn -0.000000 -0.049260 0.998786
vn 0.000000 0.140081 0.990140
vn 0.000000 0.143664 0.989626
vn 0.000000 0.327812 0.944743
vn 0.000000 0.331230 0.943550
vn 0.000000 0.503315 0.864103
vn 0.000000 0.506439 0.862276
vn 0.000000 0.660042 0.751229
vn 0.000000 0.662757 0.748835
vn 0.000000 0.792146 0.610331
vn 0.000000 0.794350 0.607460
vn 0.000000 0.894701 0.446666
vn 0.000000 0.896312 0.443424
vn 0.000000 0.963880 0.266338
vn 0.000000 0.964838 0.262847
vn 0.000000 0.997102 0.076074
vn 0.000000 0.997371 0.072464
vn -0.000000 0.993129 -0.117027
vn -0.000000 0.992699 -0.120621
vn -0.000000 0.952108 -0.305763
vn -0.000000 0.950995 -0.309207
vn -0.000000 0.875570 -0.483092
vn -0.000000 0.873815 -0.486258
vn -0.000000 0.766369 -0.642400
vn -0.000000 0.764039 -0.645170
vn -0.000000 0.628580 -0.777745
vn -0.000000 0.625761 -0.780015
vn -0.000000 0.467343 -0.884076
vn -0.000000 0.464140 -0.885762
vn -0.000000 0.288672 -0.957428
vn -0.000000 0.285204 -0.958467
vn -0.000000 0.099232 -0.995064
vn -0.000000 0.095629 -0.995417
vn -0.000000 -0.093909 -0.995581
vn -0.000000 -0.097513 -0.995234
vn -0.000000 -0.283548 -0.958958
vn -0.000000 -0.287017 -0.957926
vn -0.000000 -0.462608 -0.886563
vn -0.000000 -0.465814 -0.884882
vn -0.000000 -0.624412 -0.781095
vn -0.000000 -0.627235 -0.778830
vn -0.000000 -0.762923 -0.646490
vn -0.000000 -0.765258 -0.643724
vn -0.000000 -0.872974 -0.487767
vn -0.000000 -0.874733 -0.484604
vn -0.000000 -0.950459 -0.310850
vn -0.000000 -0.951578 -0.307407
vn -0.000000 -0.992489 -0.122336
vn -0.000000 -0.992925 -0.118743
vn -0.000000 -0.997495 0.070741
vn -0.000000 -0.997232 0.074351
vn -0.000000 -0.965290 0.261179
vn -0.000000 -0.964339 0.264672
vn -0.000000 -0.897077 0.441875
vn -0.000000 -0.895471 0.445119
vn -0.000000 -0.795399 0.606086
vn -0.000000 -0.793200 0.608961
vn -0.000000 -0.664050 0.747689
vn -0.000000 -0.661339 0.750087
vn -0.000000 -0.507929 0.861399
vn -0.000000 -0.504807 0.863232
vn -0.000000 -0.332860 0.942976
vn -0.000000 -0.329444 0.944175
vn -0.000000 -0.145374 0.989377
vn -0.000000 -0.141792 0.989896
vn 0.000000 0.047534 0.998870
vn 0.000000 0.051150 0.998691
vn 0.000000 0.238670 0.971101
vn 0.000000 0.242183 0.970230
vn 0.000000 0.420902 0.907106
vn 0.000000 0.424183 0.905577
vn 0.000000 0.587433 0.809273
vn 0.000000 0.590358 0.807141
vn 0.000000 0.732050 0.681251
vn 0.000000 0.734511 0.678596
vn 0.000000 0.849359 0.527815
vn 0.000000 0.851264 0.524737
vn 0.000000 0.934984 0.354690
vn 0.000000 0.936262 0.351303
vn 0.000000 0.985730 0.168334
vn 0.000000 0.986333 0.164764
vn -0.000000 0.999705 -0.024302
vn -0.000000 0.999610 -0.027921
vn -0.000000 0.976386 -0.216032
vn -0.000000 0.975598 -0.219564
vn -0.000000 0.916645 -0.399702
vn -0.000000 0.915192 -0.403017
vn -0.000000 0.822709 -0.568462
vn -0.000000 0.820646 -0.571436
vn -0.000000 0.698084 -0.716016
vn -0.000000 0.695487 -0.718539
vn -0.000000 0.547416 -0.836860
vn -0.000000 0.544384 -0.838836
vn -0.000000 0.376329 -0.926486
vn -0.000000 0.372972 -0.927842
vn -0.000000 0.191202 -0.981551
vn -0.000000 0.187648 -0.982236
vn -0.000000 -0.001057 -0.999999
vn -0.000000 -0.004677 -0.999989
vn -0.000000 -0.193276 -0.981144
vn -0.000000 -0.196827 -0.980438
vn -0.000000 -0.378286 -0.925689
vn -0.000000 -0.381634 -0.924313
vn -0.000000 -0.549184 -0.835701
vn -0.000000 -0.552205 -0.833708
vn -0.000000 -0.699595 -0.714539
vn -0.000000 -0.702177 -0.712002
vn -0.000000 -0.823909 -0.566722
vn -0.000000 -0.825955 -0.563736
vn -0.000000 -0.917488 -0.397764
vn -0.000000 -0.918922 -0.394440
vn -0.000000 -0.976841 -0.213967
vn -0.000000 -0.977609 -0.210430
vn -0.000000 -0.999754 -0.022189
vn -0.000000 -0.999828 -0.018570
vn -0.000000 -0.985372 0.170417
vn -0.000000 -0.984749 0.173982
vn -0.000000 -0.934232 0.356665
vn -0.000000 -0.932935 0.360045
vn -0.000000 -0.848242 0.529609
vn -0.000000 -0.846319 0.532676
vn -0.000000 -0.730609 0.682796
vn -0.000000 -0.728132 0.685437
vn -0.000000 -0.585721 0.810513
vn -0.000000 -0.582783 0.812628
vn -0.000000 -0.418984 0.907994
vn -0.000000 -0.415694 0.909504
vn -0.000000 -0.236617 0.971603
vn -0.000000 -0.233098 0.972453
vn -0.000000 -0.045423 0.998968
vn -0.000000 -0.041807 0.999126
vn 0.000000 0.147465 0.989067
vn 0.000000 0.151044 0.988527
vn 0.000000 0.334852 0.942271
vn 0.000000 0.338261 0.941052
vn 0.000000 0.510371 0.859954
vn 0.000000 0.512859 0.858473
vn 0.000000 0.666708 0.745319
vn 0.000000 0.668325 0.743869
vn 0.000000 0.797989 0.602672
vn 0.000000 0.798861 0.601516
vn 0.000000 0.899279 0.437375
vn 0.000000 0.899595 0.436724
vn 0.000000 0.966772 0.255641
vn 0.707107 0.169222 0.686560
vn 0.707107 0.084296 0.702064
vn 0.707107 -0.000000 0.707107
vn 0.707107 -0.086035 0.701853
vn 0.707107 -0.169222 0.686560
vn 0.707107 -0.251374 0.660917
vn 0.707107 -0.328609 0.626112
vn 0.707107 -0.402126 0.581631
vn 0.707107 -0.468899 0.529277
vn 0.707107 -0.529545 0.468596
vn 0.707107 -0.581937 0.401682
vn 0.707107 -0.626237 0.328370
vn 0.707107 -0.661156 0.250744
vn 0.707107 -0.686592 0.169091
vn 0.707107 -0.701951 0.085232
vn 0.707107 -0.707107 -0.000000
vn 0.707107 -0.701951 -0.085232
vn 0.707107 -0.686592 -0.169091
vn 0.707107 -0.661156 -0.250744
vn 0.707107 -0.626237 -0.328370
vn 0.707107 -0.581937 -0.401682
vn 0.707107 -0.529545 -0.468596
vn 0.707107 -0.468899 -0.529277
vn 0.707107 -0.402126 -0.581631
vn 0.707107 -0.328609 -0.626112
vn 0.707107 -0.251374 -0.660917
vn 0.707107 -0.169222 -0.686560
vn 0.707107 -0.086035 -0.701853
vn 0.707107 -0.000000 -0.707107
vn 0.707107 0.084296 -0.702064
vn 0.707107 0.169222 -0.686560
vn 0.707107 0.249735 -0.661538
vn 0.707107 0.328609 -0.626112
vn 0.707107 0.400683 -0.582626
vn 0.707107 0.468899 -0.529277
vn 0.707107 0.528382 -0.469907
vn 0.707107 0.581937 -0.401682
vn 0.707107 0.625422 -0.329921
vn 0.707107 0.661156 -0.250744
vn 0.707107 0.677327 -0.203046
vn 0.707107 0.701951 -0.085232
vn 0.707107 0.703777 -0.068541
vn 0.707107 0.701951 0.085232
vn 0.707107 0.703777 0.068541
vn 0.707107 0.677327 0.203046
vn 0.707107 0.249735 0.661538
vn 0.707107 0.328609 0.626112
vn 0.707107 0.400683 0.582626
vn 0.707107 0.468899 0.529277
vn 0.707107 0.528382 0.469907
vn 0.707107 0.581937 0.401682
vn 0.707107 0.625422 0.329921
vn 0.707107 0.661156 0.250744
vn 1.000000 -0.000000 -0.000000
vn 1.000000 -0.000000 -0.000000
vn 1.000000 -0.000000 -0.000000
vn 1.000000 -0.000000 -0.000000
vn 1.000000 -0.000000 -0.000000
vn 1.000000 -0.000000 -0.000000
vn 1.000000 -0.000000 -0.000000
vn 1.000000 -0.000000 -0.000000
vn 1.000000 -0.000000 -0.000000
vn 1.000000 -0.000000 -0.000000
vn 1.000000 -0.000000 -0.000000
vn 1.000000 -0.000000 -0.000000
vn 1.000000 -0.000000 -0.000000
vn 1.000000 -0.000000 -0.000000
vn 1.000000 -0.000000 -0.000000
vn 1.000000 -0.000000 -0.000000
vn 1.000000 -0.000000 -0.000000
vn 1.000000 -0.000000 -0.000000
vn 1.000000 -0.000000 -0.000000
vn 1.000000 -0.000000 -0.000000
vn 1.000000 -0.000000 -0.000000
vn 1.000000 -0.000000 -0.000000
vn 1.000000 -0.000000 -0.000000
vn 1.000000 -0.000000 -0.000000
vn 1.000000 -0.000000 -0.000000
vn 1.000000 -0.000000 -0.000000
usemtl Coating_-_Black_Oxide
f 1/1/1 2/2/2 534/3/3
f 534/3/3 2/2/2 3/4/4
f 534/3/3 3/4/4 533/5/5
f 533/5/5 3/4/4 4/6/6
f 533/5/5 4/6/6 532/7/7
f 532/7/7 4/6/6 5/8/8
f 532/7/7 5/8/8 6/9/9
f 532/7/7 6/9/9 531/10/10
f 531/10/10 6/9/9 7/11/11
f 531/10/10 7/11/11 530/12/12
f 530/12/12 7/11/11 8/13/13
f 530/12/12 8/13/13 529/14/14
f 529/14/14 8/13/13 9/15/15
f 529/14/14 9/15/15 528/16/16
f 528/16/16 9/15/15 10/17/17
f 528/16/16 10/17/17 527/18/18
f 527/18/18 10/17/17 526/19/19
f 526/19/19 10/17/17 11/20/20
f 526/19/19 11/20/20 525/21/21
f 525/21/21 11/20/20 12/22/22
f 525/21/21 12/22/22 524/23/23
f 524/23/23 12/22/22 13/24/24
f 524/23/23 13/24/24 523/25/25
f 523/25/25 13/24/24 14/26/26
f 523/25/25 14/26/26 522/27/27
f 522/27/27 14/26/26 15/28/28
f 522/27/27 15/28/28 521/29/29
f 521/29/29 15/28/28 16/30/30
f 521/29/29 16/30/30 520/31/31
f 520/31/31 16/30/30 17/32/32
f 520/31/31 17/32/32 519/33/33
f 519/33/33 17/32/32 18/34/34
f 519/33/33 18/34/34 518/35/35
f 518/35/35 18/34/34 19/36/36
f 518/35/35 19/36/36 517/37/37
f 517/37/37 19/36/36 20/38/38
f 517/37/37 20/38/38 516/39/39
f 516/39/39 20/38/38 21/40/40
f 516/39/39 21/40/40 515/41/41
f 515/41/41 21/40/40 22/42/42
f 515/41/41 22/42/42 514/43/43
f 514/43/43 22/42/42 23/44/44
f 514/43/43 23/44/44 513/45/45
f 513/45/45 23/44/44 24/46/46
f 513/45/45 24/46/46 512/47/47
f 512/47/47 24/46/46 25/48/48
f 512/47/47 25/48/48 511/49/49
f 511/49/49 25/48/48 26/50/50
f 511/49/49 26/50/50 510/51/51
f 510/51/51 26/50/50 27/52/52
f 510/51/51 27/52/52 509/53/53
f 509/53/53 27/52/52 28/54/54
f 509/53/53 28/54/54 508/55/55
f 508/55/55 28/54/54 29/56/56
f 508/55/55 29/56/56 507/57/57
f 507/57/57 29/56/56 30/58/58
f 507/57/57 30/58/58 506/59/59
f 506/59/59 30/58/58 31/60/60
f 506/59/59 31/60/60 505/61/61
f 505/61/61 31/60/60 32/62/62
f 505/61/61 32/62/62 504/63/63
f 504/63/63 32/62/62 33/64/64
f 504/63/63 33/64/64 503/65/65
f 503/65/65 33/64/64 34/66/66
f 503/65/65 34/66/66 502/67/67
f 502/67/67 34/66/66 35/68/68
f 502/67/67 35/68/68 501/69/69
f 501/69/69 35/68/68 36/70/70
f 501/69/69 36/70/70 500/71/71
f 500/71/71 36/70/70 37/72/72
f 500/71/71 37/72/72 499/73/73
f 499/73/73 37/72/72 38/74/74
f 499/73/73 38/74/74 498/75/75
f 498/75/75 38/74/74 39/76/76
f 498/75/75 39/76/76 497/77/77
f 497/77/77 39/76/76 40/78/78
f 497/77/77 40/78/78 496/79/79
f 496/79/79 40/78/78 41/80/80
f 496/79/79 41/80/80 495/81/81
f 495/81/81 41/80/80 42/82/82
f 495/81/81 42/82/82 494/83/83
f 494/83/83 42/82/82 43/84/84
f 494/83/83 43/84/84 493/85/85
f 493/85/85 43/84/84 44/86/86
f 493/85/85 44/86/86 492/87/87
f 492/87/87 44/86/86 45/88/88
f 492/87/87 45/88/88 491/89/89
f 491/89/89 45/88/88 46/90/90
f 491/89/89 46/90/90 490/91/91
f 490/91/91 46/90/90 47/92/92
f 490/91/91 47/92/92 489/93/93
f 489/93/93 47/92/92 48/94/94
f 489/93/93 48/94/94 488/95/95
f 488/95/95 48/94/94 49/96/96
f 488/95/95 49/96/96 487/97/97
f 487/97/97 49/96/96 50/98/98
f 487/97/97 50/98/98 486/99/99
f 486/99/99 50/98/98 51/100/100
f 486/99/99 51/100/100 485/101/101
f 485/101/101 51/100/100 52/102/102
f 485/101/101 52/102/102 484/103/103
f 484/103/103 52/102/102 53/104/104
f 484/103/103 53/104/104 483/105/105
f 483/105/105 53/104/104 54/106/106
f 483/105/105 54/106/106 482/107/107
f 482/107/107 54/106/106 55/108/108
f 482/107/107 55/108/108 481/109/109
f 481/109/109 55/108/108 56/110/110
f 481/109/109 56/110/110 480/111/111
f 480/111/111 56/110/110 57/112/112
f 480/111/111 57/112/112 479/113/113
f 479/113/113 57/112/112 58/114/114
f 479/113/113 58/114/114 478/115/115
f 478/115/115 58/114/114 59/116/116
f 478/115/115 59/116/116 477/117/117
f 477/117/117 59/116/116 60/118/118
f 477/117/117 60/118/118 476/119/119
f 476/119/119 60/118/118 61/120/120
f 476/119/119 61/120/120 475/121/121
f 475/121/121 61/120/120 62/122/122
f 475/121/121 62/122/122 474/123/123
f 474/123/123 62/122/122 63/124/124
f 474/123/123 63/124/124 473/125/125
f 473/125/125 63/124/124 64/126/126
f 473/125/125 64/126/126 472/127/127
f 472/127/127 64/126/126 65/128/128
f 472/127/127 65/128/128 471/129/129
f 471/129/129 65/128/128 66/130/130
f 471/129/129 66/130/130 470/131/131
f 470/131/131 66/130/130 67/132/132
f 470/131/131 67/132/132 469/133/133
f 469/133/133 67/132/132 68/134/134
f 469/133/133 68/134/134 468/135/135
f 468/135/135 68/134/134 69/136/136
f 468/135/135 69/136/136 467/137/137
f 467/137/137 69/136/136 70/138/138
f 467/137/137 70/138/138 466/139/139
f 466/139/139 70/138/138 71/140/140
f 466/139/139 71/140/140 465/141/141
f 465/141/141 71/140/140 72/142/142
f 465/141/141 72/142/142 464/143/143
f 464/143/143 72/142/142 73/144/144
f 464/143/143 73/144/144 463/145/145
f 463/145/145 73/144/144 74/146/146
f 463/145/145 74/146/146 462/147/147
f 462/147/147 74/146/146 75/148/148
f 462/147/147 75/148/148 461/149/149
f 461/149/149 75/148/148 76/150/150
f 461/149/149 76/150/150 460/151/151
f 460/151/151 76/150/150 77/152/152
f 460/151/151 77/152/152 459/153/153
f 459/153/153 77/152/152 78/154/154
f 459/153/153 78/154/154 458/155/155
f 458/155/155 78/154/154 79/156/156
f 458/155/155 79/156/156 457/157/157
f 457/157/157 79/156/156 80/158/158
f 457/157/157 80/158/158 456/159/159
f 456/159/159 80/158/158 81/160/160
f 456/159/159 81/160/160 455/161/161
f 455/161/161 81/160/160 82/162/162
f 455/161/161 82/162/162 454/163/163
f 454/163/163 82/162/162 83/164/164
f 454/163/163 83/164/164 453/165/165
f 453/165/165 83/164/164 84/166/166
f 453/165/165 84/166/166 452/167/167
f 452/167/167 84/166/166 85/168/168
f 452/167/167 85/168/168 451/169/169
f 451/169/169 85/168/168 86/170/170
f 451/169/169 86/170/170 450/171/171
f 450/171/171 86/170/170 87/172/172
f 450/171/171 87/172/172 449/173/173
f 449/173/173 87/172/172 88/174/174
f 449/173/173 88/174/174 448/175/175
f 448/175/175 88/174/174 89/176/176
f 448/175/175 89/176/176 447/177/177
f 447/177/177 89/176/176 90/178/178
f 447/177/177 90/178/178 446/179/179
f 446/179/179 90/178/178 91/180/180
f 446/179/179 91/180/180 445/181/181
f 445/181/181 91/180/180 92/182/182
f 445/181/181 92/182/182 444/183/183
f 444/183/183 92/182/182 93/184/184
f 444/183/183 93/184/184 443/185/185
f 443/185/185 93/184/184 94/186/186
f 443/185/185 94/186/186 442/187/187
f 442/187/187 94/186/186 95/188/188
f 442/187/187 95/188/188 441/189/189
f 441/189/189 95/188/188 96/190/190
f 441/189/189 96/190/190 440/191/191
f 440/191/191 96/190/190 97/192/192
f 440/191/191 97/192/192 439/193/193
f 439/193/193 97/192/192 98/194/194
f 439/193/193 98/194/194 438/195/195
f 438/195/195 98/194/194 99/196/196
f 438/195/195 99/196/196 437/197/197
f 437/197/197 99/196/196 100/198/198
f 437/197/197 100/198/198 436/199/199
f 436/199/199 100/198/198 101/200/200
f 436/199/199 101/200/200 435/201/201
f 435/201/201 101/200/200 102/202/202
f 435/201/201 102/202/202 434/203/203
f 434/203/203 102/202/202 103/204/204
f 434/203/203 103/204/204 433/205/205
f 433/205/205 103/204/204 104/206/206
f 433/205/205 104/206/206 432/207/207
f 432/207/207 104/206/206 105/208/208
f 432/207/207 105/208/208 431/209/209
f 431/209/209 105/208/208 106/210/210
f 431/209/209 106/210/210 430/211/211
f 430/211/211 106/210/210 107/212/212
f 430/211/211 107/212/212 429/213/213
f 429/213/213 107/212/212 108/214/214
f 429/213/213 108/214/214 428/215/215
f 428/215/215 108/214/214 109/216/216
f 428/215/215 109/216/216 427/217/217
f 427/217/217 109/216/216 110/218/218
f 427/217/217 110/218/218 426/219/219
f 426/219/219 110/218/218 111/220/220
f 426/219/219 111/220/220 425/221/221
f 425/221/221 111/220/220 112/222/222
f 425/221/221 112/222/222 424/223/223
f 424/223/223 112/222/222 113/224/224
f 424/223/223 113/224/224 423/225/225
f 423/225/225 113/224/224 114/226/226
f 423/225/225 114/226/226 422/227/227
f 422/227/227 114/226/226 115/228/228
f 422/227/227 115/228/228 421/229/229
f 421/229/229 115/228/228 116/230/230
f 421/229/229 116/230/230 420/231/231
f 420/231/231 116/230/230 117/232/232
f 420/231/231 117/232/232 419/233/233
f 419/233/233 117/232/232 118/234/234
f 419/233/233 118/234/234 418/235/235
f 418/235/235 118/234/234 119/236/236
f 418/235/235 119/236/236 417/237/237
f 417/237/237 119/236/236 120/238/238
f 417/237/237 120/238/238 416/239/239
f 416/239/239 120/238/238 121/240/240
f 416/239/239 121/240/240 415/241/241
f 415/241/241 121/240/240 122/242/242
f 415/241/241 122/242/242 414/243/243
f 414/243/243 122/242/242 123/244/244
f 414/243/243 123/244/244 413/245/245
f 413/245/245 123/244/244 124/246/246
f 413/245/245 124/246/246 412/247/247
f 412/247/247 124/246/246 125/248/248
f 412/247/247 125/248/248 411/249/249
f 411/249/249 125/248/248 126/250/250
f 411/249/249 126/250/250 410/251/251
f 410/251/251 126/250/250 127/252/252
f 410/251/251 127/252/252 409/253/253
f 409/253/253 127/252/252 128/254/254
f 409/253/253 128/254/254 408/255/255
f 408/255/255 128/254/254 129/256/256
f 408/255/255 129/256/256 407/257/257
f 407/257/257 129/256/256 130/258/258
f 407/257/257 130/258/258 406/259/259
f 406/259/259 130/258/258 131/260/260
f 406/259/259 131/260/260 405/261/261
f 405/261/261 131/260/260 132/262/262
f 405/261/261 132/262/262 404/263/263
f 404/263/263 132/262/262 133/264/264
f 404/263/263 133/264/264 403/265/265
f 403/265/265 133/264/264 134/266/266
f 403/265/265 134/266/266 402/267/267
f 402/267/267 134/266/266 135/268/268
f 402/267/267 135/268/268 401/269/269
f 401/269/269 135/268/268 136/270/270
f 401/269/269 136/270/270 400/271/271
f 400/271/271 136/270/270 137/272/272
f 400/271/271 137/272/272 399/273/273
f 399/273/273 137/272/272 138/274/274
f 399/273/273 138/274/274 398/275/275
f 398/275/275 138/274/274 139/276/276
f 398/275/275 139/276/276 397/277/277
f 397/277/277 139/276/276 140/278/278
f 397/277/277 140/278/278 396/279/279
f 396/279/279 140/278/278 141/280/280
f 396/279/279 141/280/280 395/281/281
f 395/281/281 141/280/280 142/282/282
f 395/281/281 142/282/282 394/283/283
f 394/283/283 142/282/282 143/284/284
f 394/283/283 143/284/284 393/285/285
f 393/285/285 143/284/284 144/286/286
f 393/285/285 144/286/286 392/287/287
f 392/287/287 144/286/286 145/288/288
f 392/287/287 145/288/288 391/289/289
f 391/289/289 145/288/288 146/290/290
f 391/289/289 146/290/290 390/291/291
f 390/291/291 146/290/290 147/292/292
f 390/291/291 147/292/292 389/293/293
f 389/293/293 147/292/292 148/294/294
f 389/293/293 148/294/294 388/295/295
f 388/295/295 148/294/294 149/296/296
f 388/295/295 149/296/296 387/297/297
f 387/297/297 149/296/296 150/298/298
f 387/297/297 150/298/298 386/299/299
f 386/299/299 150/298/298 151/300/300
f 386/299/299 151/300/300 385/301/301
f 385/301/301 151/300/300 152/302/302
f 385/301/301 152/302/302 384/303/303
f 384/303/303 152/302/302 153/304/304
f 384/303/303 153/304/304 383/305/305
f 383/305/305 153/304/304 154/306/306
f 383/305/305 154/306/306 382/307/307
f 382/307/307 154/306/306 155/308/308
f 382/307/307 155/308/308 381/309/309
f 381/309/309 155/308/308 156/310/310
f 381/309/309 156/310/310 380/311/311
f 380/311/311 156/310/310 157/312/312
f 380/311/311 157/312/312 379/313/313
f 379/313/313 157/312/312 158/314/314
f 379/313/313 158/314/314 378/315/315
f 378/315/315 158/314/314 159/316/316
f 378/315/315 159/316/316 377/317/317
f 377/317/317 159/316/316 160/318/318
f 377/317/317 160/318/318 376/319/319
f 376/319/319 160/318/318 161/320/320
f 376/319/319 161/320/320 375/321/321
f 375/321/321 161/320/320 162/322/322
f 375/321/321 162/322/322 374/323/323
f 374/323/323 162/322/322 163/324/324
f 374/323/323 163/324/324 373/325/325
f 373/325/325 163/324/324 164/326/326
f 373/325/325 164/326/326 372/327/327
f 372/327/327 164/326/326 165/328/328
f 372/327/327 165/328/328 371/329/329
f 371/329/329 165/328/328 166/330/330
f 371/329/329 166/330/330 370/331/331
f 370/331/331 166/330/330 167/332/332
f 370/331/331 167/332/332 369/333/333
f 369/333/333 167/332/332 168/334/334
f 369/333/333 168/334/334 368/335/335
f 368/335/335 168/334/334 169/336/336
f 368/335/335 169/336/336 367/337/337
f 367/337/337 169/336/336 170/338/338
f 367/337/337 170/338/338 366/339/339
f 366/339/339 170/338/338 171/340/340
f 366/339/339 171/340/340 365/341/341
f 365/341/341 171/340/340 172/342/342
f 365/341/341 172/342/342 364/343/343
f 364/343/343 172/342/342 173/344/344
f 364/343/343 173/344/344 363/345/345
f 363/345/345 173/344/344 174/346/346
f 363/345/345 174/346/346 362/347/347
f 362/347/347 174/346/346 175/348/348
f 362/347/347 175/348/348 361/349/349
f 361/349/349 175/348/348 176/350/350
f 361/349/349 176/350/350 360/351/351
f 360/351/351 176/350/350 177/352/352
f 360/351/351 177/352/352 359/353/353
f 359/353/353 177/352/352 178/354/354
f 359/353/353 178/354/354 358/355/355
f 358/355/355 178/354/354 179/356/356
f 358/355/355 179/356/356 357/357/357
f 357/357/357 179/356/356 180/358/358
f 357/357/357 180/358/358 356/359/359
f 356/359/359 180/358/358 181/360/360
f 356/359/359 181/360/360 355/361/361
f 355/361/361 181/360/360 182/362/362
f 355/361/361 182/362/362 354/363/363
f 354/363/363 182/362/362 183/364/364
f 354/363/363 183/364/364 353/365/365
f 353/365/365 183/364/364 184/366/366
f 353/365/365 184/366/366 352/367/367
f 352/367/367 184/366/366 185/368/368
f 352/367/367 185/368/368 351/369/369
f 351/369/369 185/368/368 186/370/370
f 351/369/369 186/370/370 350/371/371
f 350/371/371 186/370/370 187/372/372
f 350/371/371 187/372/372 349/373/373
f 349/373/373 187/372/372 188/374/374
f 349/373/373 188/374/374 348/375/375
f 348/375/375 188/374/374 189/376/376
f 348/375/375 189/376/376 347/377/377
f 347/377/377 189/376/376 190/378/378
f 347/377/377 190/378/378 346/379/379
f 346/379/379 190/378/378 191/380/380
f 346/379/379 191/380/380 345/381/381
f 345/381/381 191/380/380 192/382/382
f 345/381/381 192/382/382 344/383/383
f 344/383/383 192/382/382 193/384/384
f 344/383/383 193/384/384 343/385/385
f 343/385/385 193/384/384 194/386/386
f 343/385/385 194/386/386 342/387/387
f 342/387/387 194/386/386 195/388/388
f 342/387/387 195/388/388 341/389/389
f 341/389/389 195/388/388 196/390/390
f 341/389/389 196/390/390 340/391/391
f 340/391/391 196/390/390 197/392/392
f 340/391/391 197/392/392 339/393/393
f 339/393/393 197/392/392 198/394/394
f 339/393/393 198/394/394 338/395/395
f 338/395/395 198/394/394 199/396/396
f 338/395/395 199/396/396 337/397/397
f 337/397/397 199/396/396 200/398/398
f 337/397/397 200/398/398 336/399/399
f 336/399/399 200/398/398 201/400/400
f 336/399/399 201/400/400 335/401/401
f 335/401/401 201/400/400 202/402/402
f 335/401/401 202/402/402 334/403/403
f 334/403/403 202/402/402 203/404/404
f 334/403/403 203/404/404 333/405/405
f 333/405/405 203/404/404 204/406/406
f 333/405/405 204/406/406 332/407/407
f 332/407/407 204/406/406 205/408/408
f 332/407/407 205/408/408 331/409/409
f 331/409/409 205/408/408 206/410/410
f 331/409/409 206/410/410 330/411/411
f 330/411/411 206/410/410 207/412/412
f 330/411/411 207/412/412 329/413/413
f 329/413/413 207/412/412 208/414/414
f 329/413/413 208/414/414 328/415/415
f 328/415/415 208/414/414 209/416/416
f 328/415/415 209/416/416 327/417/417
f 327/417/417 209/416/416 210/418/418
f 327/417/417 210/418/418 326/419/419
f 326/419/419 210/418/418 211/420/420
f 326/419/419 211/420/420 325/421/421
f 325/421/421 211/420/420 212/422/422
f 325/421/421 212/422/422 324/423/423
f 324/423/423 212/422/422 213/424/424
f 324/423/423 213/424/424 323/425/425
f 323/425/425 213/424/424 214/426/426
f 323/425/425 214/426/426 322/427/427
f 322/427/427 214/426/426 215/428/428
f 322/427/427 215/428/428 321/429/429
f 321/429/429 215/428/428 216/430/430
f 321/429/429 216/430/430 320/431/431
f 320/431/431 216/430/430 217/432/432
f 320/431/431 217/432/432 319/433/433
f 319/433/433 217/432/432 218/434/434
f 319/433/433 218/434/434 318/435/435
f 318/435/435 218/434/434 219/436/436
f 318/435/435 219/436/436 317/437/437
f 317/437/437 219/436/436 220/438/438
f 317/437/437 220/438/438 316/439/439
f 316/439/439 220/438/438 221/440/440
f 316/439/439 221/440/440 315/441/441
f 315/441/441 221/440/440 222/442/442
f 315/441/441 222/442/442 314/443/443
f 314/443/443 222/442/442 223/444/444
f 314/443/443 223/444/444 313/445/445
f 313/445/445 223/444/444 224/446/446
f 313/445/445 224/446/446 312/447/447
f 312/447/447 224/446/446 225/448/448
f 312/447/447 225/448/448 311/449/449
f 311/449/449 225/448/448 226/450/450
f 311/449/449 226/450/450 310/451/451
f 310/451/451 226/450/450 227/452/452
f 310/451/451 227/452/452 309/453/453
f 309/453/453 227/452/452 228/454/454
f 309/453/453 228/454/454 308/455/455
f 308/455/455 228/454/454 229/456/456
f 308/455/455 229/456/456 307/457/457
f 307/457/457 229/456/456 230/458/458
f 307/457/457 230/458/458 306/459/459
f 306/459/459 230/458/458 231/460/460
f 306/459/459 231/460/460 305/461/461
f 305/461/461 231/460/460 232/462/462
f 305/461/461 232/462/462 304/463/463
f 304/463/463 232/462/462 233/464/464
f 304/463/463 233/464/464 303/465/465
f 303/465/465 233/464/464 234/466/466
f 303/465/465 234/466/466 302/467/467
f 302/467/467 234/466/466 235/468/468
f 302/467/467 235/468/468 301/469/469
f 301/469/469 235/468/468 236/470/470
f 301/469/469 236/470/470 300/471/471
f 300/471/471 236/470/470 237/472/472
f 300/471/471 237/472/472 299/473/473
f 299/473/473 237/472/472 238/474/474
f 299/473/473 238/474/474 298/475/475
f 298/475/475 238/474/474 239/476/476
f 298/475/475 239/476/476 297/477/477
f 297/477/477 239/476/476 240/478/478
f 297/477/477 240/478/478 296/479/479
f 296/479/479 240/478/478 241/480/480
f 296/479/479 241/480/480 295/481/481
f 295/481/481 241/480/480 242/482/482
f 295/481/481 242/482/482 294/483/483
f 294/483/483 242/482/482 243/484/484
f 294/483/483 243/484/484 293/485/485
f 293/485/485 243/484/484 244/486/486
f 293/485/485 244/486/486 292/487/487
f 292/487/487 244/486/486 245/488/488
f 292/487/487 245/488/488 291/489/489
f 291/489/489 245/488/488 246/490/490
f 291/489/489 246/490/490 290/491/491
f 290/491/491 246/490/490 247/492/492
f 290/491/491 247/492/492 289/493/493
f 289/493/493 247/492/492 248/494/494
f 289/493/493 248/494/494 288/495/495
f 288/495/495 248/494/494 249/496/496
f 288/495/495 249/496/496 287/497/497
f 287/497/497 249/496/496 250/498/498
f 287/497/497 250/498/498 286/499/499
f 286/499/499 250/498/498 251/500/500
f 286/499/499 251/500/500 285/501/501
f 285/501/501 251/500/500 252/502/502
f 285/501/501 252/502/502 284/503/503
f 284/503/503 252/502/502 253/504/504
f 284/503/503 253/504/504 283/505/505
f 283/505/505 253/504/504 254/506/506
f 283/505/505 254/506/506 282/507/507
f 282/507/507 254/506/506 255/508/508
f 282/507/507 255/508/508 281/509/509
f 281/509/509 255/508/508 256/510/510
f 281/509/509 256/510/510 280/511/511
f 280/511/511 256/510/510 257/512/512
f 280/511/511 257/512/512 279/513/513
f 279/513/513 257/512/512 258/514/514
f 279/513/513 258/514/514 278/515/515
f 278/515/515 258/514/514 259/516/516
f 278/515/515 259/516/516 277/517/517
f 277/517/517 259/516/516 276/518/518
f 276/518/518 259/516/516 260/519/519
f 276/518/518 260/519/519 275/520/520
f 275/520/520 260/519/519 261/521/521
f 275/520/520 261/521/521 274/522/522
f 274/522/522 261/521/521 262/523/523
f 274/522/522 262/523/523 273/524/524
f 273/524/524 262/523/523 263/525/525
f 273/524/524 263/525/525 272/526/526
f 272/526/526 263/525/525 264/527/527
f 272/526/526 264/527/527 271/528/528
f 271/528/528 264/527/527 265/529/529
f 271/528/528 265/529/529 270/530/530
f 270/530/530 265/529/529 266/531/531
f 270/530/530 266/531/531 269/532/532
f 269/532/532 266/531/531 267/533/533
f 269/532/532 267/533/533 268/534/534
f 268/535/535 535/536/536 269/537/537
f 269/537/537 535/536/536 270/538/538
f 270/538/538 535/536/536 536/539/539
f 270/538/538 536/539/539 271/540/540
f 271/540/540 536/539/539 537/541/541
f 271/540/540 537/541/541 272/542/542
f 272/542/542 537/541/541 538/543/543
f 272/542/542 538/543/543 273/544/544
f 273/544/544 538/543/543 539/545/545
f 273/544/544 539/545/545 274/546/546
f 274/546/546 539/545/545 540/547/547
f 274/546/546 540/547/547 275/548/548
f 275/548/548 540/547/547 276/549/549
f 276/549/549 540/547/547 541/550/550
f 276/549/549 541/550/550 277/551/551
f 277/551/551 541/550/550 278/552/552
f 278/552/552 541/550/550 542/553/553
f 278/552/552 542/553/553 279/554/554
f 279/554/554 542/553/553 543/555/555
f 279/554/554 543/555/555 572/556/556
f 572/556/556 543/555/555 544/557/557
f 572/556/556 544/557/557 571/558/558
f 571/558/558 544/557/557 545/559/559
f 571/558/558 545/559/559 570/560/560
f 570/560/560 545/559/559 569/561/561
f 569/561/561 545/559/559 546/562/562
f 569/561/561 546/562/562 568/563/563
f 568/563/563 546/562/562 547/564/564
f 568/563/563 547/564/564 567/565/565
f 567/565/565 547/564/564 548/566/566
f 567/565/565 548/566/566 566/567/567
f 566/567/567 548/566/566 549/568/568
f 566/567/567 549/568/568 565/569/569
f 565/569/569 549/568/568 564/570/570
f 564/570/570 549/568/568 550/571/571
f 564/570/570 550/571/571 563/572/572
f 563/572/572 550/571/571 562/573/573
f 562/573/573 550/571/571 551/574/574
f 562/573/573 551/574/574 561/575/575
f 561/575/575 551/574/574 552/576/576
f 561/575/575 552/576/576 560/577/577
f 560/577/577 552/576/576 553/578/578
f 560/577/577 553/578/578 559/579/579
f 559/579/579 553/578/578 554/580/580
f 559/579/579 554/580/580 558/581/581
f 558/581/581 554/580/580 555/582/582
f 558/581/581 555/582/582 557/583/583
f 557/583/583 555/582/582 556/584/584
f 573/585/585 574/586/586 833/587/587
f 833/587/587 574/586/586 832/588/588
f 832/588/588 574/586/586 575/589/589
f 832/588/588 575/589/589 831/590/590
f 831/590/590 575/589/589 576/591/591
f 831/590/590 576/591/591 830/592/592
f 830/592/592 576/591/591 577/593/593
f 830/592/592 577/593/593 829/594/594
f 829/594/594 577/593/593 578/595/595
f 829/594/594 578/595/595 828/596/596
f 828/596/596 578/595/595 1/597/597
f 828/596/596 1/597/597 827/598/598
f 827/599/598 1/600/597 534/601/599
f 827/599/598 534/601/599 826/602/600
f 826/602/600 534/601/599 533/603/601
f 826/602/600 533/603/601 825/604/602
f 825/604/602 533/603/601 532/605/603
f 825/604/602 532/605/603 824/606/604
f 824/606/604 532/605/603 531/607/605
f 824/606/604 531/607/605 823/608/606
f 823/608/606 531/607/605 530/609/607
f 823/608/606 530/609/607 822/610/608
f 822/610/608 530/609/607 529/611/609
f 822/610/608 529/611/609 821/612/610
f 821/612/610 529/611/609 528/613/611
f 821/612/610 528/613/611 820/614/612
f 820/614/612 528/613/611 527/615/613
f 820/614/612 527/615/613 819/616/614
f 819/616/614 527/615/613 526/617/615
f 819/616/614 526/617/615 818/618/616
f 818/618/616 526/617/615 525/619/617
f 818/618/616 525/619/617 817/620/618
f 817/620/618 525/619/617 524/621/619
f 817/620/618 524/621/619 816/622/620
f 816/622/620 524/621/619 523/623/621
f 816/622/620 523/623/621 815/624/622
f 815/624/622 523/623/621 522/625/623
f 815/624/622 522/625/623 814/626/624
f 814/626/624 522/625/623 521/627/625
f 814/626/624 521/627/625 813/628/626
f 813/628/626 521/627/625 520/629/627
f 813/628/626 520/629/627 812/630/628
f 812/630/628 520/629/627 519/631/629
f 812/630/628 519/631/629 811/632/630
f 811/632/630 519/631/629 518/633/631
f 811/632/630 518/633/631 810/634/632
f 810/634/632 518/633/631 517/635/633
f 810/634/632 517/635/633 809/636/634
f 809/636/634 517/635/633 516/637/635
f 809/636/634 516/637/635 808/638/636
f 808/638/636 516/637/635 515/639/637
f 808/638/636 515/639/637 807/640/638
f 807/640/638 515/639/637 514/641/639
f 807/640/638 514/641/639 806/642/640
f 806/642/640 514/641/639 513/643/641
f 806/642/640 513/643/641 805/644/642
f 805/644/642 513/643/641 512/645/643
f 805/644/642 512/645/643 804/646/644
f 804/646/644 512/645/643 511/647/645
f 804/646/644 511/647/645 803/648/646
f 803/648/646 511/647/645 510/649/647
f 803/648/646 510/649/647 802/650/648
f 802/650/648 510/649/647 509/651/649
f 802/650/648 509/651/649 801/652/650
f 801/652/650 509/651/649 508/653/651
f 801/652/650 508/653/651 800/654/652
f 800/654/652 508/653/651 507/655/653
f 800/654/652 507/655/653 799/656/654
f 799/656/654 507/655/653 506/657/655
f 799/656/654 506/657/655 798/658/656
f 798/658/656 506/657/655 505/659/657
f 798/658/656 505/659/657 797/660/658
f 797/660/658 505/659/657 504/661/659
f 797/660/658 504/661/659 796/662/660
f 796/662/660 504/661/659 503/663/661
f 796/662/660 503/663/661 795/664/662
f 795/664/662 503/663/661 502/665/663
f 795/664/662 502/665/663 794/666/664
f 794/667/664 502/668/663 501/669/665
f 794/667/664 501/669/665 793/670/666
f 793/670/666 501/669/665 500/671/667
f 793/670/666 500/671/667 792/672/668
f 792/672/668 500/671/667 499/673/669
f 792/672/668 499/673/669 791/674/670
f 791/674/670 499/673/669 498/675/671
f 791/674/670 498/675/671 790/676/672
f 790/676/672 498/675/671 497/677/673
f 790/676/672 497/677/673 789/678/674
f 789/678/674 497/677/673 496/679/675
f 789/678/674 496/679/675 788/680/676
f 788/680/676 496/679/675 495/681/677
f 788/680/676 495/681/677 787/682/678
f 787/682/678 495/681/677 494/683/679
f 787/682/678 494/683/679 786/684/680
f 786/684/680 494/683/679 493/685/681
f 786/684/680 493/685/681 785/686/682
f 785/686/682 493/685/681 492/687/683
f 785/686/682 492/687/683 784/688/684
f 784/688/684 492/687/683 491/689/685
f 784/688/684 491/689/685 783/690/686
f 783/690/686 491/689/685 490/691/687
f 783/690/686 490/691/687 782/692/688
f 782/692/688 490/691/687 489/693/689
f 782/692/688 489/693/689 781/694/690
f 781/694/690 489/693/689 488/695/691
f 781/694/690 488/695/691 780/696/692
f 780/696/692 488/695/691 487/697/693
f 780/696/692 487/697/693 779/698/694
f 779/698/694 487/697/693 486/699/695
f 779/698/694 486/699/695 778/700/696
f 778/700/696 486/699/695 485/701/697
f 778/700/696 485/701/697 777/702/698
f 777/702/698 485/701/697 484/703/699
f 777/702/698 484/703/699 776/704/700
f 776/704/700 484/703/699 483/705/701
f 776/704/700 483/705/701 775/706/702
f 775/706/702 483/705/701 482/707/703
f 775/706/702 482/707/703 774/708/704
f 774/708/704 482/707/703 481/709/705
f 774/708/704 481/709/705 773/710/706
f 773/710/706 481/709/705 480/711/707
f 773/710/706 480/711/707 772/712/708
f 772/712/708 480/711/707 479/713/709
f 772/712/708 479/713/709 771/714/710
f 771/714/710 479/713/709 478/715/711
f 771/714/710 478/715/711 770/716/712
f 770/716/712 478/715/711 477/717/713
f 770/716/712 477/717/713 769/718/714
f 769/718/714 477/717/713 476/719/715
f 769/718/714 476/719/715 768/720/716
f 768/720/716 476/719/715 475/721/717
f 768/720/716 475/721/717 767/722/718
f 767/722/718 475/721/717 474/723/719
f 767/722/718 474/723/719 766/724/720
f 766/724/720 474/723/719 473/725/721
f 766/724/720 473/725/721 765/726/722
f 765/726/722 473/725/721 472/727/723
f 765/726/722 472/727/723 764/728/724
f 764/728/724 472/727/723 471/729/725
f 764/728/724 471/729/725 763/730/726
f 763/730/726 471/729/725 470/731/727
f 763/730/726 470/731/727 762/732/728
f 762/733/728 470/734/727 469/735/729
f 762/733/728 469/735/729 761/736/730
f 761/736/730 469/735/729 468/737/731
f 761/736/730 468/737/731 760/738/732
f 760/738/732 468/737/731 467/739/733
f 760/738/732 467/739/733 759/740/734
f 759/740/734 467/739/733 466/741/735
f 759/740/734 466/741/735 758/742/736
f 758/742/736 466/741/735 465/743/737
f 758/742/736 465/743/737 757/744/738
f 757/744/738 465/743/737 464/745/739
f 757/744/738 464/745/739 756/746/740
f 756/746/740 464/745/739 463/747/741
f 756/746/740 463/747/741 755/748/742
f 755/748/742 463/747/741 462/749/743
f 755/748/742 462/749/743 754/750/744
f 754/750/744 462/749/743 461/751/745
f 754/750/744 461/751/745 753/752/746
f 753/752/746 461/751/745 460/753/747
f 753/752/746 460/753/747 752/754/748
f 752/754/748 460/753/747 459/755/749
f 752/754/748 459/755/749 751/756/750
f 751/756/750 459/755/749 458/757/751
f 751/756/750 458/757/751 750/758/752
f 750/758/752 458/757/751 457/759/753
f 750/758/752 457/759/753 749/760/754
f 749/760/754 457/759/753 456/761/755
f 749/760/754 456/761/755 748/762/756
f 748/762/756 456/761/755 455/763/757
f 748/762/756 455/763/757 747/764/758
f 747/764/758 455/763/757 454/765/759
f 747/764/758 454/765/759 746/766/760
f 746/766/760 454/765/759 453/767/761
f 746/766/760 453/767/761 745/768/762
f 745/768/762 453/767/761 452/769/763
f 745/768/762 452/769/763 744/770/764
f 744/770/764 452/769/763 451/771/765
f 744/770/764 451/771/765 743/772/766
f 743/772/766 451/771/765 450/773/767
f 743/772/766 450/773/767 742/774/768
f 742/774/768 450/773/767 449/775/769
f 742/774/768 449/775/769 741/776/770
f 741/776/770 449/775/769 448/777/771
f 741/776/770 448/777/771 740/778/772
f 740/778/772 448/777/771 447/779/773
f 740/778/772 447/779/773 739/780/774
f 739/780/774 447/779/773 446/781/775
f 739/780/774 446/781/775 738/782/776
f 738/782/776 446/781/775 445/783/777
f 738/782/776 445/783/777 737/784/778
f 737/784/778 445/783/777 444/785/779
f 737/784/778 444/785/779 736/786/780
f 736/786/780 444/785/779 443/787/781
f 736/786/780 443/787/781 735/788/782
f 735/788/782 443/787/781 442/789/783
f 735/788/782 442/789/783 734/790/784
f 734/790/784 442/789/783 441/791/785
f 734/790/784 441/791/785 733/792/786
f 733/792/786 441/791/785 440/793/787
f 733/792/786 440/793/787 732/794/788
f 732/794/788 440/793/787 439/795/789
f 732/794/788 439/795/789 731/796/790
f 731/796/790 439/795/789 438/797/791
f 731/796/790 438/797/791 730/798/792
f 730/798/792 438/797/791 437/799/793
f 730/798/792 437/799/793 729/800/794
f 729/801/794 437/802/793 436/803/795
f 729/801/794 436/803/795 728/804/796
f 728/804/796 436/803/795 435/805/797
f 728/804/796 435/805/797 727/806/798
f 727/806/798 435/805/797 434/807/799
f 727/806/798 434/807/799 726/808/800
f 726/808/800 434/807/799 433/809/801
f 726/808/800 433/809/801 725/810/802
f 725/810/802 433/809/801 432/811/803
f 725/810/802 432/811/803 724/812/804
f 724/812/804 432/811/803 431/813/805
f 724/812/804 431/813/805 723/814/806
f 723/814/806 431/813/805 430/815/807
f 723/814/806 430/815/807 722/816/808
f 722/816/808 430/815/807 429/817/809
f 722/816/808 429/817/809 721/818/810
f 721/818/810 429/817/809 428/819/811
f 721/818/810 428/819/811 720/820/812
f 720/820/812 428/819/811 427/821/813
f 720/820/812 427/821/813 719/822/814
f 719/822/814 427/821/813 426/823/815
f 719/822/814 426/823/815 718/824/816
f 718/824/816 426/823/815 425/825/817
f 718/824/816 425/825/817 717/826/818
f 717/826/818 425/825/817 424/827/819
f 717/826/818 424/827/819 716/828/820
f 716/828/820 424/827/819 423/829/821
f 716/828/820 423/829/821 715/830/822
f 715/830/822 423/829/821 422/831/823
f 715/830/822 422/831/823 714/832/824
f 714/832/824 422/831/823 421/833/825
f 714/832/824 421/833/825 713/834/826
f 713/834/826 421/833/825 420/835/827
f 713/834/826 420/835/827 712/836/828
f 712/836/828 420/835/827 419/837/829
f 712/836/828 419/837/829 711/838/830
f 711/838/830 419/837/829 418/839/831
f 711/838/830 418/839/831 710/840/832
f 710/840/832 418/839/831 417/841/833
f 710/840/832 417/841/833 709/842/834
f 709/842/834 417/841/833 416/843/835
f 709/842/834 416/843/835 708/844/836
f 708/844/836 416/843/835 415/845/837
f 708/844/836 415/845/837 707/846/838
f 707/846/838 415/845/837 414/847/839
f 707/846/838 414/847/839 706/848/840
f 706/848/840 414/847/839 413/849/841
f 706/848/840 413/849/841 705/850/842
f 705/850/842 413/849/841 412/851/843
f 705/850/842 412/851/843 704/852/844
f 704/852/844 412/851/843 411/853/845
f 704/852/844 411/853/845 703/854/846
f 703/854/846 411/853/845 410/855/847
f 703/854/846 410/855/847 702/856/848
f 702/856/848 410/855/847 409/857/849
f 702/856/848 409/857/849 701/858/850
f 701/858/850 409/857/849 408/859/851
f 701/858/850 408/859/851 700/860/852
f 700/860/852 408/859/851 407/861/853
f 700/860/852 407/861/853 699/862/854
f 699/862/854 407/861/853 406/863/855
f 699/862/854 406/863/855 698/864/856
f 698/864/856 406/863/855 405/865/857
f 698/864/856 405/865/857 697/866/858
f 697/867/858 405/868/857 404/869/859
f 697/867/858 404/869/859 696/870/860
f 696/870/860 404/869/859 403/871/861
f 696/870/860 403/871/861 695/872/862
f 695/872/862 403/871/861 402/873/863
f 695/872/862 402/873/863 694/874/864
f 694/874/864 402/873/863 401/875/865
f 694/874/864 401/875/865 693/876/866
f 693/876/866 401/875/865 400/877/867
f 693/876/866 400/877/867 692/878/868
f 692/878/868 400/877/867 399/879/869
f 692/878/868 399/879/869 691/880/870
f 691/880/870 399/879/869 398/881/871
f 691/880/870 398/881/871 690/882/872
f 690/882/872 398/881/871 397/883/873
f 690/882/872 397/883/873 689/884/874
f 689/884/874 397/883/873 396/885/875
f 689/884/874 396/885/875 688/886/876
f 688/886/876 396/885/875 395/887/877
f 688/886/876 395/887/877 687/888/878
f 687/888/878 395/887/877 394/889/879
f 687/888/878 394/889/879 686/890/880
f 686/890/880 394/889/879 393/891/881
f 686/890/880 393/891/881 685/892/882
f 685/892/882 393/891/881 392/893/883
f 685/892/882 392/893/883 684/894/884
f 684/894/884 392/893/883 391/895/885
f 684/894/884 391/895/885 683/896/886
f 683/896/886 391/895/885 390/897/887
f 683/896/886 390/897/887 682/898/888
f 682/898/888 390/897/887 389/899/889
f 682/898/888 389/899/889 681/900/890
f 681/900/890 389/899/889 388/901/891
f 681/900/890 388/901/891 680/902/892
f 680/902/892 388/901/891 387/903/893
f 680/902/892 387/903/893 679/904/894
f 679/904/894 387/903/893 386/905/895
f 679/904/894 386/905/895 678/906/896
f 678/906/896 386/905/895 385/907/897
f 678/906/896 385/907/897 677/908/898
f 677/908/898 385/907/897 384/909/899
f 677/908/898 384/909/899 676/910/900
f 676/910/900 384/909/899 383/911/901
f 676/910/900 383/911/901 675/912/902
f 675/912/902 383/911/901 382/913/903
f 675/912/902 382/913/903 674/914/904
f 674/914/904 382/913/903 381/915/905
f 674/914/904 381/915/905 673/916/906
f 673/916/906 381/915/905 380/917/907
f 673/916/906 380/917/907 672/918/908
f 672/918/908 380/917/907 379/919/909
f 672/918/908 379/919/909 671/920/910
f 671/920/910 379/919/909 378/921/911
f 671/920/910 378/921/911 670/922/912
f 670/922/912 378/921/911 377/923/913
f 670/922/912 377/923/913 669/924/914
f 669/924/914 377/923/913 376/925/915
f 669/924/914 376/925/915 668/926/916
f 668/926/916 376/925/915 375/927/917
f 668/926/916 375/927/917 667/928/918
f 667/928/918 375/927/917 374/929/919
f 667/928/918 374/929/919 666/930/920
f 666/930/920 374/929/919 373/931/921
f 666/930/920 373/931/921 665/932/922
f 665/932/922 373/931/921 372/933/923
f 665/932/922 372/933/923 664/934/924
f 664/935/924 372/936/923 371/937/925
f 664/935/924 371/937/925 663/938/926
f 663/938/926 371/937/925 370/939/927
f 663/938/926 370/939/927 662/940/928
f 662/940/928 370/939/927 369/941/929
f 662/940/928 369/941/929 661/942/930
f 661/942/930 369/941/929 368/943/931
f 661/942/930 368/943/931 660/944/932
f 660/944/932 368/943/931 367/945/933
f 660/944/932 367/945/933 659/946/934
f 659/946/934 367/945/933 366/947/935
f 659/946/934 366/947/935 658/948/936
f 658/948/936 366/947/935 365/949/937
f 658/948/936 365/949/937 657/950/938
f 657/950/938 365/949/937 364/951/939
f 657/950/938 364/951/939 656/952/940
f 656/952/940 364/951/939 363/953/941
f 656/952/940 363/953/941 655/954/942
f 655/954/942 363/953/941 362/955/943
f 655/954/942 362/955/943 654/956/944
f 654/956/944 362/955/943 361/957/945
f 654/956/944 361/957/945 653/958/946
f 653/958/946 361/957/945 360/959/947
f 653/958/946 360/959/947 652/960/948
f 652/960/948 360/959/947 359/961/949
f 652/960/948 359/961/949 651/962/950
f 651/962/950 359/961/949 358/963/951
f 651/962/950 358/963/951 650/964/952
f 650/964/952 358/963/951 357/965/953
f 650/964/952 357/965/953 649/966/954
f 649/966/954 357/965/953 356/967/955
f 649/966/954 356/967/955 648/968/956
f 648/968/956 356/967/955 355/969/957
f 648/968/956 355/969/957 647/970/958
f 647/970/958 355/969/957 354/971/959
f 647/970/958 354/971/959 646/972/960
f 646/972/960 354/971/959 353/973/961
f 646/972/960 353/973/961 645/974/962
f 645/974/962 353/973/961 352/975/963
f 645/974/962 352/975/963 644/976/964
f 644/976/964 352/975/963 351/977/965
f 644/976/964 351/977/965 643/978/966
f 643/978/966 351/977/965 350/979/967
f 643/978/966 350/979/967 642/980/968
f 642/980/968 350/979/967 349/981/969
f 642/980/968 349/981/969 641/982/970
f 641/982/970 349/981/969 348/983/971
f 641/982/970 348/983/971 640/984/972
f 640/984/972 348/983/971 347/985/973
f 640/984/972 347/985/973 639/986/974
f 639/986/974 347/985/973 346/987/975
f 639/986/974 346/987/975 638/988/976
f 638/988/976 346/987/975 345/989/977
f 638/988/976 345/989/977 637/990/978
f 637/990/978 345/989/977 344/991/979
f 637/990/978 344/991/979 636/992/980
f 636/992/980 344/991/979 343/993/981
f 636/992/980 343/993/981 635/994/982
f 635/994/982 343/993/981 342/995/983
f 635/994/982 342/995/983 634/996/984
f 634/996/984 342/995/983 341/997/985
f 634/996/984 341/997/985 633/998/986
f 633/998/986 341/997/985 340/999/987
f 633/998/986 340/999/987 632/1000/988
f 632/1001/988 340/1002/987 339/1003/989
f 632/1001/988 339/1003/989 631/1004/990
f 631/1004/990 339/1003/989 338/1005/991
f 631/1004/990 338/1005/991 630/1006/992
f 630/1006/992 338/1005/991 337/1007/993
f 630/1006/992 337/1007/993 629/1008/994
f 629/1008/994 337/1007/993 336/1009/995
f 629/1008/994 336/1009/995 628/1010/996
f 628/1010/996 336/1009/995 335/1011/997
f 628/1010/996 335/1011/997 627/1012/998
f 627/1012/998 335/1011/997 334/1013/999
f 627/1012/998 334/1013/999 626/1014/1000
f 626/1014/1000 334/1013/999 333/1015/1001
f 626/1014/1000 333/1015/1001 625/1016/1002
f 625/1016/1002 333/1015/1001 332/1017/1003
f 625/1016/1002 332/1017/1003 624/1018/1004
f 624/1018/1004 332/1017/1003 331/1019/1005
f 624/1018/1004 331/1019/1005 623/1020/1006
f 623/1020/1006 331/1019/1005 330/1021/1007
f 623/1020/1006 330/1021/1007 622/1022/1008
f 622/1022/1008 330/1021/1007 329/1023/1009
f 622/1022/1008 329/1023/1009 621/1024/1010
f 621/1024/1010 329/1023/1009 328/1025/1011
f 621/1024/1010 328/1025/1011 620/1026/1012
f 620/1026/1012 328/1025/1011 327/1027/1013
f 620/1026/1012 327/1027/1013 619/1028/1014
f 619/1028/1014 327/1027/1013 326/1029/1015
f 619/1028/1014 326/1029/1015 618/1030/1016
f 618/1030/1016 326/1029/1015 325/1031/1017
f 618/1030/1016 325/1031/1017 617/1032/1018
f 617/1032/1018 325/1031/1017 324/1033/1019
f 617/1032/1018 324/1033/1019 616/1034/1020
f 616/1034/1020 324/1033/1019 323/1035/1021
f 616/1034/1020 323/1035/1021 615/1036/1022
f 615/1036/1022 323/1035/1021 322/1037/1023
f 615/1036/1022 322/1037/1023 614/1038/1024
f 614/1038/1024 322/1037/1023 321/1039/1025
f 614/1038/1024 321/1039/1025 613/1040/1026
f 613/1040/1026 321/1039/1025 320/1041/1027
f 613/1040/1026 320/1041/1027 612/1042/1028
f 612/1042/1028 320/1041/1027 319/1043/1029
f 612/1042/1028 319/1043/1029 611/1044/1030
f 611/1044/1030 319/1043/1029 318/1045/1031
f 611/1044/1030 318/1045/1031 610/1046/1032
f 610/1046/1032 318/1045/1031 317/1047/1033
f 610/1046/1032 317/1047/1033 609/1048/1034
f 609/1048/1034 317/1047/1033 316/1049/1035
f 609/1048/1034 316/1049/1035 608/1050/1036
f 608/1050/1036 316/1049/1035 315/1051/1037
f 608/1050/1036 315/1051/1037 607/1052/1038
f 607/1052/1038 315/1051/1037 314/1053/1039
f 607/1052/1038 314/1053/1039 606/1054/1040
f 606/1054/1040 314/1053/1039 313/1055/1041
f 606/1054/1040 313/1055/1041 605/1056/1042
f 605/1056/1042 313/1055/1041 312/1057/1043
f 605/1056/1042 312/1057/1043 604/1058/1044
f 604/1058/1044 312/1057/1043 311/1059/1045
f 604/1058/1044 311/1059/1045 603/1060/1046
f 603/1060/1046 311/1059/1045 310/1061/1047
f 603/1060/1046 310/1061/1047 602/1062/1048
f 602/1062/1048 310/1061/1047 309/1063/1049
f 602/1062/1048 309/1063/1049 601/1064/1050
f 601/1064/1050 309/1063/1049 308/1065/1051
f 601/1064/1050 308/1065/1051 600/1066/1052
f 600/1066/1052 308/1065/1051 307/1067/1053
f 600/1066/1052 307/1067/1053 599/1068/1054
f 599/1069/1054 307/1070/1053 306/1071/1055
f 599/1069/1054 306/1071/1055 598/1072/1056
f 598/1072/1056 306/1071/1055 305/1073/1057
f 598/1072/1056 305/1073/1057 597/1074/1058
f 597/1074/1058 305/1073/1057 304/1075/1059
f 597/1074/1058 304/1075/1059 596/1076/1060
f 596/1076/1060 304/1075/1059 303/1077/1061
f 596/1076/1060 303/1077/1061 595/1078/1062
f 595/1078/1062 303/1077/1061 302/1079/1063
f 595/1078/1062 302/1079/1063 594/1080/1064
f 594/1080/1064 302/1079/1063 301/1081/1065
f 594/1080/1064 301/1081/1065 593/1082/1066
f 593/1082/1066 301/1081/1065 300/1083/1067
f 593/1082/1066 300/1083/1067 592/1084/1068
f 592/1084/1068 300/1083/1067 299/1085/1069
f 592/1084/1068 299/1085/1069 591/1086/1070
f 591/1086/1070 299/1085/1069 298/1087/1071
f 591/1086/1070 298/1087/1071 590/1088/1072
f 590/1088/1072 298/1087/1071 297/1089/1073
f 590/1088/1072 297/1089/1073 589/1090/1074
f 589/1090/1074 297/1089/1073 296/1091/1075
f 589/1090/1074 296/1091/1075 588/1092/1076
f 588/1092/1076 296/1091/1075 295/1093/1077
f 588/1092/1076 295/1093/1077 587/1094/1078
f 587/1094/1078 295/1093/1077 294/1095/1079
f 587/1094/1078 294/1095/1079 586/1096/1080
f 586/1096/1080 294/1095/1079 293/1097/1081
f 586/1096/1080 293/1097/1081 585/1098/1082
f 585/1098/1082 293/1097/1081 292/1099/1083
f 585/1098/1082 292/1099/1083 584/1100/1084
f 584/1100/1084 292/1099/1083 291/1101/1085
f 584/1100/1084 291/1101/1085 583/1102/1086
f 583/1102/1086 291/1101/1085 290/1103/1087
f 583/1102/1086 290/1103/1087 582/1104/1088
f 582/1104/1088 290/1103/1087 289/1105/1089
f 582/1104/1088 289/1105/1089 581/1106/1090
f 581/1106/1090 289/1105/1089 288/1107/1091
f 581/1106/1090 288/1107/1091 580/1108/1092
f 580/1108/1092 288/1107/1091 287/1109/1093
f 580/1108/1092 287/1109/1093 579/1110/1094
f 579/1110/1094 287/1109/1093 286/1111/1095
f 579/1110/1094 286/1111/1095 567/1112/1096
f 567/1112/1096 286/1111/1095 285/1113/1097
f 567/1112/1096 285/1113/1097 568/1114/1098
f 568/1114/1098 285/1113/1097 284/1115/1099
f 568/1114/1098 284/1115/1099 569/1116/1100
f 569/1116/1100 284/1115/1099 283/1117/1101
f 569/1116/1100 283/1117/1101 570/1118/1102
f 570/1118/1102 283/1117/1101 282/1119/1103
f 570/1118/1102 282/1119/1103 571/1120/1104
f 571/1120/1104 282/1119/1103 281/1121/1105
f 571/1120/1104 281/1121/1105 572/1122/1106
f 572/1122/1106 281/1121/1105 280/1123/1107
f 572/1122/1106 280/1123/1107 279/1124/1108
f 834/1125/1109 835/1126/1110 1099/1127/1111
f 1099/1127/1111 835/1126/1110 1098/1128/1112
f 1098/1128/1112 835/1126/1110 836/1129/1113
f 1098/1128/1112 836/1129/1113 1097/1130/1114
f 1097/1130/1114 836/1129/1113 837/1131/1115
f 1097/1130/1114 837/1131/1115 1096/1132/1116
f 1096/1132/1116 837/1131/1115 838/1133/1117
f 1096/1132/1116 838/1133/1117 1095/1134/1118
f 1095/1134/1118 838/1133/1117 839/1135/1119
f 1095/1134/1118 839/1135/1119 1094/1136/1120
f 1094/1136/1120 839/1135/1119 840/1137/1121
f 1094/1136/1120 840/1137/1121 1093/1138/1122
f 1093/1138/1122 840/1137/1121 841/1139/1123
f 1093/1138/1122 841/1139/1123 1092/1140/1124
f 1092/1140/1124 841/1139/1123 842/1141/1125
f 1092/1140/1124 842/1141/1125 1091/1142/1126
f 1091/1142/1126 842/1141/1125 843/1143/1127
f 1091/1142/1126 843/1143/1127 844/1144/1128
f 1091/1142/1126 844/1144/1128 1090/1145/1129
f 1090/1145/1129 844/1144/1128 573/1146/1130
f 1090/1145/1129 573/1146/1130 1089/1147/1131
f 1089/1147/1131 573/1146/1130 833/1148/1132
f 1089/1147/1131 833/1148/1132 1088/1149/1133
f 1088/1149/1133 833/1148/1132 832/1150/1134
f 1088/1149/1133 832/1150/1134 1087/1151/1135
f 1087/1151/1135 832/1150/1134 831/1152/1136
f 1087/1151/1135 831/1152/1136 1086/1153/1137
f 1086/1153/1137 831/1152/1136 830/1154/1138
f 1086/1153/1137 830/1154/1138 1085/1155/1139
f 1085/1155/1139 830/1154/1138 829/1156/1140
f 1085/1155/1139 829/1156/1140 1084/1157/1141
f 1084/1157/1141 829/1156/1140 828/1158/1142
f 1084/1157/1141 828/1158/1142 1083/1159/1143
f 1083/1159/1143 828/1158/1142 827/1160/1144
f 1083/1159/1143 827/1160/1144 1082/1161/1145
f 1082/1161/1145 827/1160/1144 826/1162/1146
f 1082/1161/1145 826/1162/1146 1081/1163/1147
f 1081/1163/1147 826/1162/1146 825/1164/1148
f 1081/1163/1147 825/1164/1148 1080/1165/1149
f 1080/1165/1149 825/1164/1148 824/1166/1150
f 1080/1165/1149 824/1166/1150 1079/1167/1151
f 1079/1167/1151 824/1166/1150 823/1168/1152
f 1079/1167/1151 823/1168/1152 1078/1169/1153
f 1078/1169/1153 823/1168/1152 822/1170/1154
f 1078/1169/1153 822/1170/1154 1077/1171/1155
f 1077/1171/1155 822/1170/1154 821/1172/1156
f 1077/1171/1155 821/1172/1156 1076/1173/1157
f 1076/1173/1157 821/1172/1156 820/1174/1158
f 1076/1173/1157 820/1174/1158 1075/1175/1159
f 1075/1175/1159 820/1174/1158 819/1176/1160
f 1075/1175/1159 819/1176/1160 1074/1177/1161
f 1074/1177/1161 819/1176/1160 818/1178/1162
f 1074/1177/1161 818/1178/1162 1073/1179/1163
f 1073/1179/1163 818/1178/1162 817/1180/1164
f 1073/1179/1163 817/1180/1164 1072/1181/1165
f 1072/1181/1165 817/1180/1164 816/1182/1166
f 1072/1181/1165 816/1182/1166 1071/1183/1167
f 1071/1183/1167 816/1182/1166 815/1184/1168
f 1071/1183/1167 815/1184/1168 1070/1185/1169
f 1070/1185/1169 815/1184/1168 814/1186/1170
f 1070/1185/1169 814/1186/1170 1069/1187/1171
f 1069/1187/1171 814/1186/1170 813/1188/1172
f 1069/1187/1171 813/1188/1172 1068/1189/1173
f 1068/1189/1173 813/1188/1172 812/1190/1174
f 1068/1189/1173 812/1190/1174 1067/1191/1175
f 1067/1191/1175 812/1190/1174 811/1192/1176
f 1067/1191/1175 811/1192/1176 1066/1193/1177
f 1066/1193/1177 811/1192/1176 810/1194/1178
f 1066/1193/1177 810/1194/1178 1065/1195/1179
f 1065/1195/1179 810/1194/1178 809/1196/1180
f 1065/1195/1179 809/1196/1180 1064/1197/1181
f 1064/1197/1181 809/1196/1180 808/1198/1182
f 1064/1197/1181 808/1198/1182 1063/1199/1183
f 1063/1199/1183 808/1198/1182 807/1200/1184
f 1063/1199/1183 807/1200/1184 1062/1201/1185
f 1062/1201/1185 807/1200/1184 806/1202/1186
f 1062/1201/1185 806/1202/1186 1061/1203/1187
f 1061/1203/1187 806/1202/1186 805/1204/1188
f 1061/1203/1187 805/1204/1188 1060/1205/1189
f 1060/1205/1189 805/1204/1188 804/1206/1190
f 1060/1205/1189 804/1206/1190 1059/1207/1191
f 1059/1207/1191 804/1206/1190 803/1208/1192
f 1059/1207/1191 803/1208/1192 1058/1209/1193
f 1058/1209/1193 803/1208/1192 802/1210/1194
f 1058/1209/1193 802/1210/1194 1057/1211/1195
f 1057/1211/1195 802/1210/1194 801/1212/1196
f 1057/1211/1195 801/1212/1196 1056/1213/1197
f 1056/1213/1197 801/1212/1196 800/1214/1198
f 1056/1213/1197 800/1214/1198 1055/1215/1199
f 1055/1215/1199 800/1214/1198 799/1216/1200
f 1055/1215/1199 799/1216/1200 1054/1217/1201
f 1054/1217/1201 799/1216/1200 798/1218/1202
f 1054/1217/1201 798/1218/1202 1053/1219/1203
f 1053/1219/1203 798/1218/1202 797/1220/1204
f 1053/1219/1203 797/1220/1204 1052/1221/1205
f 1052/1221/1205 797/1220/1204 796/1222/1206
f 1052/1221/1205 796/1222/1206 1051/1223/1207
f 1051/1223/1207 796/1222/1206 795/1224/1208
f 1051/1223/1207 795/1224/1208 1050/1225/1209
f 1050/1225/1209 795/1224/1208 794/1226/1210
f 1050/1225/1209 794/1226/1210 1049/1227/1211
f 1049/1227/1211 794/1226/1210 793/1228/1212
f 1049/1227/1211 793/1228/1212 1048/1229/1213
f 1048/1229/1213 793/1228/1212 792/1230/1214
f 1048/1229/1213 792/1230/1214 1047/1231/1215
f 1047/1231/1215 792/1230/1214 791/1232/1216
f 1047/1231/1215 791/1232/1216 1046/1233/1217
f 1046/1233/1217 791/1232/1216 790/1234/1218
f 1046/1233/1217 790/1234/1218 1045/1235/1219
f 1045/1235/1219 790/1234/1218 789/1236/1220
f 1045/1235/1219 789/1236/1220 1044/1237/1221
f 1044/1237/1221 789/1236/1220 788/1238/1222
f 1044/1237/1221 788/1238/1222 1043/1239/1223
f 1043/1239/1223 788/1238/1222 787/1240/1224
f 1043/1239/1223 787/1240/1224 1042/1241/1225
f 1042/1241/1225 787/1240/1224 786/1242/1226
f 1042/1241/1225 786/1242/1226 1041/1243/1227
f 1041/1243/1227 786/1242/1226 785/1244/1228
f 1041/1243/1227 785/1244/1228 1040/1245/1229
f 1040/1245/1229 785/1244/1228 784/1246/1230
f 1040/1245/1229 784/1246/1230 1039/1247/1231
f 1039/1247/1231 784/1246/1230 783/1248/1232
f 1039/1247/1231 783/1248/1232 1038/1249/1233
f 1038/1249/1233 783/1248/1232 782/1250/1234
f 1038/1249/1233 782/1250/1234 1037/1251/1235
f 1037/1251/1235 782/1250/1234 781/1252/1236
f 1037/1251/1235 781/1252/1236 1036/1253/1237
f 1036/1253/1237 781/1252/1236 780/1254/1238
f 1036/1253/1237 780/1254/1238 1035/1255/1239
f 1035/1255/1239 780/1254/1238 779/1256/1240
f 1035/1255/1239 779/1256/1240 1034/1257/1241
f 1034/1257/1241 779/1256/1240 778/1258/1242
f 1034/1257/1241 778/1258/1242 1033/1259/1243
f 1033/1259/1243 778/1258/1242 777/1260/1244
f 1033/1259/1243 777/1260/1244 1032/1261/1245
f 1032/1261/1245 777/1260/1244 776/1262/1246
f 1032/1261/1245 776/1262/1246 1031/1263/1247
f 1031/1263/1247 776/1262/1246 775/1264/1248
f 1031/1263/1247 775/1264/1248 1030/1265/1249
f 1030/1265/1249 775/1264/1248 774/1266/1250
f 1030/1265/1249 774/1266/1250 1029/1267/1251
f 1029/1267/1251 774/1266/1250 773/1268/1252
f 1029/1267/1251 773/1268/1252 1028/1269/1253
f 1028/1269/1253 773/1268/1252 772/1270/1254
f 1028/1269/1253 772/1270/1254 1027/1271/1255
f 1027/1271/1255 772/1270/1254 771/1272/1256
f 1027/1271/1255 771/1272/1256 1026/1273/1257
f 1026/1273/1257 771/1272/1256 770/1274/1258
f 1026/1273/1257 770/1274/1258 1025/1275/1259
f 1025/1275/1259 770/1274/1258 769/1276/1260
f 1025/1275/1259 769/1276/1260 1024/1277/1261
f 1024/1277/1261 769/1276/1260 768/1278/1262
f 1024/1277/1261 768/1278/1262 1023/1279/1263
f 1023/1279/1263 768/1278/1262 767/1280/1264
f 1023/1279/1263 767/1280/1264 1022/1281/1265
f 1022/1281/1265 767/1280/1264 766/1282/1266
f 1022/1281/1265 766/1282/1266 1021/1283/1267
f 1021/1283/1267 766/1282/1266 765/1284/1268
f 1021/1283/1267 765/1284/1268 1020/1285/1269
f 1020/1285/1269 765/1284/1268 764/1286/1270
f 1020/1285/1269 764/1286/1270 1019/1287/1271
f 1019/1287/1271 764/1286/1270 763/1288/1272
f 1019/1287/1271 763/1288/1272 1018/1289/1273
f 1018/1289/1273 763/1288/1272 762/1290/1274
f 1018/1289/1273 762/1290/1274 1017/1291/1275
f 1017/1291/1275 762/1290/1274 761/1292/1276
f 1017/1291/1275 761/1292/1276 1016/1293/1277
f 1016/1293/1277 761/1292/1276 760/1294/1278
f 1016/1293/1277 760/1294/1278 1015/1295/1279
f 1015/1295/1279 760/1294/1278 759/1296/1280
f 1015/1295/1279 759/1296/1280 1014/1297/1281
f 1014/1297/1281 759/1296/1280 758/1298/1282
f 1014/1297/1281 758/1298/1282 1013/1299/1283
f 1013/1299/1283 758/1298/1282 757/1300/1284
f 1013/1299/1283 757/1300/1284 1012/1301/1285
f 1012/1301/1285 757/1300/1284 756/1302/1286
f 1012/1301/1285 756/1302/1286 1011/1303/1287
f 1011/1303/1287 756/1302/1286 755/1304/1288
f 1011/1303/1287 755/1304/1288 1010/1305/1289
f 1010/1305/1289 755/1304/1288 754/1306/1290
f 1010/1305/1289 754/1306/1290 1009/1307/1291
f 1009/1307/1291 754/1306/1290 753/1308/1292
f 1009/1307/1291 753/1308/1292 1008/1309/1293
f 1008/1309/1293 753/1308/1292 752/1310/1294
f 1008/1309/1293 752/1310/1294 1007/1311/1295
f 1007/1311/1295 752/1310/1294 751/1312/1296
f 1007/1311/1295 751/1312/1296 1006/1313/1297
f 1006/1313/1297 751/1312/1296 750/1314/1298
f 1006/1313/1297 750/1314/1298 1005/1315/1299
f 1005/1315/1299 750/1314/1298 749/1316/1300
f 1005/1315/1299 749/1316/1300 1004/1317/1301
f 1004/1317/1301 749/1316/1300 748/1318/1302
f 1004/1317/1301 748/1318/1302 1003/1319/1303
f 1003/1319/1303 748/1318/1302 747/1320/1304
f 1003/1319/1303 747/1320/1304 1002/1321/1305
f 1002/1321/1305 747/1320/1304 746/1322/1306
f 1002/1321/1305 746/1322/1306 1001/1323/1307
f 1001/1323/1307 746/1322/1306 745/1324/1308
f 1001/1323/1307 745/1324/1308 1000/1325/1309
f 1000/1325/1309 745/1324/1308 744/1326/1310
f 1000/1325/1309 744/1326/1310 999/1327/1311
f 999/1327/1311 744/1326/1310 743/1328/1312
f 999/1327/1311 743/1328/1312 998/1329/1313
f 998/1329/1313 743/1328/1312 742/1330/1314
f 998/1329/1313 742/1330/1314 997/1331/1315
f 997/1331/1315 742/1330/1314 741/1332/1316
f 997/1331/1315 741/1332/1316 996/1333/1317
f 996/1333/1317 741/1332/1316 740/1334/1318
f 996/1333/1317 740/1334/1318 995/1335/1319
f 995/1335/1319 740/1334/1318 739/1336/1320
f 995/1335/1319 739/1336/1320 994/1337/1321
f 994/1337/1321 739/1336/1320 738/1338/1322
f 994/1337/1321 738/1338/1322 993/1339/1323
f 993/1339/1323 738/1338/1322 737/1340/1324
f 993/1339/1323 737/1340/1324 992/1341/1325
f 992/1341/1325 737/1340/1324 736/1342/1326
f 992/1341/1325 736/1342/1326 991/1343/1327
f 991/1343/1327 736/1342/1326 735/1344/1328
f 991/1343/1327 735/1344/1328 990/1345/1329
f 990/1345/1329 735/1344/1328 734/1346/1330
f 990/1345/1329 734/1346/1330 989/1347/1331
f 989/1347/1331 734/1346/1330 733/1348/1332
f 989/1347/1331 733/1348/1332 988/1349/1333
f 988/1349/1333 733/1348/1332 732/1350/1334
f 988/1349/1333 732/1350/1334 987/1351/1335
f 987/1351/1335 732/1350/1334 731/1352/1336
f 987/1351/1335 731/1352/1336 986/1353/1337
f 986/1353/1337 731/1352/1336 730/1354/1338
f 986/1353/1337 730/1354/1338 985/1355/1339
f 985/1355/1339 730/1354/1338 729/1356/1340
f 985/1355/1339 729/1356/1340 984/1357/1341
f 984/1357/1341 729/1356/1340 728/1358/1342
f 984/1357/1341 728/1358/1342 983/1359/1343
f 983/1359/1343 728/1358/1342 727/1360/1344
f 983/1359/1343 727/1360/1344 982/1361/1345
f 982/1361/1345 727/1360/1344 726/1362/1346
f 982/1361/1345 726/1362/1346 981/1363/1347
f 981/1363/1347 726/1362/1346 725/1364/1348
f 981/1363/1347 725/1364/1348 980/1365/1349
f 980/1365/1349 725/1364/1348 724/1366/1350
f 980/1365/1349 724/1366/1350 979/1367/1351
f 979/1367/1351 724/1366/1350 723/1368/1352
f 979/1367/1351 723/1368/1352 978/1369/1353
f 978/1369/1353 723/1368/1352 722/1370/1354
f 978/1369/1353 722/1370/1354 977/1371/1355
f 977/1371/1355 722/1370/1354 721/1372/1356
f 977/1371/1355 721/1372/1356 976/1373/1357
f 976/1373/1357 721/1372/1356 720/1374/1358
f 976/1373/1357 720/1374/1358 975/1375/1359
f 975/1375/1359 720/1374/1358 719/1376/1360
f 975/1375/1359 719/1376/1360 974/1377/1361
f 974/1377/1361 719/1376/1360 718/1378/1362
f 974/1377/1361 718/1378/1362 973/1379/1363
f 973/1379/1363 718/1378/1362 717/1380/1364
f 973/1379/1363 717/1380/1364 972/1381/1365
f 972/1381/1365 717/1380/1364 716/1382/1366
f 972/1381/1365 716/1382/1366 971/1383/1367
f 971/1383/1367 716/1382/1366 715/1384/1368
f 971/1383/1367 715/1384/1368 970/1385/1369
f 970/1385/1369 715/1384/1368 714/1386/1370
f 970/1385/1369 714/1386/1370 969/1387/1371
f 969/1387/1371 714/1386/1370 713/1388/1372
f 969/1387/1371 713/1388/1372 968/1389/1373
f 968/1389/1373 713/1388/1372 712/1390/1374
f 968/1389/1373 712/1390/1374 967/1391/1375
f 967/1391/1375 712/1390/1374 711/1392/1376
f 967/1391/1375 711/1392/1376 966/1393/1377
f 966/1393/1377 711/1392/1376 710/1394/1378
f 966/1393/1377 710/1394/1378 965/1395/1379
f 965/1395/1379 710/1394/1378 709/1396/1380
f 965/1395/1379 709/1396/1380 964/1397/1381
f 964/1397/1381 709/1396/1380 708/1398/1382
f 964/1397/1381 708/1398/1382 963/1399/1383
f 963/1399/1383 708/1398/1382 707/1400/1384
f 963/1399/1383 707/1400/1384 962/1401/1385
f 962/1401/1385 707/1400/1384 706/1402/1386
f 962/1401/1385 706/1402/1386 961/1403/1387
f 961/1403/1387 706/1402/1386 705/1404/1388
f 961/1403/1387 705/1404/1388 960/1405/1389
f 960/1405/1389 705/1404/1388 704/1406/1390
f 960/1405/1389 704/1406/1390 959/1407/1391
f 959/1407/1391 704/1406/1390 703/1408/1392
f 959/1407/1391 703/1408/1392 958/1409/1393
f 958/1409/1393 703/1408/1392 702/1410/1394
f 958/1409/1393 702/1410/1394 957/1411/1395
f 957/1411/1395 702/1410/1394 701/1412/1396
f 957/1411/1395 701/1412/1396 956/1413/1397
f 956/1413/1397 701/1412/1396 700/1414/1398
f 956/1413/1397 700/1414/1398 955/1415/1399
f 955/1415/1399 700/1414/1398 699/1416/1400
f 955/1415/1399 699/1416/1400 954/1417/1401
f 954/1417/1401 699/1416/1400 698/1418/1402
f 954/1417/1401 698/1418/1402 953/1419/1403
f 953/1419/1403 698/1418/1402 697/1420/1404
f 953/1419/1403 697/1420/1404 952/1421/1405
f 952/1421/1405 697/1420/1404 696/1422/1406
f 952/1421/1405 696/1422/1406 951/1423/1407
f 951/1423/1407 696/1422/1406 695/1424/1408
f 951/1423/1407 695/1424/1408 950/1425/1409
f 950/1425/1409 695/1424/1408 694/1426/1410
f 950/1425/1409 694/1426/1410 949/1427/1411
f 949/1427/1411 694/1426/1410 693/1428/1412
f 949/1427/1411 693/1428/1412 948/1429/1413
f 948/1429/1413 693/1428/1412 692/1430/1414
f 948/1429/1413 692/1430/1414 947/1431/1415
f 947/1431/1415 692/1430/1414 691/1432/1416
f 947/1431/1415 691/1432/1416 946/1433/1417
f 946/1433/1417 691/1432/1416 690/1434/1418
f 946/1433/1417 690/1434/1418 945/1435/1419
f 945/1435/1419 690/1434/1418 689/1436/1420
f 945/1435/1419 689/1436/1420 944/1437/1421
f 944/1437/1421 689/1436/1420 688/1438/1422
f 944/1437/1421 688/1438/1422 943/1439/1423
f 943/1439/1423 688/1438/1422 687/1440/1424
f 943/1439/1423 687/1440/1424 942/1441/1425
f 942/1441/1425 687/1440/1424 686/1442/1426
f 942/1441/1425 686/1442/1426 941/1443/1427
f 941/1443/1427 686/1442/1426 685/1444/1428
f 941/1443/1427 685/1444/1428 940/1445/1429
f 940/1445/1429 685/1444/1428 684/1446/1430
f 940/1445/1429 684/1446/1430 939/1447/1431
f 939/1447/1431 684/1446/1430 683/1448/1432
f 939/1447/1431 683/1448/1432 938/1449/1433
f 938/1449/1433 683/1448/1432 682/1450/1434
f 938/1449/1433 682/1450/1434 937/1451/1435
f 937/1451/1435 682/1450/1434 681/1452/1436
f 937/1451/1435 681/1452/1436 936/1453/1437
f 936/1453/1437 681/1452/1436 680/1454/1438
f 936/1453/1437 680/1454/1438 935/1455/1439
f 935/1455/1439 680/1454/1438 679/1456/1440
f 935/1455/1439 679/1456/1440 934/1457/1441
f 934/1457/1441 679/1456/1440 678/1458/1442
f 934/1457/1441 678/1458/1442 933/1459/1443
f 933/1459/1443 678/1458/1442 677/1460/1444
f 933/1459/1443 677/1460/1444 932/1461/1445
f 932/1461/1445 677/1460/1444 676/1462/1446
f 932/1461/1445 676/1462/1446 931/1463/1447
f 931/1463/1447 676/1462/1446 675/1464/1448
f 931/1463/1447 675/1464/1448 930/1465/1449
f 930/1465/1449 675/1464/1448 674/1466/1450
f 930/1465/1449 674/1466/1450 929/1467/1451
f 929/1467/1451 674/1466/1450 673/1468/1452
f 929/1467/1451 673/1468/1452 928/1469/1453
f 928/1469/1453 673/1468/1452 672/1470/1454
f 928/1469/1453 672/1470/1454 927/1471/1455
f 927/1471/1455 672/1470/1454 671/1472/1456
f 927/1471/1455 671/1472/1456 926/1473/1457
f 926/1473/1457 671/1472/1456 670/1474/1458
f 926/1473/1457 670/1474/1458 925/1475/1459
f 925/1475/1459 670/1474/1458 669/1476/1460
f 925/1475/1459 669/1476/1460 924/1477/1461
f 924/1477/1461 669/1476/1460 668/1478/1462
f 924/1477/1461 668/1478/1462 923/1479/1463
f 923/1479/1463 668/1478/1462 667/1480/1464
f 923/1479/1463 667/1480/1464 922/1481/1465
f 922/1481/1465 667/1480/1464 666/1482/1466
f 922/1481/1465 666/1482/1466 921/1483/1467
f 921/1483/1467 666/1482/1466 665/1484/1468
f 921/1483/1467 665/1484/1468 920/1485/1469
f 920/1485/1469 665/1484/1468 664/1486/1470
f 920/1485/1469 664/1486/1470 919/1487/1471
f 919/1487/1471 664/1486/1470 663/1488/1472
f 919/1487/1471 663/1488/1472 918/1489/1473
f 918/1489/1473 663/1488/1472 662/1490/1474
f 918/1489/1473 662/1490/1474 917/1491/1475
f 917/1491/1475 662/1490/1474 661/1492/1476
f 917/1491/1475 661/1492/1476 916/1493/1477
f 916/1493/1477 661/1492/1476 660/1494/1478
f 916/1493/1477 660/1494/1478 915/1495/1479
f 915/1495/1479 660/1494/1478 659/1496/1480
f 915/1495/1479 659/1496/1480 914/1497/1481
f 914/1497/1481 659/1496/1480 658/1498/1482
f 914/1497/1481 658/1498/1482 913/1499/1483
f 913/1499/1483 658/1498/1482 657/1500/1484
f 913/1499/1483 657/1500/1484 912/1501/1485
f 912/1501/1485 657/1500/1484 656/1502/1486
f 912/1501/1485 656/1502/1486 911/1503/1487
f 911/1503/1487 656/1502/1486 655/1504/1488
f 911/1503/1487 655/1504/1488 910/1505/1489
f 910/1505/1489 655/1504/1488 654/1506/1490
f 910/1505/1489 654/1506/1490 909/1507/1491
f 909/1507/1491 654/1506/1490 653/1508/1492
f 909/1507/1491 653/1508/1492 908/1509/1493
f 908/1509/1493 653/1508/1492 652/1510/1494
f 908/1509/1493 652/1510/1494 907/1511/1495
f 907/1511/1495 652/1510/1494 651/1512/1496
f 907/1511/1495 651/1512/1496 906/1513/1497
f 906/1513/1497 651/1512/1496 650/1514/1498
f 906/1513/1497 650/1514/1498 905/1515/1499
f 905/1515/1499 650/1514/1498 649/1516/1500
f 905/1515/1499 649/1516/1500 904/1517/1501
f 904/1517/1501 649/1516/1500 648/1518/1502
f 904/1517/1501 648/1518/1502 903/1519/1503
f 903/1519/1503 648/1518/1502 647/1520/1504
f 903/1519/1503 647/1520/1504 902/1521/1505
f 902/1521/1505 647/1520/1504 646/1522/1506
f 902/1521/1505 646/1522/1506 901/1523/1507
f 901/1523/1507 646/1522/1506 645/1524/1508
f 901/1523/1507 645/1524/1508 900/1525/1509
f 900/1525/1509 645/1524/1508 644/1526/1510
f 900/1525/1509 644/1526/1510 899/1527/1511
f 899/1527/1511 644/1526/1510 643/1528/1512
f 899/1527/1511 643/1528/1512 898/1529/1513
f 898/1529/1513 643/1528/1512 642/1530/1514
f 898/1529/1513 642/1530/1514 897/1531/1515
f 897/1531/1515 642/1530/1514 641/1532/1516
f 897/1531/1515 641/1532/1516 896/1533/1517
f 896/1533/1517 641/1532/1516 640/1534/1518
f 896/1533/1517 640/1534/1518 895/1535/1519
f 895/1535/1519 640/1534/1518 639/1536/1520
f 895/1535/1519 639/1536/1520 894/1537/1521
f 894/1537/1521 639/1536/1520 638/1538/1522
f 894/1537/1521 638/1538/1522 893/1539/1523
f 893/1539/1523 638/1538/1522 637/1540/1524
f 893/1539/1523 637/1540/1524 892/1541/1525
f 892/1541/1525 637/1540/1524 636/1542/1526
f 892/1541/1525 636/1542/1526 891/1543/1527
f 891/1543/1527 636/1542/1526 635/1544/1528
f 891/1543/1527 635/1544/1528 890/1545/1529
f 890/1545/1529 635/1544/1528 634/1546/1530
f 890/1545/1529 634/1546/1530 889/1547/1531
f 889/1547/1531 634/1546/1530 633/1548/1532
f 889/1547/1531 633/1548/1532 888/1549/1533
f 888/1549/1533 633/1548/1532 632/1550/1534
f 888/1549/1533 632/1550/1534 887/1551/1535
f 887/1551/1535 632/1550/1534 631/1552/1536
f 887/1551/1535 631/1552/1536 886/1553/1537
f 886/1553/1537 631/1552/1536 630/1554/1538
f 886/1553/1537 630/1554/1538 885/1555/1539
f 885/1555/1539 630/1554/1538 629/1556/1540
f 885/1555/1539 629/1556/1540 884/1557/1541
f 884/1557/1541 629/1556/1540 628/1558/1542
f 884/1557/1541 628/1558/1542 883/1559/1543
f 883/1559/1543 628/1558/1542 627/1560/1544
f 883/1559/1543 627/1560/1544 882/1561/1545
f 882/1561/1545 627/1560/1544 626/1562/1546
f 882/1561/1545 626/1562/1546 881/1563/1547
f 881/1563/1547 626/1562/1546 625/1564/1548
f 881/1563/1547 625/1564/1548 880/1565/1549
f 880/1565/1549 625/1564/1548 624/1566/1550
f 880/1565/1549 624/1566/1550 879/1567/1551
f 879/1567/1551 624/1566/1550 623/1568/1552
f 879/1567/1551 623/1568/1552 878/1569/1553
f 878/1569/1553 623/1568/1552 622/1570/1554
f 878/1569/1553 622/1570/1554 877/1571/1555
f 877/1571/1555 622/1570/1554 621/1572/1556
f 877/1571/1555 621/1572/1556 876/1573/1557
f 876/1573/1557 621/1572/1556 620/1574/1558
f 876/1573/1557 620/1574/1558 875/1575/1559
f 875/1575/1559 620/1574/1558 619/1576/1560
f 875/1575/1559 619/1576/1560 874/1577/1561
f 874/1577/1561 619/1576/1560 618/1578/1562
f 874/1577/1561 618/1578/1562 873/1579/1563
f 873/1579/1563 618/1578/1562 617/1580/1564
f 873/1579/1563 617/1580/1564 872/1581/1565
f 872/1581/1565 617/1580/1564 616/1582/1566
f 872/1581/1565 616/1582/1566 871/1583/1567
f 871/1583/1567 616/1582/1566 615/1584/1568
f 871/1583/1567 615/1584/1568 870/1585/1569
f 870/1585/1569 615/1584/1568 614/1586/1570
f 870/1585/1569 614/1586/1570 869/1587/1571
f 869/1587/1571 614/1586/1570 613/1588/1572
f 869/1587/1571 613/1588/1572 868/1589/1573
f 868/1589/1573 613/1588/1572 612/1590/1574
f 868/1589/1573 612/1590/1574 867/1591/1575
f 867/1591/1575 612/1590/1574 611/1592/1576
f 867/1591/1575 611/1592/1576 866/1593/1577
f 866/1593/1577 611/1592/1576 610/1594/1578
f 866/1593/1577 610/1594/1578 865/1595/1579
f 865/1595/1579 610/1594/1578 609/1596/1580
f 865/1595/1579 609/1596/1580 864/1597/1581
f 864/1597/1581 609/1596/1580 608/1598/1582
f 864/1597/1581 608/1598/1582 863/1599/1583
f 863/1599/1583 608/1598/1582 607/1600/1584
f 863/1599/1583 607/1600/1584 862/1601/1585
f 862/1601/1585 607/1600/1584 606/1602/1586
f 862/1601/1585 606/1602/1586 861/1603/1587
f 861/1603/1587 606/1602/1586 605/1604/1588
f 861/1603/1587 605/1604/1588 860/1605/1589
f 860/1605/1589 605/1604/1588 604/1606/1590
f 860/1605/1589 604/1606/1590 859/1607/1591
f 859/1607/1591 604/1606/1590 603/1608/1592
f 859/1607/1591 603/1608/1592 858/1609/1593
f 858/1609/1593 603/1608/1592 602/1610/1594
f 858/1609/1593 602/1610/1594 857/1611/1595
f 857/1611/1595 602/1610/1594 601/1612/1596
f 857/1611/1595 601/1612/1596 856/1613/1597
f 856/1613/1597 601/1612/1596 600/1614/1598
f 856/1613/1597 600/1614/1598 855/1615/1599
f 855/1615/1599 600/1614/1598 599/1616/1600
f 855/1615/1599 599/1616/1600 854/1617/1601
f 854/1617/1601 599/1616/1600 598/1618/1602
f 854/1617/1601 598/1618/1602 853/1619/1603
f 853/1619/1603 598/1618/1602 597/1620/1604
f 853/1619/1603 597/1620/1604 852/1621/1605
f 852/1621/1605 597/1620/1604 596/1622/1606
f 852/1621/1605 596/1622/1606 851/1623/1607
f 851/1623/1607 596/1622/1606 595/1624/1608
f 851/1623/1607 595/1624/1608 850/1625/1609
f 850/1625/1609 595/1624/1608 594/1626/1610
f 850/1625/1609 594/1626/1610 849/1627/1611
f 849/1627/1611 594/1626/1610 593/1628/1612
f 849/1627/1611 593/1628/1612 848/1629/1613
f 848/1629/1613 593/1628/1612 592/1630/1614
f 848/1629/1613 592/1630/1614 847/1631/1615
f 847/1631/1615 592/1630/1614 591/1632/1616
f 847/1631/1615 591/1632/1616 846/1633/1617
f 846/1633/1617 591/1632/1616 590/1634/1618
f 846/1633/1617 590/1634/1618 845/1635/1619
f 845/1635/1619 590/1634/1618 589/1636/1620
f 845/1635/1619 589/1636/1620 556/1637/1621
f 556/1637/1621 589/1636/1620 588/1638/1622
f 556/1637/1621 588/1638/1622 557/1639/1623
f 557/1639/1623 588/1638/1622 587/1640/1624
f 557/1639/1623 587/1640/1624 558/1641/1625
f 558/1641/1625 587/1640/1624 586/1642/1626
f 558/1641/1625 586/1642/1626 585/1643/1627
f 558/1641/1625 585/1643/1627 559/1644/1628
f 559/1644/1628 585/1643/1627 584/1645/1629
f 559/1644/1628 584/1645/1629 560/1646/1630
f 560/1646/1630 584/1645/1629 583/1647/1631
f 560/1646/1630 583/1647/1631 561/1648/1632
f 561/1648/1632 583/1647/1631 582/1649/1633
f 561/1648/1632 582/1649/1633 562/1650/1634
f 562/1650/1634 582/1649/1633 581/1651/1635
f 562/1650/1634 581/1651/1635 563/1652/1636
f 563/1652/1636 581/1651/1635 564/1653/1637
f 564/1653/1637 581/1651/1635 580/1654/1638
f 564/1653/1637 580/1654/1638 565/1655/1639
f 565/1655/1639 580/1654/1638 579/1656/1640
f 565/1655/1639 579/1656/1640 566/1657/1641
f 566/1657/1641 579/1656/1640 567/1658/1642
f 1100/1659/1643 1101/1660/1644 1105/1661/1645
f 1105/1661/1645 1101/1660/1644 1102/1662/1646
f 1105/1661/1645 1102/1662/1646 1103/1663/1647
f 1103/1663/1647 1104/1664/1648 1105/1661/1645
f 1106/1665/1649 1100/1666/1650 1108/1667/1651
f 1108/1667/1651 1100/1666/1650 1107/1668/1652
f 1107/1668/1652 1100/1666/1650 1105/1669/1653
f 1103/1670/1654 1128/1671/1655 1104/1672/1656
f 1101/1673/1657 1128/1674/1658 1102/1675/1659
f 1109/1676/1660 1128/1677/1661 1100/1678/1662
f 1111/1679/1663 1128/1680/1664 1110/1681/1665
f 1113/1682/1666 1128/1683/1667 1112/1684/1668
f 1115/1685/1669 1128/1686/1670 1114/1687/1671
f 1117/1688/1672 1128/1689/1673 1116/1690/1674
f 1119/1691/1675 1128/1692/1676 1118/1693/1677
f 1121/1694/1678 1128/1695/1679 1120/1696/1680
f 1123/1697/1681 1128/1698/1682 1122/1699/1683
f 1125/1700/1684 1128/1701/1685 1124/1702/1686
f 1127/1703/1687 1128/1704/1688 1126/1705/1689
f 1116/1706/1674 1128/1707/1690 1115/1685/1669
f 1100/1678/1662 1128/1708/1691 1101/1673/1657
f 1124/1702/1686 1128/1709/1692 1123/1697/1681
f 1114/1687/1671 1128/1710/1693 1113/1682/1666
f 1112/1684/1668 1128/1711/1694 1111/1679/1663
f 1110/1681/1665 1128/1712/1695 1109/1676/1660
f 1102/1675/1659 1128/1713/1696 1103/1670/1654
f 1104/1672/1656 1128/1714/1697 1127/1703/1687
f 1126/1705/1689 1128/1715/1698 1125/1700/1684
f 1122/1699/1683 1128/1716/1699 1121/1694/1678
f 1120/1696/1680 1128/1717/1700 1119/1691/1675
f 1118/1693/1677 1128/1718/1701 1117/1688/1672
f 1105/1719/1702 1104/1720/1703 1107/1721/1704
f 1107/1721/1704 1104/1720/1703 1130/1722/1705
f 1130/1722/1705 1104/1720/1703 1129/1723/1706
f 1131/1724/1707 1112/1725/1708 1132/1726/1709
f 1132/1726/1709 1112/1725/1708 1108/1727/1710
f 1108/1727/1710 1112/1725/1708 1106/1728/1711
f 1158/1729/1712 1133/1730/1713 1108/1731/1714
f 1108/1731/1714 1133/1730/1713 1134/1732/1715
f 1108/1731/1714 1134/1732/1715 1135/1733/1716
f 1108/1731/1714 1135/1733/1716 1132/1734/1717
f 1132/1734/1717 1135/1733/1716 1136/1735/1718
f 1132/1734/1717 1136/1735/1718 1137/1736/1719
f 1137/1736/1719 1138/1737/1720 1132/1734/1717
f 1132/1734/1717 1138/1737/1720 1139/1738/1721
f 1132/1734/1717 1139/1738/1721 1160/1739/1722
f 1160/1739/1722 1139/1738/1721 1140/1740/1723
f 1160/1739/1722 1140/1740/1723 1141/1741/1724
f 1141/1741/1724 1142/1742/1725 1160/1739/1722
f 1160/1739/1722 1142/1742/1725 1143/1743/1726
f 1160/1739/1722 1143/1743/1726 1144/1744/1727
f 1160/1739/1722 1144/1744/1727 1159/1745/1728
f 1159/1745/1728 1144/1744/1727 1145/1746/1729
f 1159/1745/1728 1145/1746/1729 1146/1747/1730
f 1146/1747/1730 1147/1748/1731 1159/1745/1728
f 1159/1745/1728 1147/1748/1731 1148/1749/1732
f 1159/1745/1728 1148/1749/1732 1130/1750/1733
f 1130/1750/1733 1148/1749/1732 1149/1751/1734
f 1130/1750/1733 1149/1751/1734 1150/1752/1735
f 1150/1752/1735 1151/1753/1736 1130/1750/1733
f 1130/1750/1733 1151/1753/1736 1152/1754/1737
f 1130/1750/1733 1152/1754/1737 1153/1755/1738
f 1130/1750/1733 1153/1755/1738 1107/1756/1739
f 1107/1756/1739 1153/1755/1738 1154/1757/1740
f 1107/1756/1739 1154/1757/1740 1155/1758/1741
f 1155/1758/1741 1156/1759/1742 1107/1756/1739
f 1107/1756/1739 1156/1759/1742 1157/1760/1743
f 1107/1756/1739 1157/1760/1743 1108/1731/1714
f 1108/1731/1714 1157/1760/1743 1158/1729/1712
f 1112/1761/1744 1111/1762/1745 1106/1763/1746
f 1106/1763/1746 1111/1762/1745 1110/1764/1747
f 1106/1763/1746 1110/1764/1747 1109/1765/1748
f 1109/1765/1748 1100/1766/1643 1106/1763/1746
f 1116/1767/1749 1115/1768/1750 1131/1769/1751
f 1131/1769/1751 1115/1768/1750 1114/1770/1752
f 1131/1769/1751 1114/1770/1752 1113/1771/1753
f 1113/1771/1753 1112/1772/1744 1131/1769/1751
f 1104/1773/1648 1127/1774/1754 1129/1775/1755
f 1129/1775/1755 1127/1774/1754 1126/1776/1756
f 1129/1775/1755 1126/1776/1756 1125/1777/1757
f 1125/1777/1757 1124/1778/1758 1129/1775/1755
f 1129/1779/1759 1124/1780/1760 1130/1781/1761
f 1130/1781/1761 1124/1780/1760 1159/1782/1762
f 1159/1782/1762 1124/1780/1760 1161/1783/1763
f 1162/1784/1764 1116/1785/1765 1160/1786/1766
f 1160/1786/1766 1116/1785/1765 1132/1787/1767
f 1132/1787/1767 1116/1785/1765 1131/1788/1768
f 1161/1789/1769 1120/1790/1770 1159/1791/1771
f 1159/1791/1771 1120/1790/1770 1160/1792/1772
f 1160/1792/1772 1120/1790/1770 1162/1793/1773
f 1158/1794/1774 1210/1795/1775 1133/1796/1776
f 1133/1796/1776 1210/1795/1775 1211/1797/1777
f 1133/1796/1776 1211/1797/1777 1134/1798/1778
f 1134/1798/1778 1211/1797/1777 1212/1799/1779
f 1134/1798/1778 1212/1799/1779 1220/1800/1780
f 1220/1800/1780 1212/1799/1779 1213/1801/1781
f 1220/1800/1780 1213/1801/1781 1219/1802/1782
f 1219/1802/1782 1213/1801/1781 1214/1803/1783
f 1219/1802/1782 1214/1803/1783 1218/1804/1784
f 1218/1804/1784 1214/1803/1783 1215/1805/1785
f 1218/1804/1784 1215/1805/1785 1217/1806/1786
f 1217/1806/1786 1215/1805/1785 1204/1807/1787
f 1217/1806/1786 1204/1807/1787 1216/1808/1788
f 1216/1808/1788 1204/1807/1787 1180/1809/1789
f 1216/1808/1788 1180/1809/1789 1277/1810/1790
f 1277/1810/1790 1180/1809/1789 1181/1811/1791
f 1277/1810/1790 1181/1811/1791 1201/1812/1792
f 1201/1812/1792 1181/1811/1791 1182/1813/1793
f 1201/1812/1792 1182/1813/1793 1271/1814/1794
f 1271/1814/1794 1182/1813/1793 1268/1815/1795
f 1271/1814/1794 1268/1815/1795 1267/1816/1796
f 1267/1816/1796 1268/1815/1795 1264/1817/1797
f 1267/1816/1796 1264/1817/1797 1263/1818/1798
f 1263/1818/1798 1264/1817/1797 1252/1819/1799
f 1263/1818/1798 1252/1819/1799 1253/1820/1800
f 1253/1820/1800 1252/1819/1799 1298/1821/1801
f 1253/1820/1800 1298/1821/1801 1299/1822/1802
f 1299/1822/1802 1298/1821/1801 1308/1823/1803
f 1299/1822/1802 1308/1823/1803 1309/1824/1804
f 1309/1824/1804 1308/1823/1803 1190/1825/1805
f 1309/1824/1804 1190/1825/1805 1191/1826/1806
f 1157/1827/1807 1221/1828/1808 1158/1794/1774
f 1158/1794/1774 1221/1828/1808 1209/1829/1809
f 1158/1794/1774 1209/1829/1809 1210/1795/1775
f 1210/1795/1775 1209/1829/1809 1282/1830/1810
f 1210/1795/1775 1282/1830/1810 1283/1831/1811
f 1283/1831/1811 1282/1830/1810 1292/1832/1812
f 1283/1831/1811 1292/1832/1812 1293/1833/1813
f 1293/1833/1813 1292/1832/1812 1173/1834/1814
f 1293/1833/1813 1173/1834/1814 1174/1835/1815
f 1157/1827/1807 1156/1836/1816 1221/1828/1808
f 1221/1828/1808 1156/1836/1816 1222/1837/1817
f 1221/1828/1808 1222/1837/1817 1209/1829/1809
f 1209/1829/1809 1222/1837/1817 1208/1838/1818
f 1209/1829/1809 1208/1838/1818 1281/1839/1819
f 1281/1839/1819 1208/1838/1818 1280/1840/1820
f 1281/1839/1819 1280/1840/1820 1290/1841/1821
f 1290/1841/1821 1280/1840/1820 1289/1842/1822
f 1290/1841/1821 1289/1842/1822 1170/1843/1823
f 1170/1843/1823 1289/1842/1822 1169/1844/1824
f 1169/1844/1824 1289/1842/1822 1288/1845/1825
f 1169/1844/1824 1288/1845/1825 1168/1846/1826
f 1168/1846/1826 1288/1845/1825 1279/1847/1827
f 1168/1846/1826 1279/1847/1827 1278/1848/1828
f 1278/1848/1828 1279/1847/1827 1206/1849/1829
f 1278/1848/1828 1206/1849/1829 1166/1850/1830
f 1166/1850/1830 1206/1849/1829 1205/1851/1831
f 1166/1850/1830 1205/1851/1831 1165/1852/1832
f 1165/1852/1832 1205/1851/1831 1225/1853/1833
f 1165/1852/1832 1225/1853/1833 1164/1854/1834
f 1164/1854/1834 1225/1853/1833 1229/1855/1835
f 1164/1854/1834 1229/1855/1835 1203/1856/1836
f 1203/1856/1836 1229/1855/1835 1228/1857/1837
f 1203/1856/1836 1228/1857/1837 1231/1858/1838
f 1231/1858/1838 1228/1857/1837 1227/1859/1839
f 1231/1858/1838 1227/1859/1839 1230/1860/1840
f 1230/1860/1840 1227/1859/1839 1154/1861/1841
f 1230/1860/1840 1154/1861/1841 1153/1862/1842
f 1156/1836/1816 1155/1863/1843 1222/1837/1817
f 1222/1837/1817 1155/1863/1843 1226/1864/1844
f 1222/1837/1817 1226/1864/1844 1227/1859/1839
f 1227/1859/1839 1226/1864/1844 1154/1861/1841
f 1155/1863/1843 1154/1861/1841 1226/1864/1844
f 1230/1860/1840 1153/1862/1842 1232/1865/1845
f 1232/1865/1845 1153/1862/1842 1152/1866/1846
f 1232/1865/1845 1152/1866/1846 1151/1867/1847
f 1150/1868/1848 1234/1869/1849 1151/1867/1847
f 1151/1867/1847 1234/1869/1849 1235/1870/1850
f 1151/1867/1847 1235/1870/1850 1232/1865/1845
f 1232/1865/1845 1235/1870/1850 1236/1871/1851
f 1232/1865/1845 1236/1871/1851 1233/1872/1852
f 1233/1872/1852 1236/1871/1851 1237/1873/1853
f 1233/1872/1852 1237/1873/1853 1202/1874/1854
f 1202/1874/1854 1237/1873/1853 1199/1875/1855
f 1202/1874/1854 1199/1875/1855 1163/1876/1856
f 1234/1869/1849 1150/1868/1848 1239/1877/1857
f 1239/1877/1857 1150/1868/1848 1149/1878/1858
f 1239/1877/1857 1149/1878/1858 1238/1879/1859
f 1238/1879/1859 1149/1878/1858 1148/1880/1860
f 1238/1879/1859 1148/1880/1860 1244/1881/1861
f 1244/1881/1861 1148/1880/1860 1147/1882/1862
f 1244/1881/1861 1147/1882/1862 1245/1883/1863
f 1245/1883/1863 1147/1882/1862 1243/1884/1864
f 1245/1883/1863 1243/1884/1864 1146/1885/1865
f 1146/1885/1865 1243/1884/1864 1147/1882/1862
f 1245/1883/1863 1146/1885/1865 1255/1886/1866
f 1255/1886/1866 1146/1885/1865 1145/1887/1867
f 1255/1886/1866 1145/1887/1867 1254/1888/1868
f 1254/1888/1868 1145/1887/1867 1144/1889/1869
f 1254/1888/1868 1144/1889/1869 1261/1890/1870
f 1261/1890/1870 1144/1889/1869 1143/1891/1871
f 1261/1890/1870 1143/1891/1871 1262/1892/1872
f 1262/1892/1872 1143/1891/1871 1142/1893/1873
f 1262/1892/1872 1142/1893/1873 1265/1894/1874
f 1265/1894/1874 1142/1893/1873 1141/1895/1875
f 1265/1894/1874 1141/1895/1875 1266/1896/1876
f 1266/1896/1876 1141/1895/1875 1269/1897/1877
f 1266/1896/1876 1269/1897/1877 1270/1898/1878
f 1270/1898/1878 1269/1897/1877 1273/1899/1879
f 1270/1898/1878 1273/1899/1879 1201/1812/1792
f 1201/1812/1792 1273/1899/1879 1277/1810/1790
f 1141/1895/1875 1140/1900/1880 1269/1897/1877
f 1269/1897/1877 1140/1900/1880 1139/1901/1881
f 1269/1897/1877 1139/1901/1881 1272/1902/1882
f 1272/1902/1882 1139/1901/1881 1138/1903/1883
f 1272/1902/1882 1138/1903/1883 1275/1904/1884
f 1275/1904/1884 1138/1903/1883 1274/1905/1885
f 1275/1904/1884 1274/1905/1885 1218/1804/1784
f 1218/1804/1784 1274/1905/1885 1219/1802/1782
f 1138/1903/1883 1137/1906/1886 1274/1905/1885
f 1274/1905/1885 1137/1906/1886 1219/1802/1782
f 1137/1906/1886 1136/1907/1887 1219/1802/1782
f 1219/1802/1782 1136/1907/1887 1220/1800/1780
f 1136/1907/1887 1135/1908/1888 1220/1800/1780
f 1220/1800/1780 1135/1908/1888 1134/1798/1778
f 1202/1874/1854 1163/1876/1856 1203/1856/1836
f 1203/1856/1836 1163/1876/1856 1164/1854/1834
f 1166/1850/1830 1167/1909/1889 1278/1848/1828
f 1278/1848/1828 1167/1909/1889 1168/1846/1826
f 1170/1843/1823 1171/1910/1890 1290/1841/1821
f 1290/1841/1821 1171/1910/1890 1291/1911/1891
f 1290/1841/1821 1291/1911/1891 1281/1839/1819
f 1281/1839/1819 1291/1911/1891 1282/1830/1810
f 1281/1839/1819 1282/1830/1810 1209/1829/1809
f 1171/1910/1890 1172/1912/1892 1291/1911/1891
f 1291/1911/1891 1172/1912/1892 1292/1832/1812
f 1291/1911/1891 1292/1832/1812 1282/1830/1810
f 1172/1912/1892 1173/1834/1814 1292/1832/1812
f 1174/1835/1815 1175/1913/1893 1293/1833/1813
f 1293/1833/1813 1175/1913/1893 1294/1914/1894
f 1293/1833/1813 1294/1914/1894 1284/1915/1895
f 1284/1915/1895 1294/1914/1894 1285/1916/1896
f 1284/1915/1895 1285/1916/1896 1212/1799/1779
f 1212/1799/1779 1285/1916/1896 1213/1801/1781
f 1175/1913/1893 1176/1917/1897 1294/1914/1894
f 1294/1914/1894 1176/1917/1897 1295/1918/1898
f 1294/1914/1894 1295/1918/1898 1285/1916/1896
f 1285/1916/1896 1295/1918/1898 1286/1919/1899
f 1285/1916/1896 1286/1919/1899 1213/1801/1781
f 1213/1801/1781 1286/1919/1899 1214/1803/1783
f 1176/1917/1897 1177/1920/1900 1295/1918/1898
f 1295/1918/1898 1177/1920/1900 1286/1919/1899
f 1286/1919/1899 1177/1920/1900 1287/1921/1901
f 1287/1921/1901 1177/1920/1900 1178/1922/1902
f 1287/1921/1901 1178/1922/1902 1179/1923/1903
f 1180/1809/1789 1204/1807/1787 1179/1923/1903
f 1179/1923/1903 1204/1807/1787 1215/1805/1785
f 1179/1923/1903 1215/1805/1785 1287/1921/1901
f 1287/1921/1901 1215/1805/1785 1214/1803/1783
f 1287/1921/1901 1214/1803/1783 1286/1919/1899
f 1182/1813/1793 1183/1924/1904 1268/1815/1795
f 1268/1815/1795 1183/1924/1904 1200/1925/1905
f 1268/1815/1795 1200/1925/1905 1264/1817/1797
f 1264/1817/1797 1200/1925/1905 1251/1926/1906
f 1264/1817/1797 1251/1926/1906 1252/1819/1799
f 1252/1819/1799 1251/1926/1906 1297/1927/1907
f 1252/1819/1799 1297/1927/1907 1298/1821/1801
f 1298/1821/1801 1297/1927/1907 1307/1928/1908
f 1298/1821/1801 1307/1928/1908 1308/1823/1803
f 1308/1823/1803 1307/1928/1908 1189/1929/1909
f 1308/1823/1803 1189/1929/1909 1190/1825/1805
f 1183/1924/1904 1184/1930/1910 1200/1925/1905
f 1200/1925/1905 1184/1930/1910 1250/1931/1911
f 1200/1925/1905 1250/1931/1911 1251/1926/1906
f 1251/1926/1906 1250/1931/1911 1296/1932/1912
f 1251/1926/1906 1296/1932/1912 1297/1927/1907
f 1297/1927/1907 1296/1932/1912 1186/1933/1913
f 1297/1927/1907 1186/1933/1913 1306/1934/1914
f 1306/1934/1914 1186/1933/1913 1187/1935/1915
f 1306/1934/1914 1187/1935/1915 1307/1928/1908
f 1307/1928/1908 1187/1935/1915 1188/1936/1916
f 1307/1928/1908 1188/1936/1916 1189/1929/1909
f 1184/1930/1910 1185/1937/1917 1250/1931/1911
f 1250/1931/1911 1185/1937/1917 1296/1932/1912
f 1185/1937/1917 1186/1933/1913 1296/1932/1912
f 1309/1824/1804 1191/1826/1806 1310/1938/1918
f 1310/1938/1918 1191/1826/1806 1192/1939/1919
f 1310/1938/1918 1192/1939/1919 1311/1940/1920
f 1311/1940/1920 1192/1939/1919 1193/1941/1921
f 1311/1940/1920 1193/1941/1921 1312/1942/1922
f 1312/1942/1922 1193/1941/1921 1194/1943/1923
f 1312/1942/1922 1194/1943/1923 1313/1944/1924
f 1313/1944/1924 1194/1943/1923 1195/1945/1925
f 1313/1944/1924 1195/1945/1925 1304/1946/1926
f 1304/1946/1926 1195/1945/1925 1196/1947/1927
f 1304/1946/1926 1196/1947/1927 1305/1948/1928
f 1305/1948/1928 1196/1947/1927 1197/1949/1929
f 1305/1948/1928 1197/1949/1929 1259/1950/1930
f 1259/1950/1930 1197/1949/1929 1260/1951/1931
f 1259/1950/1930 1260/1951/1931 1249/1952/1932
f 1249/1952/1932 1260/1951/1931 1198/1953/1933
f 1249/1952/1932 1198/1953/1933 1242/1954/1934
f 1242/1954/1934 1198/1953/1933 1199/1875/1855
f 1242/1954/1934 1199/1875/1855 1237/1873/1853
f 1197/1949/1929 1198/1953/1933 1260/1951/1931
f 1270/1898/1878 1201/1812/1792 1271/1814/1794
f 1205/1851/1831 1206/1849/1829 1225/1853/1833
f 1225/1853/1833 1206/1849/1829 1224/1955/1935
f 1225/1853/1833 1224/1955/1935 1229/1855/1835
f 1229/1855/1835 1224/1955/1935 1228/1857/1837
f 1206/1849/1829 1207/1956/1936 1224/1955/1935
f 1224/1955/1935 1207/1956/1936 1223/1957/1937
f 1224/1955/1935 1223/1957/1937 1228/1857/1837
f 1228/1857/1837 1223/1957/1937 1227/1859/1839
f 1207/1956/1936 1208/1838/1818 1223/1957/1937
f 1223/1957/1937 1208/1838/1818 1222/1837/1817
f 1223/1957/1937 1222/1837/1817 1227/1859/1839
f 1206/1849/1829 1279/1847/1827 1207/1956/1936
f 1207/1956/1936 1279/1847/1827 1280/1840/1820
f 1207/1956/1936 1280/1840/1820 1208/1838/1818
f 1284/1915/1895 1212/1799/1779 1211/1797/1777
f 1284/1915/1895 1211/1797/1777 1283/1831/1811
f 1283/1831/1811 1211/1797/1777 1210/1795/1775
f 1275/1904/1884 1218/1804/1784 1217/1806/1786
f 1217/1806/1786 1216/1808/1788 1276/1958/1938
f 1276/1958/1938 1216/1808/1788 1277/1810/1790
f 1276/1958/1938 1277/1810/1790 1273/1899/1879
f 1202/1874/1854 1203/1856/1836 1231/1858/1838
f 1232/1865/1845 1233/1872/1852 1230/1860/1840
f 1230/1860/1840 1233/1872/1852 1231/1858/1838
f 1233/1872/1852 1202/1874/1854 1231/1858/1838
f 1235/1870/1850 1234/1869/1849 1240/1959/1939
f 1240/1959/1939 1234/1869/1849 1239/1877/1857
f 1240/1959/1939 1239/1877/1857 1246/1960/1940
f 1246/1960/1940 1239/1877/1857 1244/1881/1861
f 1246/1960/1940 1244/1881/1861 1256/1961/1941
f 1256/1961/1941 1244/1881/1861 1245/1883/1863
f 1256/1961/1941 1245/1883/1863 1302/1962/1942
f 1302/1962/1942 1245/1883/1863 1301/1963/1943
f 1302/1962/1942 1301/1963/1943 1311/1940/1920
f 1311/1940/1920 1301/1963/1943 1310/1938/1918
f 1242/1954/1934 1237/1873/1853 1236/1871/1851
f 1236/1871/1851 1235/1870/1850 1241/1964/1944
f 1241/1964/1944 1235/1870/1850 1240/1959/1939
f 1241/1964/1944 1240/1959/1939 1247/1965/1945
f 1247/1965/1945 1240/1959/1939 1246/1960/1940
f 1247/1965/1945 1246/1960/1940 1257/1966/1946
f 1257/1966/1946 1246/1960/1940 1256/1961/1941
f 1257/1966/1946 1256/1961/1941 1303/1967/1947
f 1303/1967/1947 1256/1961/1941 1302/1962/1942
f 1303/1967/1947 1302/1962/1942 1312/1942/1922
f 1312/1942/1922 1302/1962/1942 1311/1940/1920
f 1244/1881/1861 1239/1877/1857 1238/1879/1859
f 1236/1871/1851 1241/1964/1944 1242/1954/1934
f 1242/1954/1934 1241/1964/1944 1248/1968/1948
f 1242/1954/1934 1248/1968/1948 1249/1952/1932
f 1249/1952/1932 1248/1968/1948 1259/1950/1930
f 1248/1968/1948 1241/1964/1944 1247/1965/1945
f 1248/1968/1948 1247/1965/1945 1258/1969/1949
f 1258/1969/1949 1247/1965/1945 1257/1966/1946
f 1258/1969/1949 1257/1966/1946 1304/1946/1926
f 1304/1946/1926 1257/1966/1946 1303/1967/1947
f 1304/1946/1926 1303/1967/1947 1313/1944/1924
f 1313/1944/1924 1303/1967/1947 1312/1942/1922
f 1261/1890/1870 1262/1892/1872 1254/1888/1868
f 1254/1888/1868 1262/1892/1872 1253/1820/1800
f 1254/1888/1868 1253/1820/1800 1299/1822/1802
f 1301/1963/1943 1245/1883/1863 1255/1886/1866
f 1255/1886/1866 1254/1888/1868 1300/1970/1950
f 1300/1970/1950 1254/1888/1868 1299/1822/1802
f 1300/1970/1950 1299/1822/1802 1309/1824/1804
f 1305/1948/1928 1259/1950/1930 1258/1969/1949
f 1258/1969/1949 1259/1950/1930 1248/1968/1948
f 1305/1948/1928 1258/1969/1949 1304/1946/1926
f 1253/1820/1800 1262/1892/1872 1263/1818/1798
f 1263/1818/1798 1262/1892/1872 1266/1896/1876
f 1263/1818/1798 1266/1896/1876 1267/1816/1796
f 1267/1816/1796 1266/1896/1876 1270/1898/1878
f 1267/1816/1796 1270/1898/1878 1271/1814/1794
f 1265/1894/1874 1266/1896/1876 1262/1892/1872
f 1276/1958/1938 1273/1899/1879 1272/1902/1882
f 1272/1902/1882 1273/1899/1879 1269/1897/1877
f 1217/1806/1786 1276/1958/1938 1275/1904/1884
f 1275/1904/1884 1276/1958/1938 1272/1902/1882
f 1289/1842/1822 1280/1840/1820 1279/1847/1827
f 1288/1845/1825 1289/1842/1822 1279/1847/1827
f 1293/1833/1813 1284/1915/1895 1283/1831/1811
f 1306/1934/1914 1307/1928/1908 1297/1927/1907
f 1310/1938/1918 1301/1963/1943 1300/1970/1950
f 1300/1970/1950 1301/1963/1943 1255/1886/1866
f 1310/1938/1918 1300/1970/1950 1309/1824/1804
f 1124/1971/1758 1123/1972/1951 1161/1973/1952
f 1161/1973/1952 1123/1972/1951 1122/1974/1953
f 1161/1973/1952 1122/1974/1953 1121/1975/1954
f 1121/1975/1954 1120/1976/1955 1161/1973/1952
f 1120/1976/1955 1119/1977/1956 1162/1978/1957
f 1162/1978/1957 1119/1977/1956 1118/1979/1958
f 1162/1978/1957 1118/1979/1958 1117/1980/1959
f 1117/1980/1959 1116/1981/1749 1162/1978/1957
f 1199/1982/1960 1350/1983/1961 1163/1984/1962
f 1163/1984/1962 1350/1983/1961 1314/1985/1963
f 1163/1984/1962 1314/1985/1963 1164/1986/1964
f 1164/1986/1964 1314/1985/1963 1315/1987/1965
f 1164/1986/1964 1315/1987/1965 1316/1988/1966
f 1199/1982/1960 1198/1989/1967 1350/1983/1961
f 1350/1983/1961 1198/1989/1967 1349/1990/1968
f 1349/1990/1968 1198/1989/1967 1197/1991/1969
f 1349/1990/1968 1197/1991/1969 1348/1992/1970
f 1348/1992/1970 1197/1991/1969 1196/1993/1971
f 1348/1992/1970 1196/1993/1971 1347/1994/1972
f 1347/1994/1972 1196/1993/1971 1195/1995/1973
f 1347/1994/1972 1195/1995/1973 1346/1996/1974
f 1346/1996/1974 1195/1995/1973 1194/1997/1975
f 1346/1996/1974 1194/1997/1975 1345/1998/1976
f 1345/1998/1976 1194/1997/1975 1193/1999/1977
f 1345/1998/1976 1193/1999/1977 1344/2000/1978
f 1344/2000/1978 1193/1999/1977 1192/2001/1979
f 1344/2000/1978 1192/2001/1979 1343/2002/1980
f 1343/2002/1980 1192/2001/1979 1191/2003/1981
f 1343/2002/1980 1191/2003/1981 1342/2004/1982
f 1342/2004/1982 1191/2003/1981 1190/2005/1983
f 1342/2004/1982 1190/2005/1983 1341/2006/1984
f 1341/2006/1984 1190/2005/1983 1189/2007/1985
f 1341/2006/1984 1189/2007/1985 1340/2008/1986
f 1340/2008/1986 1189/2007/1985 1188/2009/1987
f 1340/2008/1986 1188/2009/1987 1339/2010/1988
f 1339/2010/1988 1188/2009/1987 1187/2011/1989
f 1339/2010/1988 1187/2011/1989 1338/2012/1990
f 1338/2012/1990 1187/2011/1989 1186/2013/1991
f 1338/2012/1990 1186/2013/1991 1337/2014/1992
f 1337/2014/1992 1186/2013/1991 1185/2015/1993
f 1337/2014/1992 1185/2015/1993 1336/2016/1994
f 1336/2016/1994 1185/2015/1993 1184/2017/1995
f 1336/2016/1994 1184/2017/1995 1335/2018/1996
f 1335/2018/1996 1184/2017/1995 1183/2019/1997
f 1335/2018/1996 1183/2019/1997 1334/2020/1998
f 1334/2020/1998 1183/2019/1997 1182/2021/1999
f 1334/2020/1998 1182/2021/1999 1333/2022/2000
f 1333/2022/2000 1182/2021/1999 1181/2023/2001
f 1333/2022/2000 1181/2023/2001 1332/2024/2002
f 1332/2025/2002 1181/2026/2001 1180/2027/2003
f 1332/2025/2002 1180/2027/2003 1331/2028/2004
f 1331/2028/2004 1180/2027/2003 1179/2029/2005
f 1331/2028/2004 1179/2029/2005 1330/2030/2006
f 1330/2030/2006 1179/2029/2005 1178/2031/2007
f 1330/2030/2006 1178/2031/2007 1329/2032/2008
f 1329/2032/2008 1178/2031/2007 1177/2033/2009
f 1329/2032/2008 1177/2033/2009 1328/2034/2010
f 1328/2034/2010 1177/2033/2009 1176/2035/2011
f 1328/2034/2010 1176/2035/2011 1327/2036/2012
f 1327/2036/2012 1176/2035/2011 1175/2037/2013
f 1327/2036/2012 1175/2037/2013 1326/2038/2014
f 1326/2038/2014 1175/2037/2013 1174/2039/2015
f 1326/2038/2014 1174/2039/2015 1325/2040/2016
f 1325/2040/2016 1174/2039/2015 1173/2041/2017
f 1325/2040/2016 1173/2041/2017 1324/2042/2018
f 1324/2042/2018 1173/2041/2017 1172/2043/2019
f 1324/2042/2018 1172/2043/2019 1323/2044/2020
f 1323/2044/2020 1172/2043/2019 1171/2045/2021
f 1323/2044/2020 1171/2045/2021 1322/2046/2022
f 1322/2046/2022 1171/2045/2021 1170/2047/2023
f 1322/2046/2022 1170/2047/2023 1321/2048/2024
f 1321/2048/2024 1170/2047/2023 1169/2049/2025
f 1321/2048/2024 1169/2049/2025 1320/2050/2026
f 1320/2050/2026 1169/2049/2025 1168/2051/2027
f 1320/2050/2026 1168/2051/2027 1319/2052/2028
f 1319/2052/2028 1168/2051/2027 1167/2053/2029
f 1319/2052/2028 1167/2053/2029 1318/2054/2030
f 1318/2054/2030 1167/2053/2029 1166/2055/2031
f 1318/2054/2030 1166/2055/2031 1317/2056/2032
f 1317/2056/2032 1166/2055/2031 1165/2057/2033
f 1317/2056/2032 1165/2057/2033 1316/1988/1966
f 1316/1988/1966 1165/2057/2033 1164/1986/1964
f 1350/2058/2034 836/2059/2035 1314/2060/2036
f 1314/2060/2036 836/2059/2035 835/2061/2037
f 1314/2060/2036 835/2061/2037 1315/2062/2038
f 1315/2062/2038 835/2061/2037 834/2063/2039
f 1315/2062/2038 834/2063/2039 1316/2064/2040
f 1316/2064/2040 834/2063/2039 1317/2065/2041
f 1317/2065/2041 834/2063/2039 1351/2066/2042
f 1317/2065/2041 1351/2066/2042 1318/2067/2043
f 1318/2067/2043 1351/2066/2042 1352/2068/2044
f 1318/2067/2043 1352/2068/2044 1319/2069/2045
f 1319/2069/2045 1352/2068/2044 1353/2070/2046
f 1319/2069/2045 1353/2070/2046 1320/2071/2047
f 1320/2071/2047 1353/2070/2046 1354/2072/2048
f 1320/2071/2047 1354/2072/2048 1321/2073/2049
f 1321/2073/2049 1354/2072/2048 12/2074/2050
f 1321/2073/2049 12/2074/2050 1322/2075/2051
f 1322/2075/2051 12/2074/2050 1323/2076/2052
f 1323/2076/2052 12/2074/2050 11/2077/2053
f 1323/2076/2052 11/2077/2053 1324/2078/2054
f 1324/2078/2054 11/2077/2053 10/2079/2055
f 1324/2078/2054 10/2079/2055 1325/2080/2056
f 1325/2080/2056 10/2079/2055 9/2081/2057
f 1325/2080/2056 9/2081/2057 1326/2082/2058
f 1326/2082/2058 9/2081/2057 1327/2083/2059
f 1327/2083/2059 9/2081/2057 8/2084/2060
f 1327/2083/2059 8/2084/2060 1328/2085/2061
f 1328/2085/2061 8/2084/2060 7/2086/2062
f 1328/2085/2061 7/2086/2062 1329/2087/2063
f 1329/2087/2063 7/2086/2062 6/2088/2064
f 1329/2087/2063 6/2088/2064 1330/2089/2065
f 1330/2089/2065 6/2088/2064 5/2090/2066
f 1330/2089/2065 5/2090/2066 1331/2091/2067
f 1331/2091/2067 5/2090/2066 4/2092/2068
f 1331/2091/2067 4/2092/2068 1332/2093/2069
f 1332/2093/2069 4/2092/2068 3/2094/2070
f 1332/2093/2069 3/2094/2070 1333/2095/2071
f 1333/2095/2071 3/2094/2070 2/2096/2072
f 1333/2095/2071 2/2096/2072 1/2097/2073
f 1350/2058/2034 1349/2098/2074 836/2059/2035
f 836/2059/2035 1349/2098/2074 837/2099/2075
f 837/2099/2075 1349/2098/2074 1348/2100/2076
f 837/2099/2075 1348/2100/2076 838/2101/2077
f 838/2101/2077 1348/2100/2076 1347/2102/2078
f 838/2101/2077 1347/2102/2078 839/2103/2079
f 839/2103/2079 1347/2102/2078 1346/2104/2080
f 839/2103/2079 1346/2104/2080 1345/2105/2081
f 1344/2106/2082 841/2107/2083 1345/2105/2081
f 1345/2105/2081 841/2107/2083 840/2108/2084
f 1345/2105/2081 840/2108/2084 839/2103/2079
f 841/2107/2083 1344/2106/2082 842/2109/2085
f 842/2109/2085 1344/2106/2082 1343/2110/2086
f 842/2109/2085 1343/2110/2086 843/2111/2087
f 843/2111/2087 1343/2110/2086 1342/2112/2088
f 843/2111/2087 1342/2112/2088 844/2113/2089
f 844/2113/2089 1342/2112/2088 1341/2114/2090
f 844/2113/2089 1341/2114/2090 573/2115/2091
f 573/2115/2091 1341/2114/2090 574/2116/2092
f 574/2116/2092 1341/2114/2090 1340/2117/2093
f 574/2116/2092 1340/2117/2093 1339/2118/2094
f 574/2116/2092 1339/2118/2094 575/2119/2095
f 575/2119/2095 1339/2118/2094 1338/2120/2096
f 575/2119/2095 1338/2120/2096 576/2121/2097
f 576/2121/2097 1338/2120/2096 1337/2122/2098
f 576/2121/2097 1337/2122/2098 577/2123/2099
f 577/2123/2099 1337/2122/2098 1336/2124/2100
f 577/2123/2099 1336/2124/2100 1335/2125/2101
f 577/2123/2099 1335/2125/2101 578/2126/2102
f 578/2126/2102 1335/2125/2101 1334/2127/2103
f 578/2126/2102 1334/2127/2103 1/2097/2073
f 1/2097/2073 1334/2127/2103 1333/2095/2071
f 267/2128/2104 850/2129/2105 268/2130/2106
f 268/2130/2106 850/2129/2105 849/2131/2107
f 268/2130/2106 849/2131/2107 1358/2132/2108
f 1358/2132/2108 849/2131/2107 848/2133/2109
f 1358/2132/2108 848/2133/2109 1357/2134/2110
f 1357/2134/2110 848/2133/2109 847/2135/2111
f 1357/2134/2110 847/2135/2111 1356/2136/2112
f 1356/2136/2112 847/2135/2111 846/2137/2113
f 1356/2136/2112 846/2137/2113 1355/2138/2114
f 1355/2138/2114 846/2137/2113 845/2139/2115
f 1355/2138/2114 845/2139/2115 556/2140/2116
f 850/2129/2105 267/2128/2104 851/2141/2117
f 851/2141/2117 267/2128/2104 266/2142/2118
f 851/2141/2117 266/2142/2118 852/2143/2119
f 852/2143/2119 266/2142/2118 265/2144/2120
f 852/2143/2119 265/2144/2120 853/2145/2121
f 853/2145/2121 265/2144/2120 264/2146/2122
f 853/2145/2121 264/2146/2122 854/2147/2123
f 854/2147/2123 264/2146/2122 263/2148/2124
f 854/2147/2123 263/2148/2124 855/2149/2125
f 855/2149/2125 263/2148/2124 262/2150/2126
f 855/2151/2125 262/2152/2126 856/2153/2127
f 856/2153/2127 262/2152/2126 261/2154/2128
f 856/2153/2127 261/2154/2128 857/2155/2129
f 857/2155/2129 261/2154/2128 260/2156/2130
f 857/2155/2129 260/2156/2130 858/2157/2131
f 858/2157/2131 260/2156/2130 259/2158/2132
f 858/2157/2131 259/2158/2132 859/2159/2133
f 859/2159/2133 259/2158/2132 258/2160/2134
f 859/2159/2133 258/2160/2134 860/2161/2135
f 860/2161/2135 258/2160/2134 257/2162/2136
f 860/2161/2135 257/2162/2136 861/2163/2137
f 861/2163/2137 257/2162/2136 256/2164/2138
f 861/2163/2137 256/2164/2138 862/2165/2139
f 862/2165/2139 256/2164/2138 255/2166/2140
f 862/2165/2139 255/2166/2140 863/2167/2141
f 863/2167/2141 255/2166/2140 254/2168/2142
f 863/2167/2141 254/2168/2142 864/2169/2143
f 864/2169/2143 254/2168/2142 253/2170/2144
f 864/2169/2143 253/2170/2144 865/2171/2145
f 865/2171/2145 253/2170/2144 252/2172/2146
f 865/2171/2145 252/2172/2146 866/2173/2147
f 866/2173/2147 252/2172/2146 251/2174/2148
f 866/2173/2147 251/2174/2148 867/2175/2149
f 867/2175/2149 251/2174/2148 250/2176/2150
f 867/2175/2149 250/2176/2150 868/2177/2151
f 868/2177/2151 250/2176/2150 249/2178/2152
f 868/2177/2151 249/2178/2152 869/2179/2153
f 869/2179/2153 249/2178/2152 248/2180/2154
f 869/2179/2153 248/2180/2154 870/2181/2155
f 870/2181/2155 248/2180/2154 247/2182/2156
f 870/2181/2155 247/2182/2156 871/2183/2157
f 871/2183/2157 247/2182/2156 246/2184/2158
f 871/2183/2157 246/2184/2158 872/2185/2159
f 872/2185/2159 246/2184/2158 245/2186/2160
f 872/2185/2159 245/2186/2160 873/2187/2161
f 873/2187/2161 245/2186/2160 244/2188/2162
f 873/2187/2161 244/2188/2162 874/2189/2163
f 874/2189/2163 244/2188/2162 243/2190/2164
f 874/2189/2163 243/2190/2164 875/2191/2165
f 875/2191/2165 243/2190/2164 242/2192/2166
f 875/2191/2165 242/2192/2166 876/2193/2167
f 876/2193/2167 242/2192/2166 241/2194/2168
f 876/2193/2167 241/2194/2168 877/2195/2169
f 877/2195/2169 241/2194/2168 240/2196/2170
f 877/2195/2169 240/2196/2170 878/2197/2171
f 878/2197/2171 240/2196/2170 239/2198/2172
f 878/2197/2171 239/2198/2172 879/2199/2173
f 879/2199/2173 239/2198/2172 238/2200/2174
f 879/2199/2173 238/2200/2174 880/2201/2175
f 880/2201/2175 238/2200/2174 237/2202/2176
f 880/2201/2175 237/2202/2176 881/2203/2177
f 881/2203/2177 237/2202/2176 236/2204/2178
f 881/2203/2177 236/2204/2178 882/2205/2179
f 882/2205/2179 236/2204/2178 235/2206/2180
f 882/2205/2179 235/2206/2180 883/2207/2181
f 883/2207/2181 235/2206/2180 234/2208/2182
f 883/2207/2181 234/2208/2182 884/2209/2183
f 884/2209/2183 234/2208/2182 233/2210/2184
f 884/2209/2183 233/2210/2184 885/2211/2185
f 885/2211/2185 233/2210/2184 232/2212/2186
f 885/2211/2185 232/2212/2186 886/2213/2187
f 886/2213/2187 232/2212/2186 231/2214/2188
f 886/2213/2187 231/2214/2188 887/2215/2189
f 887/2215/2189 231/2214/2188 230/2216/2190
f 887/2215/2189 230/2216/2190 888/2217/2191
f 888/2217/2191 230/2216/2190 229/2218/2192
f 888/2219/2191 229/2220/2192 889/2221/2193
f 889/2221/2193 229/2220/2192 228/2222/2194
f 889/2221/2193 228/2222/2194 890/2223/2195
f 890/2223/2195 228/2222/2194 227/2224/2196
f 890/2223/2195 227/2224/2196 891/2225/2197
f 891/2225/2197 227/2224/2196 226/2226/2198
f 891/2225/2197 226/2226/2198 892/2227/2199
f 892/2227/2199 226/2226/2198 225/2228/2200
f 892/2227/2199 225/2228/2200 893/2229/2201
f 893/2229/2201 225/2228/2200 224/2230/2202
f 893/2229/2201 224/2230/2202 894/2231/2203
f 894/2231/2203 224/2230/2202 223/2232/2204
f 894/2231/2203 223/2232/2204 895/2233/2205
f 895/2233/2205 223/2232/2204 222/2234/2206
f 895/2233/2205 222/2234/2206 896/2235/2207
f 896/2235/2207 222/2234/2206 221/2236/2208
f 896/2235/2207 221/2236/2208 897/2237/2209
f 897/2237/2209 221/2236/2208 220/2238/2210
f 897/2237/2209 220/2238/2210 898/2239/2211
f 898/2239/2211 220/2238/2210 219/2240/2212
f 898/2239/2211 219/2240/2212 899/2241/2213
f 899/2241/2213 219/2240/2212 218/2242/2214
f 899/2241/2213 218/2242/2214 900/2243/2215
f 900/2243/2215 218/2242/2214 217/2244/2216
f 900/2243/2215 217/2244/2216 901/2245/2217
f 901/2245/2217 217/2244/2216 216/2246/2218
f 901/2245/2217 216/2246/2218 902/2247/2219
f 902/2247/2219 216/2246/2218 215/2248/2220
f 902/2247/2219 215/2248/2220 903/2249/2221
f 903/2249/2221 215/2248/2220 214/2250/2222
f 903/2249/2221 214/2250/2222 904/2251/2223
f 904/2251/2223 214/2250/2222 213/2252/2224
f 904/2251/2223 213/2252/2224 905/2253/2225
f 905/2253/2225 213/2252/2224 212/2254/2226
f 905/2253/2225 212/2254/2226 906/2255/2227
f 906/2255/2227 212/2254/2226 211/2256/2228
f 906/2255/2227 211/2256/2228 907/2257/2229
f 907/2257/2229 211/2256/2228 210/2258/2230
f 907/2257/2229 210/2258/2230 908/2259/2231
f 908/2259/2231 210/2258/2230 209/2260/2232
f 908/2259/2231 209/2260/2232 909/2261/2233
f 909/2261/2233 209/2260/2232 208/2262/2234
f 909/2261/2233 208/2262/2234 910/2263/2235
f 910/2263/2235 208/2262/2234 207/2264/2236
f 910/2263/2235 207/2264/2236 911/2265/2237
f 911/2265/2237 207/2264/2236 206/2266/2238
f 911/2265/2237 206/2266/2238 912/2267/2239
f 912/2267/2239 206/2266/2238 205/2268/2240
f 912/2267/2239 205/2268/2240 913/2269/2241
f 913/2269/2241 205/2268/2240 204/2270/2242
f 913/2269/2241 204/2270/2242 914/2271/2243
f 914/2271/2243 204/2270/2242 203/2272/2244
f 914/2271/2243 203/2272/2244 915/2273/2245
f 915/2273/2245 203/2272/2244 202/2274/2246
f 915/2273/2245 202/2274/2246 916/2275/2247
f 916/2275/2247 202/2274/2246 201/2276/2248
f 916/2275/2247 201/2276/2248 917/2277/2249
f 917/2277/2249 201/2276/2248 200/2278/2250
f 917/2277/2249 200/2278/2250 918/2279/2251
f 918/2279/2251 200/2278/2250 199/2280/2252
f 918/2279/2251 199/2280/2252 919/2281/2253
f 919/2281/2253 199/2280/2252 198/2282/2254
f 919/2281/2253 198/2282/2254 920/2283/2255
f 920/2283/2255 198/2282/2254 197/2284/2256
f 920/2285/2255 197/2286/2256 921/2287/2257
f 921/2287/2257 197/2286/2256 196/2288/2258
f 921/2287/2257 196/2288/2258 922/2289/2259
f 922/2289/2259 196/2288/2258 195/2290/2260
f 922/2289/2259 195/2290/2260 923/2291/2261
f 923/2291/2261 195/2290/2260 194/2292/2262
f 923/2291/2261 194/2292/2262 924/2293/2263
f 924/2293/2263 194/2292/2262 193/2294/2264
f 924/2293/2263 193/2294/2264 925/2295/2265
f 925/2295/2265 193/2294/2264 192/2296/2266
f 925/2295/2265 192/2296/2266 926/2297/2267
f 926/2297/2267 192/2296/2266 191/2298/2268
f 926/2297/2267 191/2298/2268 927/2299/2269
f 927/2299/2269 191/2298/2268 190/2300/2270
f 927/2299/2269 190/2300/2270 928/2301/2271
f 928/2301/2271 190/2300/2270 189/2302/2272
f 928/2301/2271 189/2302/2272 929/2303/2273
f 929/2303/2273 189/2302/2272 188/2304/2274
f 929/2303/2273 188/2304/2274 930/2305/2275
f 930/2305/2275 188/2304/2274 187/2306/2276
f 930/2305/2275 187/2306/2276 931/2307/2277
f 931/2307/2277 187/2306/2276 186/2308/2278
f 931/2307/2277 186/2308/2278 932/2309/2279
f 932/2309/2279 186/2308/2278 185/2310/2280
f 932/2309/2279 185/2310/2280 933/2311/2281
f 933/2311/2281 185/2310/2280 184/2312/2282
f 933/2311/2281 184/2312/2282 934/2313/2283
f 934/2313/2283 184/2312/2282 183/2314/2284
f 934/2313/2283 183/2314/2284 935/2315/2285
f 935/2315/2285 183/2314/2284 182/2316/2286
f 935/2315/2285 182/2316/2286 936/2317/2287
f 936/2317/2287 182/2316/2286 181/2318/2288
f 936/2317/2287 181/2318/2288 937/2319/2289
f 937/2319/2289 181/2318/2288 180/2320/2290
f 937/2319/2289 180/2320/2290 938/2321/2291
f 938/2321/2291 180/2320/2290 179/2322/2292
f 938/2321/2291 179/2322/2292 939/2323/2293
f 939/2323/2293 179/2322/2292 178/2324/2294
f 939/2323/2293 178/2324/2294 940/2325/2295
f 940/2325/2295 178/2324/2294 177/2326/2296
f 940/2325/2295 177/2326/2296 941/2327/2297
f 941/2327/2297 177/2326/2296 176/2328/2298
f 941/2327/2297 176/2328/2298 942/2329/2299
f 942/2329/2299 176/2328/2298 175/2330/2300
f 942/2329/2299 175/2330/2300 943/2331/2301
f 943/2331/2301 175/2330/2300 174/2332/2302
f 943/2331/2301 174/2332/2302 944/2333/2303
f 944/2333/2303 174/2332/2302 173/2334/2304
f 944/2333/2303 173/2334/2304 945/2335/2305
f 945/2335/2305 173/2334/2304 172/2336/2306
f 945/2335/2305 172/2336/2306 946/2337/2307
f 946/2337/2307 172/2336/2306 171/2338/2308
f 946/2337/2307 171/2338/2308 947/2339/2309
f 947/2339/2309 171/2338/2308 170/2340/2310
f 947/2339/2309 170/2340/2310 948/2341/2311
f 948/2341/2311 170/2340/2310 169/2342/2312
f 948/2341/2311 169/2342/2312 949/2343/2313
f 949/2343/2313 169/2342/2312 168/2344/2314
f 949/2343/2313 168/2344/2314 950/2345/2315
f 950/2345/2315 168/2344/2314 167/2346/2316
f 950/2345/2315 167/2346/2316 951/2347/2317
f 951/2347/2317 167/2346/2316 166/2348/2318
f 951/2347/2317 166/2348/2318 952/2349/2319
f 952/2349/2319 166/2348/2318 165/2350/2320
f 952/2349/2319 165/2350/2320 953/2351/2321
f 953/2351/2321 165/2350/2320 164/2352/2322
f 953/2353/2321 164/2354/2322 954/2355/2323
f 954/2355/2323 164/2354/2322 163/2356/2324
f 954/2355/2323 163/2356/2324 955/2357/2325
f 955/2357/2325 163/2356/2324 162/2358/2326
f 955/2357/2325 162/2358/2326 956/2359/2327
f 956/2359/2327 162/2358/2326 161/2360/2328
f 956/2359/2327 161/2360/2328 957/2361/2329
f 957/2361/2329 161/2360/2328 160/2362/2330
f 957/2361/2329 160/2362/2330 958/2363/2331
f 958/2363/2331 160/2362/2330 159/2364/2332
f 958/2363/2331 159/2364/2332 959/2365/2333
f 959/2365/2333 159/2364/2332 158/2366/2334
f 959/2365/2333 158/2366/2334 960/2367/2335
f 960/2367/2335 158/2366/2334 157/2368/2336
f 960/2367/2335 157/2368/2336 961/2369/2337
f 961/2369/2337 157/2368/2336 156/2370/2338
f 961/2369/2337 156/2370/2338 962/2371/2339
f 962/2371/2339 156/2370/2338 155/2372/2340
f 962/2371/2339 155/2372/2340 963/2373/2341
f 963/2373/2341 155/2372/2340 154/2374/2342
f 963/2373/2341 154/2374/2342 964/2375/2343
f 964/2375/2343 154/2374/2342 153/2376/2344
f 964/2375/2343 153/2376/2344 965/2377/2345
f 965/2377/2345 153/2376/2344 152/2378/2346
f 965/2377/2345 152/2378/2346 966/2379/2347
f 966/2379/2347 152/2378/2346 151/2380/2348
f 966/2379/2347 151/2380/2348 967/2381/2349
f 967/2381/2349 151/2380/2348 150/2382/2350
f 967/2381/2349 150/2382/2350 968/2383/2351
f 968/2383/2351 150/2382/2350 149/2384/2352
f 968/2383/2351 149/2384/2352 969/2385/2353
f 969/2385/2353 149/2384/2352 148/2386/2354
f 969/2385/2353 148/2386/2354 970/2387/2355
f 970/2387/2355 148/2386/2354 147/2388/2356
f 970/2387/2355 147/2388/2356 971/2389/2357
f 971/2389/2357 147/2388/2356 146/2390/2358
f 971/2389/2357 146/2390/2358 972/2391/2359
f 972/2391/2359 146/2390/2358 145/2392/2360
f 972/2391/2359 145/2392/2360 973/2393/2361
f 973/2393/2361 145/2392/2360 144/2394/2362
f 973/2393/2361 144/2394/2362 974/2395/2363
f 974/2395/2363 144/2394/2362 143/2396/2364
f 974/2395/2363 143/2396/2364 975/2397/2365
f 975/2397/2365 143/2396/2364 142/2398/2366
f 975/2397/2365 142/2398/2366 976/2399/2367
f 976/2399/2367 142/2398/2366 141/2400/2368
f 976/2399/2367 141/2400/2368 977/2401/2369
f 977/2401/2369 141/2400/2368 140/2402/2370
f 977/2401/2369 140/2402/2370 978/2403/2371
f 978/2403/2371 140/2402/2370 139/2404/2372
f 978/2403/2371 139/2404/2372 979/2405/2373
f 979/2405/2373 139/2404/2372 138/2406/2374
f 979/2405/2373 138/2406/2374 980/2407/2375
f 980/2407/2375 138/2406/2374 137/2408/2376
f 980/2407/2375 137/2408/2376 981/2409/2377
f 981/2409/2377 137/2408/2376 136/2410/2378
f 981/2409/2377 136/2410/2378 982/2411/2379
f 982/2411/2379 136/2410/2378 135/2412/2380
f 982/2411/2379 135/2412/2380 983/2413/2381
f 983/2413/2381 135/2412/2380 134/2414/2382
f 983/2413/2381 134/2414/2382 984/2415/2383
f 984/2415/2383 134/2414/2382 133/2416/2384
f 984/2415/2383 133/2416/2384 985/2417/2385
f 985/2417/2385 133/2416/2384 132/2418/2386
f 985/2419/2385 132/2420/2386 986/2421/2387
f 986/2421/2387 132/2420/2386 131/2422/2388
f 986/2421/2387 131/2422/2388 987/2423/2389
f 987/2423/2389 131/2422/2388 130/2424/2390
f 987/2423/2389 130/2424/2390 988/2425/2391
f 988/2425/2391 130/2424/2390 129/2426/2392
f 988/2425/2391 129/2426/2392 989/2427/2393
f 989/2427/2393 129/2426/2392 128/2428/2394
f 989/2427/2393 128/2428/2394 990/2429/2395
f 990/2429/2395 128/2428/2394 127/2430/2396
f 990/2429/2395 127/2430/2396 991/2431/2397
f 991/2431/2397 127/2430/2396 126/2432/2398
f 991/2431/2397 126/2432/2398 992/2433/2399
f 992/2433/2399 126/2432/2398 125/2434/2400
f 992/2433/2399 125/2434/2400 993/2435/2401
f 993/2435/2401 125/2434/2400 124/2436/2402
f 993/2435/2401 124/2436/2402 994/2437/2403
f 994/2437/2403 124/2436/2402 123/2438/2404
f 994/2437/2403 123/2438/2404 995/2439/2405
f 995/2439/2405 123/2438/2404 122/2440/2406
f 995/2439/2405 122/2440/2406 996/2441/2407
f 996/2441/2407 122/2440/2406 121/2442/2408
f 996/2441/2407 121/2442/2408 997/2443/2409
f 997/2443/2409 121/2442/2408 120/2444/2410
f 997/2443/2409 120/2444/2410 998/2445/2411
f 998/2445/2411 120/2444/2410 119/2446/2412
f 998/2445/2411 119/2446/2412 999/2447/2413
f 999/2447/2413 119/2446/2412 118/2448/2414
f 999/2447/2413 118/2448/2414 1000/2449/2415
f 1000/2449/2415 118/2448/2414 117/2450/2416
f 1000/2449/2415 117/2450/2416 1001/2451/2417
f 1001/2451/2417 117/2450/2416 116/2452/2418
f 1001/2451/2417 116/2452/2418 1002/2453/2419
f 1002/2453/2419 116/2452/2418 115/2454/2420
f 1002/2453/2419 115/2454/2420 1003/2455/2421
f 1003/2455/2421 115/2454/2420 114/2456/2422
f 1003/2455/2421 114/2456/2422 1004/2457/2423
f 1004/2457/2423 114/2456/2422 113/2458/2424
f 1004/2457/2423 113/2458/2424 1005/2459/2425
f 1005/2459/2425 113/2458/2424 112/2460/2426
f 1005/2459/2425 112/2460/2426 1006/2461/2427
f 1006/2461/2427 112/2460/2426 111/2462/2428
f 1006/2461/2427 111/2462/2428 1007/2463/2429
f 1007/2463/2429 111/2462/2428 110/2464/2430
f 1007/2463/2429 110/2464/2430 1008/2465/2431
f 1008/2465/2431 110/2464/2430 109/2466/2432
f 1008/2465/2431 109/2466/2432 1009/2467/2433
f 1009/2467/2433 109/2466/2432 108/2468/2434
f 1009/2467/2433 108/2468/2434 1010/2469/2435
f 1010/2469/2435 108/2468/2434 107/2470/2436
f 1010/2469/2435 107/2470/2436 1011/2471/2437
f 1011/2471/2437 107/2470/2436 106/2472/2438
f 1011/2471/2437 106/2472/2438 1012/2473/2439
f 1012/2473/2439 106/2472/2438 105/2474/2440
f 1012/2473/2439 105/2474/2440 1013/2475/2441
f 1013/2475/2441 105/2474/2440 104/2476/2442
f 1013/2475/2441 104/2476/2442 1014/2477/2443
f 1014/2477/2443 104/2476/2442 103/2478/2444
f 1014/2477/2443 103/2478/2444 1015/2479/2445
f 1015/2479/2445 103/2478/2444 102/2480/2446
f 1015/2479/2445 102/2480/2446 1016/2481/2447
f 1016/2481/2447 102/2480/2446 101/2482/2448
f 1016/2481/2447 101/2482/2448 1017/2483/2449
f 1017/2483/2449 101/2482/2448 100/2484/2450
f 1017/2483/2449 100/2484/2450 1018/2485/2451
f 1018/2485/2451 100/2484/2450 99/2486/2452
f 1018/2487/2451 99/2488/2452 1019/2489/2453
f 1019/2489/2453 99/2488/2452 98/2490/2454
f 1019/2489/2453 98/2490/2454 1020/2491/2455
f 1020/2491/2455 98/2490/2454 97/2492/2456
f 1020/2491/2455 97/2492/2456 1021/2493/2457
f 1021/2493/2457 97/2492/2456 96/2494/2458
f 1021/2493/2457 96/2494/2458 1022/2495/2459
f 1022/2495/2459 96/2494/2458 95/2496/2460
f 1022/2495/2459 95/2496/2460 1023/2497/2461
f 1023/2497/2461 95/2496/2460 94/2498/2462
f 1023/2497/2461 94/2498/2462 1024/2499/2463
f 1024/2499/2463 94/2498/2462 93/2500/2464
f 1024/2499/2463 93/2500/2464 1025/2501/2465
f 1025/2501/2465 93/2500/2464 92/2502/2466
f 1025/2501/2465 92/2502/2466 1026/2503/2467
f 1026/2503/2467 92/2502/2466 91/2504/2468
f 1026/2503/2467 91/2504/2468 1027/2505/2469
f 1027/2505/2469 91/2504/2468 90/2506/2470
f 1027/2505/2469 90/2506/2470 1028/2507/2471
f 1028/2507/2471 90/2506/2470 89/2508/2472
f 1028/2507/2471 89/2508/2472 1029/2509/2473
f 1029/2509/2473 89/2508/2472 88/2510/2474
f 1029/2509/2473 88/2510/2474 1030/2511/2475
f 1030/2511/2475 88/2510/2474 87/2512/2476
f 1030/2511/2475 87/2512/2476 1031/2513/2477
f 1031/2513/2477 87/2512/2476 86/2514/2478
f 1031/2513/2477 86/2514/2478 1032/2515/2479
f 1032/2515/2479 86/2514/2478 85/2516/2480
f 1032/2515/2479 85/2516/2480 1033/2517/2481
f 1033/2517/2481 85/2516/2480 84/2518/2482
f 1033/2517/2481 84/2518/2482 1034/2519/2483
f 1034/2519/2483 84/2518/2482 83/2520/2484
f 1034/2519/2483 83/2520/2484 1035/2521/2485
f 1035/2521/2485 83/2520/2484 82/2522/2486
f 1035/2521/2485 82/2522/2486 1036/2523/2487
f 1036/2523/2487 82/2522/2486 81/2524/2488
f 1036/2523/2487 81/2524/2488 1037/2525/2489
f 1037/2525/2489 81/2524/2488 80/2526/2490
f 1037/2525/2489 80/2526/2490 1038/2527/2491
f 1038/2527/2491 80/2526/2490 79/2528/2492
f 1038/2527/2491 79/2528/2492 1039/2529/2493
f 1039/2529/2493 79/2528/2492 78/2530/2494
f 1039/2529/2493 78/2530/2494 1040/2531/2495
f 1040/2531/2495 78/2530/2494 77/2532/2496
f 1040/2531/2495 77/2532/2496 1041/2533/2497
f 1041/2533/2497 77/2532/2496 76/2534/2498
f 1041/2533/2497 76/2534/2498 1042/2535/2499
f 1042/2535/2499 76/2534/2498 75/2536/2500
f 1042/2535/2499 75/2536/2500 1043/2537/2501
f 1043/2537/2501 75/2536/2500 74/2538/2502
f 1043/2537/2501 74/2538/2502 1044/2539/2503
f 1044/2539/2503 74/2538/2502 73/2540/2504
f 1044/2539/2503 73/2540/2504 1045/2541/2505
f 1045/2541/2505 73/2540/2504 72/2542/2506
f 1045/2541/2505 72/2542/2506 1046/2543/2507
f 1046/2543/2507 72/2542/2506 71/2544/2508
f 1046/2543/2507 71/2544/2508 1047/2545/2509
f 1047/2545/2509 71/2544/2508 70/2546/2510
f 1047/2545/2509 70/2546/2510 1048/2547/2511
f 1048/2547/2511 70/2546/2510 69/2548/2512
f 1048/2547/2511 69/2548/2512 1049/2549/2513
f 1049/2549/2513 69/2548/2512 68/2550/2514
f 1049/2549/2513 68/2550/2514 1050/2551/2515
f 1050/2551/2515 68/2550/2514 67/2552/2516
f 1050/2553/2515 67/2554/2516 1051/2555/2517
f 1051/2555/2517 67/2554/2516 66/2556/2518
f 1051/2555/2517 66/2556/2518 1052/2557/2519
f 1052/2557/2519 66/2556/2518 65/2558/2520
f 1052/2557/2519 65/2558/2520 1053/2559/2521
f 1053/2559/2521 65/2558/2520 64/2560/2522
f 1053/2559/2521 64/2560/2522 1054/2561/2523
f 1054/2561/2523 64/2560/2522 63/2562/2524
f 1054/2561/2523 63/2562/2524 1055/2563/2525
f 1055/2563/2525 63/2562/2524 62/2564/2526
f 1055/2563/2525 62/2564/2526 1056/2565/2527
f 1056/2565/2527 62/2564/2526 61/2566/2528
f 1056/2565/2527 61/2566/2528 1057/2567/2529
f 1057/2567/2529 61/2566/2528 60/2568/2530
f 1057/2567/2529 60/2568/2530 1058/2569/2531
f 1058/2569/2531 60/2568/2530 59/2570/2532
f 1058/2569/2531 59/2570/2532 1059/2571/2533
f 1059/2571/2533 59/2570/2532 58/2572/2534
f 1059/2571/2533 58/2572/2534 1060/2573/2535
f 1060/2573/2535 58/2572/2534 57/2574/2536
f 1060/2573/2535 57/2574/2536 1061/2575/2537
f 1061/2575/2537 57/2574/2536 56/2576/2538
f 1061/2575/2537 56/2576/2538 1062/2577/2539
f 1062/2577/2539 56/2576/2538 55/2578/2540
f 1062/2577/2539 55/2578/2540 1063/2579/2541
f 1063/2579/2541 55/2578/2540 54/2580/2542
f 1063/2579/2541 54/2580/2542 1064/2581/2543
f 1064/2581/2543 54/2580/2542 53/2582/2544
f 1064/2581/2543 53/2582/2544 1065/2583/2545
f 1065/2583/2545 53/2582/2544 52/2584/2546
f 1065/2583/2545 52/2584/2546 1066/2585/2547
f 1066/2585/2547 52/2584/2546 51/2586/2548
f 1066/2585/2547 51/2586/2548 1067/2587/2549
f 1067/2587/2549 51/2586/2548 50/2588/2550
f 1067/2587/2549 50/2588/2550 1068/2589/2551
f 1068/2589/2551 50/2588/2550 49/2590/2552
f 1068/2589/2551 49/2590/2552 1069/2591/2553
f 1069/2591/2553 49/2590/2552 48/2592/2554
f 1069/2591/2553 48/2592/2554 1070/2593/2555
f 1070/2593/2555 48/2592/2554 47/2594/2556
f 1070/2593/2555 47/2594/2556 1071/2595/2557
f 1071/2595/2557 47/2594/2556 46/2596/2558
f 1071/2595/2557 46/2596/2558 1072/2597/2559
f 1072/2597/2559 46/2596/2558 45/2598/2560
f 1072/2597/2559 45/2598/2560 1073/2599/2561
f 1073/2599/2561 45/2598/2560 44/2600/2562
f 1073/2599/2561 44/2600/2562 1074/2601/2563
f 1074/2601/2563 44/2600/2562 43/2602/2564
f 1074/2601/2563 43/2602/2564 1075/2603/2565
f 1075/2603/2565 43/2602/2564 42/2604/2566
f 1075/2603/2565 42/2604/2566 1076/2605/2567
f 1076/2605/2567 42/2604/2566 41/2606/2568
f 1076/2605/2567 41/2606/2568 1077/2607/2569
f 1077/2607/2569 41/2606/2568 40/2608/2570
f 1077/2607/2569 40/2608/2570 1078/2609/2571
f 1078/2609/2571 40/2608/2570 39/2610/2572
f 1078/2609/2571 39/2610/2572 1079/2611/2573
f 1079/2611/2573 39/2610/2572 38/2612/2574
f 1079/2611/2573 38/2612/2574 1080/2613/2575
f 1080/2613/2575 38/2612/2574 37/2614/2576
f 1080/2613/2575 37/2614/2576 1081/2615/2577
f 1081/2615/2577 37/2614/2576 36/2616/2578
f 1081/2615/2577 36/2616/2578 1082/2617/2579
f 1082/2617/2579 36/2616/2578 35/2618/2580
f 1082/2619/2579 35/2620/2580 1083/2621/2581
f 1083/2621/2581 35/2620/2580 34/2622/2582
f 1083/2621/2581 34/2622/2582 1084/2623/2583
f 1084/2623/2583 34/2622/2582 33/2624/2584
f 1084/2623/2583 33/2624/2584 1085/2625/2585
f 1085/2625/2585 33/2624/2584 32/2626/2586
f 1085/2625/2585 32/2626/2586 1086/2627/2587
f 1086/2627/2587 32/2626/2586 31/2628/2588
f 1086/2627/2587 31/2628/2588 1087/2629/2589
f 1087/2629/2589 31/2628/2588 30/2630/2590
f 1087/2629/2589 30/2630/2590 1088/2631/2591
f 1088/2631/2591 30/2630/2590 29/2632/2592
f 1088/2631/2591 29/2632/2592 1089/2633/2593
f 1089/2633/2593 29/2632/2592 28/2634/2594
f 1089/2633/2593 28/2634/2594 1090/2635/2595
f 1090/2635/2595 28/2634/2594 27/2636/2596
f 1090/2635/2595 27/2636/2596 1091/2637/2597
f 1091/2637/2597 27/2636/2596 26/2638/2598
f 1091/2637/2597 26/2638/2598 1092/2639/2599
f 1092/2639/2599 26/2638/2598 25/2640/2600
f 1092/2639/2599 25/2640/2600 1093/2641/2601
f 1093/2641/2601 25/2640/2600 24/2642/2602
f 1093/2641/2601 24/2642/2602 1094/2643/2603
f 1094/2643/2603 24/2642/2602 23/2644/2604
f 1094/2643/2603 23/2644/2604 1095/2645/2605
f 1095/2645/2605 23/2644/2604 22/2646/2606
f 1095/2645/2605 22/2646/2606 1096/2647/2607
f 1096/2647/2607 22/2646/2606 21/2648/2608
f 1096/2647/2607 21/2648/2608 1097/2649/2609
f 1097/2649/2609 21/2648/2608 20/2650/2610
f 1097/2649/2609 20/2650/2610 1098/2651/2611
f 1098/2651/2611 20/2650/2610 19/2652/2612
f 1098/2651/2611 19/2652/2612 1099/2653/2613
f 1099/2653/2613 19/2652/2612 18/2654/2614
f 1099/2653/2613 18/2654/2614 834/2655/2615
f 834/2655/2615 18/2654/2614 17/2656/2616
f 834/2655/2615 17/2656/2616 1351/2657/2617
f 1351/2657/2617 17/2656/2616 16/2658/2618
f 1351/2657/2617 16/2658/2618 1352/2659/2619
f 1352/2659/2619 16/2658/2618 15/2660/2620
f 1352/2659/2619 15/2660/2620 1353/2661/2621
f 1353/2661/2621 15/2660/2620 14/2662/2622
f 1353/2661/2621 14/2662/2622 1354/2663/2623
f 1354/2663/2623 14/2662/2622 13/2664/2624
f 1354/2663/2623 13/2664/2624 12/2665/2625
f 1360/2666/2626 552/2667/2627 1359/2668/2628
f 1359/2668/2628 552/2667/2627 551/2669/2629
f 1359/2668/2628 551/2669/2629 1384/2670/2630
f 1384/2670/2630 551/2669/2629 550/2671/2631
f 1384/2670/2630 550/2671/2631 1383/2672/2632
f 1383/2672/2632 550/2671/2631 549/2673/2633
f 1383/2672/2632 549/2673/2633 1382/2674/2634
f 1382/2674/2634 549/2673/2633 548/2675/2635
f 1382/2674/2634 548/2675/2635 1381/2676/2636
f 1381/2676/2636 548/2675/2635 547/2677/2637
f 1381/2676/2636 547/2677/2637 1380/2678/2638
f 1380/2678/2638 547/2677/2637 546/2679/2639
f 1380/2678/2638 546/2679/2639 1379/2680/2640
f 1379/2680/2640 546/2679/2639 545/2681/2641
f 1379/2680/2640 545/2681/2641 1378/2682/2642
f 1378/2682/2642 545/2681/2641 544/2683/2643
f 1378/2682/2642 544/2683/2643 1377/2684/2644
f 1377/2684/2644 544/2683/2643 543/2685/2645
f 1377/2684/2644 543/2685/2645 1376/2686/2646
f 1376/2686/2646 543/2685/2645 542/2687/2647
f 1376/2686/2646 542/2687/2647 1375/2688/2648
f 1375/2688/2648 542/2687/2647 541/2689/2649
f 1375/2688/2648 541/2689/2649 1374/2690/2650
f 1374/2690/2650 541/2689/2649 540/2691/2651
f 1374/2690/2650 540/2691/2651 1373/2692/2652
f 1373/2692/2652 540/2691/2651 539/2693/2653
f 1373/2692/2652 539/2693/2653 1372/2694/2654
f 1372/2695/2654 539/2696/2653 538/2697/2655
f 1372/2695/2654 538/2697/2655 1371/2698/2656
f 1371/2698/2656 538/2697/2655 537/2699/2657
f 1371/2698/2656 537/2699/2657 1370/2700/2658
f 1370/2700/2658 537/2699/2657 536/2701/2659
f 1370/2700/2658 536/2701/2659 1369/2702/2660
f 1369/2702/2660 536/2701/2659 535/2703/2661
f 1369/2702/2660 535/2703/2661 1368/2704/2662
f 1368/2704/2662 535/2703/2661 268/2705/2663
f 1368/2704/2662 268/2705/2663 1367/2706/2664
f 1367/2706/2664 268/2705/2663 1358/2707/2665
f 1367/2706/2664 1358/2707/2665 1366/2708/2666
f 1366/2708/2666 1358/2707/2665 1357/2709/2667
f 1366/2708/2666 1357/2709/2667 1365/2710/2668
f 1365/2710/2668 1357/2709/2667 1356/2711/2669
f 1365/2710/2668 1356/2711/2669 1355/2712/2670
f 552/2667/2627 1360/2666/2626 553/2713/2671
f 553/2713/2671 1360/2666/2626 1361/2714/2672
f 553/2713/2671 1361/2714/2672 554/2715/2673
f 554/2715/2673 1361/2714/2672 1362/2716/2674
f 554/2715/2673 1362/2716/2674 555/2717/2675
f 555/2717/2675 1362/2716/2674 1363/2718/2676
f 555/2717/2675 1363/2718/2676 556/2719/2677
f 556/2719/2677 1363/2718/2676 1364/2720/2678
f 556/2719/2677 1364/2720/2678 1355/2712/2670
f 1355/2712/2670 1364/2720/2678 1365/2710/2668
f 1384/2721/2679 1373/2722/2680 1359/2723/2681
f 1359/2723/2681 1373/2722/2680 1372/2724/2682
f 1359/2723/2681 1372/2724/2682 1360/2725/2683
f 1360/2725/2683 1372/2724/2682 1371/2726/2684
f 1360/2725/2683 1371/2726/2684 1361/2727/2685
f 1361/2727/2685 1371/2726/2684 1370/2728/2686
f 1361/2727/2685 1370/2728/2686 1362/2729/2687
f 1362/2729/2687 1370/2728/2686 1369/2730/2688
f 1362/2729/2687 1369/2730/2688 1363/2731/2689
f 1363/2731/2689 1369/2730/2688 1368/2732/2690
f 1363/2731/2689 1368/2732/2690 1364/2733/2691
f 1364/2733/2691 1368/2732/2690 1367/2734/2692
f 1364/2733/2691 1367/2734/2692 1365/2735/2693
f 1365/2735/2693 1367/2734/2692 1366/2736/2694
f 1373/2722/2680 1384/2721/2679 1374/2737/2695
f 1374/2737/2695 1384/2721/2679 1383/2738/2696
f 1374/2737/2695 1383/2738/2696 1375/2739/2697
f 1375/2739/2697 1383/2738/2696 1382/2740/2698
f 1375/2739/2697 1382/2740/2698 1376/2741/2699
f 1376/2741/2699 1382/2740/2698 1381/2742/2700
f 1376/2741/2699 1381/2742/2700 1377/2743/2701
f 1377/2743/2701 1381/2742/2700 1380/2744/2702
f 1377/2743/2701 1380/2744/2702 1378/2745/2703
f 1378/2745/2703 1380/2744/2702 1379/2746/2704
# 1384 vertices
# 2746 texture params
# 2704 normals
# 2764 facets

# 1 groups
